name,Total_Orders,Revenue,Avg_Order_Value,Avg_Rating
Domino's Pizza,62,48110,1558.0757575757575,2.8924242424242426
Cafe Coffee Day,51,21819,1534.6545454545455,2.929090909090909
KFC,44,25153,1384.4262295081967,3.0508196721311474
Subway,34,18058,1243.5,3.0782608695652174
Keventers,29,25903,1723.125,2.9375
McDonald's,27,22813,1625.4285714285713,3.4028571428571426
Baskin Robbins,27,14179,1547.258064516129,3.1258064516129034
Burger King,23,28822,1569.2432432432433,2.835135135135135
Pizza Hut,21,12274,1579.655172413793,3.382758620689655
The Chocolate Room,18,18102,1537.2083333333333,3.0416666666666665
Lassi Shop,16,10810,1487.2083333333333,3.529166666666667
WOW! Momo,14,9390,1372.7333333333333,3.2866666666666666
ibaco,14,16928,1629.3076923076924,3.1692307692307695
Barbeque Nation,14,15539,1731.0,2.96
Natural Ice Cream,14,8145,1734.9375,3.26875
Frozen Bottle,14,14505,1764.25,3.3199999999999994
Monginis,13,1576,1661.3125,3.1625
The London Shakes,13,4259,1615.142857142857,2.992857142857143
Drunken Monkey,13,1962,1346.8461538461538,3.0384615384615383
Kanti Sweets,12,5850,1490.75,3.1999999999999997
Giani's,12,11711,1648.2142857142858,3.1357142857142857
Cream Stone,12,7333,1252.9333333333334,2.8
Behrouz Biryani,11,10216,1770.3846153846155,2.646153846153846
The Belgian Waffle Co.,11,5981,1107.6363636363637,2.872727272727273
Mad Over Donuts,10,14819,1654.8333333333333,2.408333333333333
Green Chick Chop,10,6279,1517.0,3.1599999999999997
Starbucks Coffee,9,18603,2226.0,3.4200000000000004
Mainland China,9,9570,1523.7058823529412,2.7411764705882353
Chicago Pizza,9,7032,1351.3333333333333,2.488888888888889
Tea Villa Cafe,9,7857,1751.2307692307693,3.5153846153846158
Goli Vada Pav No. 1,8,2764,1669.5,2.725
The French Loaf,8,1643,1429.4545454545455,3.472727272727273
Loft,8,4308,1974.9333333333334,2.6599999999999997
Paradise,8,3070,1226.4666666666667,3.566666666666667
US Pizza,8,5924,1541.1,3.15
Sri Krishna Sweets,8,10131,1581.0,2.3000000000000003
Polar Bear,7,6112,1790.142857142857,3.057142857142857
Sanchi Parlour,7,6013,1541.7142857142858,2.3714285714285714
Sagar Ratna,7,6037,1355.6666666666667,3.011111111111111
Barista,7,6175,1188.857142857143,2.542857142857143
Moti Mahal Delux,7,4439,1438.2857142857142,3.5
Dessi Cuppa,7,6524,1424.0,3.436363636363636
Tea Junction,7,5079,1671.2857142857142,3.3285714285714287
Hira Sweets,7,4297,2068.818181818182,3.627272727272727
The ThickShake Factory,7,3129,1097.125,2.425
A2B - Adyar Ananda Bhavan,7,7797,2149.75,2.5
Havmor,7,3837,1696.5714285714287,3.2285714285714286
Burgrill,7,2054,1427.7142857142858,3.414285714285714
Berco's,7,3900,1857.4285714285713,3.1142857142857143
Vadilal,6,1082,2017.3333333333333,1.9333333333333333
Wat-a-Burger!,6,10668,1889.0,2.6750000000000003
7th Heaven,6,2689,1133.2857142857142,2.942857142857143
Dilli BC,6,0,1265.6666666666667,2.15
Dunkin' Donuts,6,1928,1490.0,2.766666666666667
Taco Bell,6,5529,1850.75,2.5875
Dairy Don,6,3677,1119.75,2.9
Little Italy,6,2793,1298.0,2.9
La Pino'z Pizza,6,2677,1471.6666666666667,2.85
House Of Candy,6,4449,1342.6666666666667,2.25
Candy and Green,5,23360,1519.6,2.02
Haldiram's,5,5229,1866.0,2.66
Goli Vada Pav,5,7722,1851.857142857143,2.857142857142857
Giani Ice Cream,5,887,1784.6,3.2
Slice of Italy,5,6283,1478.0,2.56
The Yellow Chilli,5,4124,1470.3333333333333,2.933333333333333
Kailash Parbat,5,0,1628.1666666666667,3.266666666666667
Biryani Blues,5,1524,1492.2,3.5
The J,5,6404,1539.0,2.8
Leon Grill,5,5954,1653.5555555555557,3.922222222222222
Bombay Kulfi,5,1760,1282.3333333333333,2.9333333333333336
Indian Coffee House,5,2008,1717.3333333333333,2.883333333333333
Flurys,5,0,1853.1666666666667,3.6833333333333336
Tunday Kababi,5,0,2178.4444444444443,3.1666666666666665
Punjabi Dhaba,5,2547,2263.5,2.9333333333333336
Cream & Fudge,5,3618,1431.3333333333333,2.0833333333333335
Roll Express,5,5072,1902.875,2.9000000000000004
Dangee Dums,5,995,933.0,3.2199999999999998
Mast Banarasi Paan,5,3542,1402.142857142857,2.5285714285714285
Tea Post,5,5347,1465.5,3.0666666666666664
Chai Point,5,3642,1941.4,2.06
Charcoal Eats Express,5,982,1845.0,4.1
GoGourmet,4,2035,1601.75,3.4749999999999996
Green Crush,4,3132,1541.75,3.0
The Red Box,4,3108,925.0,3.925
Hungry Point,4,10074,2036.5714285714287,2.6571428571428575
Indira Canteen,4,0,1383.0,2.025
Just Bake,4,2119,1779.75,4.2
Kwality Walls,4,0,1030.75,2.2
Bikanervala,4,3179,729.6666666666666,2.9333333333333336
Hotel Saravana Bhavan,4,2162,1335.0,2.314285714285714
Havmor Ice Cream,4,5285,2266.75,2.45
Andhra Mess,4,5083,1430.25,2.475
eat.fit,4,3876,907.4285714285714,3.242857142857143
Wahid Biryani,4,4018,1571.142857142857,2.7714285714285714
Chicking,4,1471,1379.5,2.725
The London Shakes & Cafe,4,0,1275.0,2.55
Icekraft,4,9843,1813.8333333333333,1.8499999999999999
La Chocolate,4,2058,1537.6666666666667,1.3666666666666665
The Dhaba,4,0,1975.4285714285713,3.8428571428571425
Ek Cutting,4,0,2082.75,3.175
Cafe Creme,4,2421,2321.8,4.159999999999999
Krispy Kreme,4,1658,1416.25,2.825
The Coffee Bean & Tea Leaf,4,477,1126.25,1.9
Smokin' Joe's,4,4386,1406.4285714285713,3.0714285714285716
Calcutta Sweets,4,1514,1884.0,2.8
Love & Cheesecake,4,0,1272.75,3.025
Mamagoto,4,5890,1542.75,3.55
The Beer Cafe,4,2861,2060.75,2.725
Al-Beik,4,0,1124.0,3.94
Mithaas,4,2922,1371.1666666666667,2.466666666666667
TOP N TOWN,4,0,1716.75,2.775
Sweet Bengal,4,1897,1492.0,3.5
Padharo Sa,4,558,1396.0,2.783333333333333
RR's Joint,4,0,2261.1666666666665,2.966666666666667
American Grill,4,1361,986.0,2.8499999999999996
Naturals Ice Cream,4,477,1528.75,3.85
Onesta,4,4506,2010.0,2.242857142857143
Oh So Stoned!,4,5857,2512.5,3.0
Naivedyam,4,272,1431.3333333333333,2.9499999999999997
Banaaras,4,1306,744.5,3.05
Mocha,4,3370,1962.125,2.7875
Fresco,4,0,1546.5,3.3499999999999996
Faasos,4,725,1984.0,2.6
Bawarchi,4,2556,1095.4,3.62
London Bubble Co.,4,2189,1917.4,2.4
Marky Momos,4,4474,2167.6,3.12
Dinshaw's,4,356,1226.2,3.02
China Town,4,4284,1835.3333333333333,3.466666666666667
Sangeetha Veg Restaurant,4,0,1621.6666666666667,3.8666666666666667
Vadilal - Hangout,4,5505,1750.25,2.55
Dana Pani Restaurant,4,2270,850.0,2.825
Rolls Mania,4,2081,1002.2,1.8
Dawat Restaurant,4,3723,1577.75,3.775
Pooja Veg Bhojanalay,4,8252,2095.75,2.475
Rasavid,4,8839,1607.0,3.2285714285714286
Avartana - ITC Grand Chola,4,0,1939.5,2.25
BTW,4,1978,1025.5,2.3
Theobroma,4,1528,802.2857142857143,3.0714285714285716
Shree Mithai,4,9118,1672.0,3.175
Burger Point,4,2804,1633.8333333333333,3.1166666666666667
Haribhavanam,3,2907,866.6,2.54
Gupta Brothers Sweets,3,0,2186.6666666666665,3.8666666666666667
Gwalia Sweets,3,2499,1484.6666666666667,3.6333333333333333
Gangaur Pizza Point,3,5078,1961.0,3.766666666666667
HUT - K,3,1196,1581.3333333333333,3.0666666666666664
The Treat,3,1175,1708.0,3.2999999999999994
Hashtag Foods,3,0,2252.3333333333335,3.3000000000000003
Anand Bhavan,3,3457,1540.0,2.3000000000000003
Shiva Fast Food,3,0,1839.6666666666667,3.766666666666667
Shri Mangalam Dhabha,3,1823,1128.6666666666667,4.133333333333333
Chaurasia Pan Plaza,3,0,2227.0,1.7666666666666666
Chawla's,3,12492,2082.0,2.1666666666666665
Butter Chicken Factory,3,0,1083.5,2.3499999999999996
Shakti - The Sandwich Shop,3,2113,2117.3333333333335,3.1999999999999997
Shan-Shaukat,3,2744,1358.6666666666667,3.233333333333333
Anns,3,2125,2412.0,1.6333333333333335
Anand Sweets and Savouries,3,1651,919.3333333333334,3.1999999999999997
Anand Restaurant,3,6018,1691.0,2.8
Citrus Cafe - Lemon Tree Hotel,3,0,2383.0,3.0
Coffee Culture,3,0,1348.0,2.3
Grab N Go,3,2247,1002.3333333333334,3.266666666666667
Thikana,3,1206,1008.0,3.1666666666666665
Toral Food Zone,3,0,1409.0,3.4333333333333336
Shake Square,3,1177,1500.6666666666667,2.733333333333333
Chowdhry Sweet House,3,0,957.0,2.2333333333333334
Chime - Sheraton Grand Bengaluru Whitefield Hotel & Convention Centre,3,325,1423.3333333333333,2.4333333333333336
Chili's American Grill & Bar,3,0,1109.0,2.4499999999999997
Cakes & Bakes,3,694,1645.0,2.033333333333333
Woodlands Restaurant,3,0,2411.0,3.8333333333333335
AR Vellore Biryani,3,2260,753.3333333333334,2.6666666666666665
The Coffee Shop,3,2121,1432.0,2.733333333333333
The French Connection Cake Shop,3,13304,2217.3333333333335,3.0
Leelavathi Deluxe Mess,3,2739,1244.0,4.133333333333334
Bharkadevi Ice Cream,3,651,1497.3333333333333,1.6666666666666667
La Pinoz Pizza,3,7176,1596.4,3.04
Lassi House,3,896,1763.6666666666667,3.6333333333333333
Bharawan Da Dhaba,3,3222,1485.0,3.525
Kwality Wall's Swirl's,3,1523,1919.3333333333333,3.033333333333333
Khana Khazana,3,0,1327.0,3.1
Afters Bake House,3,844,932.3333333333334,3.133333333333333
The Irish House,3,3851,1283.6666666666667,3.8333333333333335
Agarwal Dairy And Sweet,3,1621,1403.6666666666667,4.066666666666666
Agent Jack's Bar,3,1877,813.6666666666666,2.6666666666666665
Krishna Restaurant,3,0,1606.6666666666667,3.6999999999999997
Kulfi House,3,4534,2397.2,2.56
Kareem's Chinese,3,1716,953.0,2.733333333333333
Kef Lounge,3,17824,1727.6666666666667,3.3000000000000003
Kesharwani Misthaan Bhandar,3,1162,1513.3333333333333,3.0666666666666664
Khanabadosh,3,0,922.6666666666666,4.1000000000000005
Jughead's,3,4269,2201.0,2.733333333333333
Bittu Juice Corner,3,0,874.6666666666666,1.8333333333333333
Blind Ch3mistry,3,0,1212.75,2.55
Jassi De Parathe,3,5334,1650.2,3.0
Juice Forest,3,5408,1797.6666666666667,1.7666666666666666
Just Baked,3,2804,2202.3333333333335,3.3000000000000003
KFC Zaika,3,0,1858.0,2.566666666666667
Biryani House,3,5936,2175.0,2.55
The Noodle Story,3,0,1112.3333333333333,3.9
The Penalty Box,3,5928,1800.3333333333333,2.8666666666666667
KS Bakers,3,2150,1266.3333333333333,3.1
Kabhi B,3,2463,1391.0,3.0
Honest,3,4568,2064.6666666666665,2.733333333333333
Brij Sweets,3,0,2000.6666666666667,4.133333333333334
Hotel Sai Food Court Family Restaurant,3,1818,479.6666666666667,2.3000000000000003
Boomerang,3,277,437.0,2.9333333333333336
Joker's Kitchen,3,9728,1621.3333333333333,2.033333333333333
The Shake Maker,3,3732,1979.3333333333333,2.4
The Shake's Adda,3,398,966.6666666666666,3.4333333333333336
Ice Cream Factory & Shahi Durbar,3,6247,1249.4,2.94
Wraps & Rolls,3,0,745.75,3.875
Mahesh Lunch Home,3,2654,1872.0,4.333333333333333
Delhi Darbar,3,0,2236.6666666666665,3.9333333333333336
Food Lover,3,0,1758.3333333333333,2.2333333333333334
Tharayil Kitchen,3,5964,1873.3333333333333,3.4
Mad Over Chicken,3,2154,919.8,3.0799999999999996
Dhaba Cafe,3,0,1042.25,3.05
99 Pancakes,3,0,1946.6666666666667,3.1333333333333333
Marrakesh,3,0,2176.6666666666665,2.2333333333333334
Eden,3,3118,1895.6666666666667,4.1000000000000005
Drink n Dream,3,5003,2269.3333333333335,2.966666666666667
Drinx Exchange,3,2612,2012.0,1.9666666666666668
Dinshaw's Exclusive Ice Cream Parlour,3,0,1240.3333333333333,3.233333333333333
Desi Tadka,3,1479,1273.4,3.8199999999999994
Alam Grilled Wraps,3,5749,1572.75,2.325
Best Bakery,3,0,1724.6666666666667,2.533333333333333
The Burger Street,3,4128,2059.6666666666665,3.1999999999999997
The Burger Junction,3,0,1462.6,2.58
Frontier,3,2960,2740.3333333333335,2.2666666666666666
Food Adda,3,1034,1085.3333333333333,2.8666666666666667
Food Factory,3,716,1628.6666666666667,3.1
Fat Lulu's Cafe & Bar,3,2239,1436.3333333333333,2.6999999999999997
Falahaar,3,6185,2017.25,3.925
Trishna,3,280,543.6666666666666,2.0
New Freeze Land,3,3660,1828.0,2.8666666666666667
New Shanthi Sagar,3,0,1821.3333333333333,2.9333333333333336
Tandoor,3,2864,1640.0,4.05
Taste Drive,3,328,840.6666666666666,3.1333333333333333
Tea Trails,3,602,525.6,2.32
Moti Mahal Deluxe,3,5254,1643.8,1.6
Mr & Mrs Idly,3,373,1786.0,2.9333333333333336
My Choice,3,0,1544.0,3.233333333333333
Taste Of Street,3,5040,1257.0,4.3999999999999995
The Bar Stock Exchange,3,3683,1687.0,3.6999999999999997
Melange - Radisson Blu,3,0,1722.6666666666667,4.466666666666666
Melting Moments,3,297,1455.6666666666667,3.1
Mira Republic,3,0,1731.6666666666667,2.566666666666667
Milan Kachori Bhandar,3,887,543.0,3.5
Mom's Kitchen,3,562,685.3333333333334,2.266666666666667
Amantran,3,1897,1803.0,3.4499999999999997
Tease Bar,3,1610,965.0,2.733333333333333
Tewari Bros. Mithaiwala,3,4342,927.0,2.9333333333333336
Tempteys,3,1850,889.6,3.1
Ambrosia,3,0,2140.6666666666665,2.8333333333333335
Suzette Creperie & Cafe,3,416,689.0,2.6999999999999997
Rahat Darbar,3,1133,1997.0,3.033333333333333
Raj Restaurant,3,1666,2039.0,3.0
Petoo,3,613,1772.3333333333333,3.3333333333333335
Potpourri,3,4802,1408.5,2.225
Pizza Galleria,3,4342,2514.0,4.033333333333333
Baba Dhaba,3,828,660.0,3.8333333333333335
Baba Chicken,3,4504,1739.75,1.9249999999999998
Street Kitchen,3,948,2194.5,3.0999999999999996
Oye Punjabi,3,1201,2127.0,3.1666666666666665
Oye Pappe,3,283,980.3333333333334,2.4333333333333336
Bageecha,3,2465,1983.0,3.5666666666666664
Creamist,3,1497,582.0,3.6666666666666665
Coffee Cup,3,914,799.0,4.0
Riddhi Siddhi,3,0,1641.6666666666667,2.4
Republic of Chicken,3,824,1198.6666666666667,2.566666666666667
Red Chilli Restaurant,3,0,1111.25,3.3
Republic Of Chicken,3,1179,1208.6666666666667,2.8666666666666667
Rasikas Restaurant,3,1500,906.6666666666666,2.966666666666667
Ramesh Masala Dosa,3,0,1829.0,2.6666666666666665
Punjabi Tadka,3,0,1061.3333333333333,2.6
Danaram Bakers and Fast food,3,0,1486.6666666666667,2.1333333333333333
Crunch Pizzas,3,1188,1823.3333333333333,2.3666666666666667
Dawat,3,0,2317.0,3.1
Riyas Mahal,3,0,1554.6666666666667,3.5
Cafe Zero,3,10752,1514.6666666666667,1.4000000000000001
Vilakkuthoon Hanifa Jigarthanda,3,2174,724.6666666666666,1.7666666666666668
Crossroads,3,2752,2473.3333333333335,3.3333333333333335
Royal recepies,3,1119,1357.3333333333333,3.233333333333333
Royal Sandwich Shop,3,5618,1840.3333333333333,3.266666666666667
Rooh Burger Cafe,3,2985,2430.25,3.575
Society Bar & Restaurant,3,0,2072.0,2.6666666666666665
Sri Bavani Tiffen center,3,4420,1586.6666666666667,3.3000000000000003
Sai Panchavati Pav Bhaji and Pulav Center,3,6076,1493.6666666666667,1.8666666666666665
Spice Restaurant By Hotel Malisca,3,0,2448.0,3.966666666666667
Sodhani Sweets Pvt. Ltd.,3,0,1730.6666666666667,3.733333333333333
Saravana Bhavan,3,0,394.0,3.7
Sam's Pizza,3,1432,1046.0,3.1
Wat-a-Biryani,3,3814,1500.25,2.9
Chhaswala,3,2557,1047.0,2.025
Chacha Hotel,3,2317,1337.6666666666667,3.0
Chai Kaapi,3,958,1494.8,2.2399999999999998
Chai Peeni Hai,3,0,1746.0,3.6333333333333333
Z Bakers,3,0,1849.75,3.9
Chick N Chilly,2,0,318.5,2.6999999999999997
Cakeddiction,2,0,2406.5,3.3000000000000003
Cakes N More,2,0,656.5,2.95
72s,2,3368,1603.3333333333333,2.8000000000000003
WAFL Cafe,2,0,1358.5,2.0
WAFL Café,2,758,1623.0,2.45
WFO's Pizza,2,1481,1877.5,1.7999999999999998
Waari Book Cafe,2,0,1369.0,4.25
Waffle House,2,0,1348.0,2.9
Waffle Junction,2,2957,2949.5,1.5
Wafflesome,2,1602,2005.5,4.0
Yaa Mohaideen Briyani,2,3276,1246.0,3.7
test Joshipura,2,2827,2647.0,2.55
Central Perk,2,0,1868.5,3.05
Capital Social,2,0,578.5,2.85
Chicken Haat,2,1040,1553.0,1.65
Signature Family Resto & Bar,2,1893,1684.5,3.35
Siliguri Club,2,1078,842.0,3.6999999999999997
Silver Spoon,2,0,2357.6666666666665,2.9
Simple Lounge & Family Restaurant,2,0,1789.0,3.2
Sindh Kitchen,2,0,2064.0,3.55
Sista's Kitchen,2,2724,2222.5,2.8499999999999996
Sizzling China,2,2701,2053.5,3.25
Andhra Mirchi,2,0,1880.5,3.45
Andhra Ruchulu,2,2047,914.3333333333334,3.1333333333333333
Angeethi,2,0,1291.5,2.5
Angeethi Restaurant,2,3890,1672.5,2.8
Canvas Laugh Club,2,970,1189.0,2.9
Charley's Cafe,2,892,1461.0,1.85
Chaurasia Brothers,2,0,1963.5,2.6
Cheesiaano Pizza,2,2844,2414.0,4.05
Chennai Kulfi,2,927,457.0,4.633333333333334
Shree Anandhaas Sweets & Snacks,2,2341,1170.5,4.25
Shree Balaji Bhojnalaya,2,4314,2104.0,2.4333333333333336
Shree Gajanan Canteen,2,0,1810.5,2.3
Shree Krishna Restaurant,2,1640,820.0,3.25
Shree Lekhana Dosa Camp,2,1320,1186.0,2.75
Shree Rajbhog,2,3554,1652.0,3.8
Shree Shyam Lassi Wala,2,2345,1314.5,2.25
Shree Tadka Veg Restaurant,2,2609,2786.5,2.75
Shreeji Dhosa & Fast Food,2,0,1911.5,2.45
Shri Godhuli Dabeli Centre,2,1070,683.0,2.35
Shri Ram Namkeen & Sweets,2,1287,1134.0,2.95
Anjali Sweet,2,664,1817.5,1.65
Anjappar Chettinad Restaurant,2,682,1016.5,2.55
Shri Sunil Sweets,2,0,2402.0,3.5999999999999996
Shyama Sweets,2,0,917.0,3.7
Sibang Bakery,2,0,295.0,1.75
Sharma Namkeen Mithaiyan,2,1017,1653.5,1.75
Sharma Sweets,2,2269,2603.5,3.35
Sharma Tea,2,2750,1655.5,1.75
Sheetal Hotel And Restaurant,2,0,1790.0,3.9
Shena Sizzlear,2,2541,2576.0,3.2
Sher-E-Punjab,2,1302,1517.5,3.8499999999999996
Shere Punjab Restaurant,2,0,2028.6666666666667,1.4666666666666668
Shimla Juice Center,2,0,1815.0,3.65
Shiraz Multicuisine Restaurant,2,0,2671.5,3.4000000000000004
Shiv Sagar,2,3733,1866.5,4.1
Shivhare Gajak Sweets Namkeen Bhandar,2,2595,1297.5,1.7999999999999998
Annapurna Bhojanalya,2,1398,622.0,1.7666666666666666
Annapurna Mess,2,2036,1599.0,3.15
Annkoot- Family Veg Restaurant,2,4706,2259.0,3.0999999999999996
Shobi's Chicken Biryani Center,2,0,1806.5,2.55
Shree Anandhaas,2,0,1560.0,3.733333333333333
Shankar Samosa,2,0,1455.0,2.4
Shankar's Chaat,2,0,1373.0,3.3
Anu Mess,2,2504,1252.0,2.25
Anurag Bhojanalya,2,0,1193.0,2.05
Slice of Lime,2,1340,1056.5,4.800000000000001
Slounge,2,0,1394.5,2.65
Slounge - Lemon Tree Hotel,2,1009,1753.0,3.3666666666666667
Slounge - Lemon Tree Premier,2,838,1734.5,4.45
Smoke Shack - ​Radisson Kolkata,2,4941,2470.5,3.05
Smoky Sports Lounge,2,2491,1245.5,1.95
Smoor,2,1754,2264.6666666666665,2.1333333333333333
Snack Time,2,1092,1737.0,2.9
Anaicha's Food Joint,2,0,1377.5,2.35
Anand Juice,2,1679,1363.0,3.0
Snowfield Pav Bhaji,2,1664,1248.5,1.75
Sharma Ji Ki Hotel,2,1723,1951.5,4.2
Saurabh Restaurant,2,8008,1516.5,1.55
Seagull - Taj Fisherman's Cove Resort & Spa,2,0,2121.0,2.35
Second House Restaurant,2,0,2709.5,3.05
Sengupta's,2,0,954.5,2.75
Senso - The Imperial Palace,2,0,1279.5,2.4000000000000004
Sentosa Highway,2,0,1082.0,4.1
Apna Bhojnalaya,2,0,1694.5,2.45
Apsara Ice Creams,2,0,1356.0,2.4000000000000004
Apsara Restaurant,2,0,1515.0,4.35
Shaan E Awadh,2,0,2340.5,2.4
Shabana's Bakery & Cafe,2,2977,2528.0,2.1
Shahenaz,2,0,876.5,2.85
Shahi Darbar,2,5720,2323.0,4.3
Shakers,2,6468,1617.0,2.8
Shalimar,2,696,504.5,3.45
Shankar Bakery,2,0,1917.0,2.55
Samocha- Stories Around Chai,2,0,1436.5,4.3
Sandwichwala And Juice,2,565,1346.5,2.1500000000000004
Sanjari Restaurant,2,2090,1544.5,3.85
Sanjay Vadapav Stall,2,0,1217.5,2.7
Sanjha Chulah,2,1056,1427.5,2.0999999999999996
Sanjha Chulha,2,0,1460.0,2.7
Sanjivani Cakes & Confectionery,2,1850,1134.5,1.15
Sankalp,2,0,1817.5,2.6
Sankranti,2,0,1448.0,2.0
Aqua - The Park,2,658,344.6666666666667,3.133333333333333
Sarang Bandhu,2,1497,748.5,2.8
Saras Parlour,2,4214,2107.0,1.7
Sardar Dhaba,2,1524,1865.5,3.55
Sardar-Ji-Bakhsh Coffee & Co.,2,2609,1449.5,4.35
Sarvanand Juice & Shakes,2,329,1042.0,3.8000000000000003
Sarvodaya Ice Creams,2,0,2207.0,2.45
Sadanand,2,335,1300.5,3.25
Sadda Adda -The Express Food,2,0,2262.0,2.75
Sagar Amritsari Kulche Chhole,2,2590,2123.0,2.9000000000000004
Sagar Gaire Fast Food,2,0,1959.5,3.6500000000000004
Sagar Restaurant,2,0,2048.5,3.6500000000000004
Sagar Sweets,2,0,1483.0,1.3
Sahani Restaurant,2,400,1236.5,2.6
Sai Manohar,2,0,1141.0,3.35
Sai Prasad,2,1138,708.0,2.2333333333333334
Sai Puri Wale,2,2921,2449.5,3.4000000000000004
Saify Hotel,2,0,846.0,4.75
Salem RR Biriyani,2,2844,1914.5,4.0
Salem Settu Kadai,2,0,1058.0,3.2
Saluja Quality Corner,2,1934,1316.5,2.9
Sambookas,2,3904,1952.0,3.85
Sammy Sosa,2,2502,2732.0,4.233333333333333
SOI - The Asian Street Kitchen,2,2777,1488.0,3.0
SORA - Hotel Clarks Amer,2,2611,1405.5,2.05
So Bar Away,2,3372,2043.5,3.8
Sobo Belly,2,1384,1969.0,1.9
Southern Spice,2,0,853.0,2.8499999999999996
Spice Culture,2,0,2033.0,2.55
Spice N Cream,2,853,1835.5,2.6500000000000004
Square 36,2,0,1537.5,3.05
Sree Bajrang Sweets,2,0,500.0,4.1
Sree Subbu Mess,2,1687,2050.5,2.9
Sri Anjaneya Restaurant,2,0,2034.6666666666667,2.9
Sri Bombay Badam Milk And Lassy Centre,2,1290,1730.0,2.7
Sri Krishna Bhel Puri House,2,0,1161.5,2.95
Amritsari Chole Bhature,2,3304,1859.3333333333333,3.6333333333333333
SRM Chettinad Hotel,2,2518,629.5,3.4499999999999997
Sachin Ka Dhabba,2,0,1360.5,2.25
Refuel 365,2,2136,1685.0,2.75
Regal Restaurant,2,0,1863.5,1.95
Relax Goti Sosa,2,2722,1000.0,2.5999999999999996
Retreat,2,0,1987.3333333333333,3.9000000000000004
Rising Bowl,2,0,248.5,4.5
Roll House,2,1796,1517.5,1.5
Roomali Garh,2,0,2301.0,2.85
Rose Cafe,2,1504,1800.0,1.7
Rosewater,2,582,789.0,4.5
Royal Dhodha Sweets,2,756,1425.0,4.4
Royal Dish Food Corner,2,0,2197.0,1.4
Royal Firdous,2,1915,1085.0,2.55
Royal Spice,2,4691,2345.5,1.4
Ruchi Tiffin Center,2,487,1383.5,1.9
Rumours Restaurant And Lounge,2,0,2452.0,3.25
SFC Plus,2,0,1615.5,3.8499999999999996
Rajasthan Sweets & Restaurant,2,2259,1917.0,4.15
Rajesh Sweets,2,0,1503.5,1.7000000000000002
Rajwadi,2,4998,1598.0,2.15
Ram Babu Parathe Wale,2,3814,1902.0,2.45
Ram Prasad Chat Wala,2,2578,1822.0,3.7
Ramesh Kulfi,2,5123,2561.5,4.9
Rangla Punjab The Dhaba,2,0,1548.5,2.05
Rasam - Hotel Vijayshree Deluxe,2,2533,2588.5,4.7
Rasna Sweets,2,2869,2928.5,4.3
Rasoi Bhojanalaya and Caterers,2,4333,2166.5,2.1
Ashoka Bakery,2,0,1513.0,3.8
Ashoka's Veg Restaurant,2,5220,2132.5,2.05
Asia Kitchen by Mainland China,2,0,2410.5,4.3
Asian Wok,2,1884,1952.5,3.05
Rathna Cafe,2,448,559.5,2.9499999999999997
Real Paprika,2,1324,936.0,2.4
Assal Larilappa,2,0,1472.0,2.75
Asvah 24,2,0,1014.0,3.35
Amritsari Kulcha Hut,2,0,543.5,3.95
Sri Krishna Sweets House,2,309,1654.0,3.55
Sri Naivedyam,2,1878,1834.0,2.35
Sri Rajalakshmi Sweets,2,1237,1860.0,2.6
Sri Rama Chandra Students Mess,2,0,428.5,3.55
Stamping Ground,2,1126,977.5,3.0999999999999996
Star Chilli,2,2301,2398.5,1.9000000000000001
Step Up Cafe & Bistro,2,1729,2164.5,3.0
Amigos Restaurant,2,0,1594.0,2.05
Ammu's Bakery,2,0,1442.5,3.6999999999999997
Amrit Dhaba,2,1975,2422.5,1.85
Amrit Sweet House,2,0,2034.0,2.8
Stoned Monkey,2,0,1434.5,4.800000000000001
Rajasthan Sweets,2,1193,1386.0,1.6500000000000001
Puja Sweets,2,0,2243.5,2.75
Punjabi Chicken Mangu Chicken,2,0,555.5,2.95
Punjabi Food Factory,2,2753,1698.5,1.85
Punjabi Tandoor,2,0,2534.0,2.75
Pupkins Kitchen,2,2124,1286.0,2.8499999999999996
Quality Point,2,1509,1846.0,4.6
Atul Ice Cream,2,0,938.0,1.85
RR Durbar,2,1809,781.6666666666666,3.5
Raasta,2,1230,1212.0,4.25
Radiation Bar,2,922,633.0,3.1500000000000004
Ragala Punjabi Dhaba,2,836,1479.0,1.75
Rainforest Bar - Hotel Gateway Grandeur,2,1517,871.5,4.15
Raj Kamal Veg Restaurant,2,1304,1184.0,3.3499999999999996
Raj Palace,2,2500,1250.0,3.55
Raj Thali,2,4744,1695.0,3.45
Rajasthan Confectioners,2,1771,2185.5,2.15
Pinch Of Spice,2,1122,1261.3333333333333,2.3666666666666667
Pirates of Grill,2,174,1301.0,1.75
Pizza Italia,2,2567,1405.5,2.8499999999999996
Pizzaah! District,2,6058,1514.5,3.55
Platoon Pizza,2,7987,2662.3333333333335,3.233333333333333
Poetry by Love and Cheesecake,2,11762,2940.5,1.75
Poha Point,2,2031,1432.0,2.7
Polka Pastry Shop,2,1500,839.5,3.85
Awaany Bakers,2,0,497.5,4.3
Ayaz's The Kebab Place,2,2968,2772.5,3.3
B Bhagat Tarachand,2,4080,2280.5,4.550000000000001
Popos Highlight,2,201,758.5,3.2
Prayagraj Restaurant,2,2912,1456.0,2.3
Prima's,2,740,1040.0,2.75
Prive Restaurant,2,0,2355.0,2.35
Puffs 'n' Rolls,2,313,1227.6666666666667,1.4666666666666668
Paratha Express,2,0,1942.0,3.5
Paratha Shop,2,0,2019.0,1.8
Parth Juice Cafe Centre,2,0,2769.5,1.9500000000000002
Pashto,2,3275,1637.5,1.5
Pastry Pop Bakers,2,420,1180.0,3.4000000000000004
Patel Restaurant And Banquet Hall,2,0,2935.5,2.65
Patiala Lassi,2,2065,1841.0,2.35
Patil Mama Vadapav Wale,2,2138,1704.5,2.75
Pawan's Bikaner Bhujiwala,2,8898,2224.5,2.8000000000000003
Peddlers,2,512,1405.5,2.8
Perambur Sri Srinivasa,2,6654,1663.5,3.25
Persian Darbar,2,5980,1495.0,3.15
Pet Pooja,2,5981,1993.6666666666667,3.1999999999999997
B7 Restaurant,2,2950,2011.5,3.75
BBQ Ride,2,0,2109.3333333333335,2.1
Phoe Lingo,2,0,1106.5,1.95
BLH - Bhartiya Lunch Home,2,1735,867.5,3.45
Baati Chokha,2,2144,2292.0,3.25
Baba Biryani,2,0,1959.6666666666667,1.4000000000000001
Pappadam,2,2880,2250.5,4.35
Stoner,2,0,2001.5,3.0
Street Foods by Punjab Grill,2,8053,2684.3333333333335,2.966666666666667
Suffa Restaurant,2,0,2634.0,3.0999999999999996
Sugar N Spice,2,1263,1489.0,1.95
Sugar N Thyme,2,0,1454.5,2.7
Sugar n Spice,2,1858,2171.5,4.35
Sunny Food Corner,2,670,654.5,2.45
Sunset Grill - The Westin Chennai Velachery,2,0,2037.5,3.1
Supriya Restaurant,2,0,1431.0,2.5999999999999996
Suraj Restaurant,2,2171,1948.0,3.9
Ambe Juice And Fast Food,2,0,2647.5,2.5999999999999996
Pappuli Centre,2,2993,1981.0,2.1
PVS Mango Bakers,2,1229,1371.5,3.3
Paan Leela,2,319,1411.5,1.95
Page 3,2,6642,1660.5,4.45
Pahaadi Gaadi,2,1461,1557.5,3.35
Pahalwan Lassi Wala,2,1234,916.0,2.3
Baba Nariyal Pani,2,0,2138.0,4.25
Babu Biryani Point,2,0,1353.0,4.1
Pakodi Factory,2,2464,2397.0,2.35
Pal Sweets,2,476,1163.0,3.2
Palji Soda Shop,2,0,1851.0,3.1
Palms Kitchen - Fairfield By Marriott,2,2128,1417.0,3.15
Palmshore,2,0,1102.5,2.05
Pandit Ved Prakash Lemon Wale,2,0,2461.5,2.8499999999999996
Panditji - Pure Veg Restaurant,2,0,1256.0,4.7
Panino The Sandwich World,2,0,1578.5,2.7
Panwaadi,2,0,2437.5,1.1
O'Dam Cafe,2,941,876.5,4.45
ON THE MOO,2,0,1275.5,2.35
OPM 2.0,2,0,1809.0,2.95
OYALO,2,0,1635.5,4.75
Oasiss Desserts,2,0,1078.6666666666667,2.2333333333333334
Olives Pizza & Sizzlers,2,2570,2074.5,3.7
Om Sai Ram South Indian,2,0,1973.0,4.2
Om Sweets & Snacks,2,1273,1479.0,3.1999999999999997
On The Rocks - Hotel Gagan Regency,2,0,2550.0,3.1
One Asia - Indore Marriott Hotel,2,321,1412.0,2.1
Backpackers Cafe,2,206,615.0,2.1
Badkuls Cake and Cafe,2,0,1720.0,4.65
Oriental Bistro,2,5668,1493.0,2.5
Oven Fresh,2,0,1074.0,2.25
Over The Top Terrace Lounge,2,2706,2422.5,3.35
PMC Bhujiawala,2,0,1696.0,4.25
New Janta Dairy,2,0,2604.5,2.9000000000000004
New Raja Bhavan,2,0,1473.5,2.85
New Sagar Restaurant,2,10084,1383.0,4.15
New Shah Shree Sweets,2,4012,2006.0,2.6
New Swashika Hotel,2,0,2746.0,2.4
Night Eat,2,0,1418.0,3.8
Nirala Cafe,2,2812,1406.0,2.85
Nirankari Bakery,2,0,2571.5,3.7
Nirula's,2,0,1762.5,3.15
Bake n Shake,2,1175,1595.0,4.55
Bakebon - The Cake Shop,2,1351,1557.0,1.85
Bakeology,2,0,1567.5,2.55
Non Veg Kitchen,2,0,1607.0,2.4000000000000004
Non-Veg Diaries,2,350,1121.0,3.45
Noodle Bar,2,0,1005.0,2.9000000000000004
Noosh,2,1484,742.0,1.65
Aman Rasoi,2,387,427.5,1.65
Bakers Treat,2,0,2450.5,2.5
Nana's yummy Treats,2,0,749.5,2.15
Nandanam Pure Vegetarian Restaurant,2,0,1007.0,2.3
Nandhana Palace,2,2209,2602.5,3.05
Nando's,2,5300,1462.0,1.8
Nandu Chana Poha Center,2,2269,2269.5,2.6
Naturelo,2,1614,2243.5,1.2
Nawab Asia,2,1525,1818.5,4.3
Nawab's Kolkatta Roll,2,255,851.5,3.2
Neel - Tote On The Turf,2,5829,2914.5,2.9000000000000004
Nellai Lala Sweets,2,0,1089.0,1.6
Nema Kulfi Faluda,2,574,1026.5,1.0
Baker's Hut,2,2748,2233.5,2.45
New Green Bawarchi Restaurant,2,5124,1708.0,2.433333333333333
New Gupta Sweets Shop,2,0,1373.5,2.6
Naga's,2,0,2581.0,3.266666666666667
Nakshatra Food Court,2,391,506.0,2.9000000000000004
Nalpak Restaurant,2,0,1294.0,3.1
Namma Brahmin's Idli,2,0,959.0,3.65
Ambrosia Cafe & Bakery,2,0,1042.0,3.0500000000000003
Sweet Truth,2,844,696.5,3.3
Sweet Way,2,4064,1263.0,1.5
T.F.C,2,0,2676.5,4.05
TCB - The Chicken Bay,2,0,1351.5,4.1
TJ’s Brew Cafe And Restaurant,2,0,2029.0,3.95
TRP Cafe,2,517,450.5,2.75
Taaza Thindi,2,0,2284.5,3.6500000000000004
Taj Hotel,2,1551,1457.0,3.4000000000000004
Takht Hazara - Vijan Mahal,2,0,1762.0,3.75
Tamasha,2,300,275.3333333333333,3.8000000000000003
Aloha Bar,2,2154,2182.0,2.5999999999999996
Moonrakers,2,0,2406.5,2.8
Mother Dairy,2,0,1381.3333333333333,2.9
Mothers Milkshakes,2,0,2794.0,1.65
Moti Mahal,2,535,1715.5,4.3
Mr. Sandwich,2,0,381.5,3.45
Mr. Tea Cafe - Rock,2,2896,2252.0,2.4
Banana Leaf,2,2685,1861.5,3.55
Mug Shots,2,0,2130.5,3.85
Mukki Ke Zayke,2,1215,740.0,2.2
Mumbai Bistro - The Café,2,2826,1415.0,2.4
Mumbai Kulfi,2,0,1645.5,2.2
Mumbai Street Food,2,157,889.5,1.5
Murugan Idli Shop,2,1172,649.3333333333334,3.5666666666666664
My Bro Restaurant,2,0,2345.0,3.75
Mysore House,2,0,2100.5,2.65
Naga Bowl,2,1042,1373.5,2.35
Bandra Food Box,2,0,553.5,3.55
Tandoori Chai,2,897,1206.5,3.15
Tandoori Tawa,2,4270,2135.0,3.4
Taruni Andhra Mess,2,0,963.0,2.6500000000000004
Taste Of Bhagwati (TOB),2,0,1580.5,2.2
Tasty Bite,2,489,645.5,4.6
Tasty Fast Food,2,2554,2146.0,3.1666666666666665
Tea Circle,2,0,1935.0,4.15
Tea Connect,2,0,1660.0,2.3333333333333335
Tea Lounge - Radisson Blu,2,2267,2093.0,2.8
Tea O' Clock,2,0,2255.0,2.8
Momo Nation Cafe,2,2608,1304.0,4.1
Momore,2,1580,646.0,4.6000000000000005
Momos,2,0,1031.0,2.6
Moneez,2,0,1542.5,4.050000000000001
Monster Fast Food,2,2271,1774.5,1.15
Meezzaah,2,0,1334.0,3.55
Meghana Foods,2,2863,954.3333333333334,2.2666666666666666
Menu Restaurant,2,0,1928.0,2.9
Meraki,2,5486,1828.6666666666667,2.9333333333333336
Banshira Dhaba,2,1271,1036.0,1.55
Baramde Wale Sardarji Ke Chhole Bhatura - Estd 1985,2,2271,1707.0,3.4
Mia Cucina,2,2587,1793.5,2.5
Midtown Grill,2,0,745.0,1.7
Milano Ice Cream,2,5602,1659.5,3.1
Mini Fast Food,2,2732,2492.5,3.5
Mirchi,2,1554,1844.0,3.55
Model Bakery,2,379,771.6666666666666,4.8
Mohak Snacks And Coldrinks,2,0,1776.5,1.65
Mohan's Chaat Bhandar,2,0,1591.5,4.2
Mohit Cafe,2,844,1742.0,1.3
Molly Moo,2,1605,882.5,3.5
Basant,2,0,959.0,2.25
Temple City,2,0,2089.0,4.55
Teri Rajput,2,1114,1191.5,3.45
Testry,2,0,545.0,2.5
Tewari Sweets,2,408,1269.0,2.2
Tharavadu Multi Cuisine Restaurant,2,169,493.0,2.8
The  Treat,2,0,2639.0,3.9
Al Noor Chicken Fast Food,2,430,658.0,1.15
Al Sham,2,4772,1342.5,3.45
McDonalds,2,11696,2405.0,3.0
Md. Bashir Pan Shop,2,946,485.5,3.8499999999999996
Meal City,2,682,983.5,3.9000000000000004
Meal Express,2,0,1759.0,2.1
Meenatchi Mess,2,0,817.5,3.9
Meera's Bistro,2,3473,1736.5,2.75
Meet N Melt Pure Veg Restro Cafe,2,444,1207.0,4.2
Makhan Bhog,2,0,1138.0,3.65
Malabar Food Court,2,2758,1145.0,2.8
Malaka Spice,2,879,1590.0,4.5
Maldhari Dayning Hall,2,0,2341.5,1.25
Mallgudi Mithai,2,977,769.0,2.05
Mamta Cakes And Bakes,2,2976,1488.0,2.9
Mango Masala,2,2388,2206.0,3.25
Mango Masala Restaurant,2,0,1906.5,2.3499999999999996
Manmandir Pure Veg,2,3516,2115.5,2.35
Mannu Bhiya Coffy Shop,2,0,1379.0,2.8499999999999996
Manohar Maharaj & Sons,2,2824,2295.0,2.8000000000000003
Manokamana Momo Magic,2,0,1438.0,4.05
Mast Biryani,2,0,1911.5,3.75
Mast Mahadev Dhaba,2,0,2176.0,4.3
Barbequeen Restaurant,2,0,2430.0,3.25
Barnella Fine Dinning Restaurant,2,0,2060.0,2.0
Maakhan Bhog,2,2124,1062.0,2.3
Mad Over Shakes,2,1693,1245.0,3.2
Madras Coffee House,2,0,2492.5,3.0999999999999996
Madrasi Dosa,2,0,352.0,1.2000000000000002
Maggi Point,2,1166,583.0,3.35
Mago Veg & Non Veg Restaurant,2,0,1797.5,1.8
Mahadev Dhaba,2,2459,2155.5,4.7
Mahadev Ka Dhaba,2,3724,931.0,4.449999999999999
Bayroute,2,11299,2259.8,2.42
Beans Restaurant,2,0,1668.5,4.0
Maharaja Bhog,2,0,2376.5,3.6
Mahavir Ice Cream,2,2085,2422.0,2.65
Mahek Restaurant,2,2260,2498.0,3.35
Mahima chinese,2,0,708.0,3.4499999999999997
Makers Of Milkshakes,2,4683,2341.5,2.8
Makers of Milkshakes,2,1120,560.0,3.2
London Bubble Co,2,0,1520.5,2.25
Long Live Pizza,2,0,1711.0,2.7
Lord Of The Drinks,2,0,1583.6666666666667,4.3999999999999995
Lord Of The Drinks Meadow,2,0,1760.5,2.45
Lotus Restaurant,2,0,1091.0,2.2
Lucky Bakers,2,1720,864.6666666666666,3.7999999999999994
Lucky Omlet Center,2,1591,1647.5,3.85
Lucky Restaurant,2,1098,1024.0,2.766666666666667
Luscious Layers,2,4280,1969.0,2.85
M&N Chocolate,2,2302,1821.5,2.65
MISU,2,0,2295.0,3.5500000000000003
MOB,2,1631,815.5,3.3
Belgian Waffle,2,0,2103.0,3.85
Bell Pepperz,2,3607,1803.5,2.15
Maa Gaajan Fast Food,2,800,842.5,3.6
Maa Ki Rasoi,2,1367,1698.5,2.45
Live Food Court,2,0,1874.0,4.15
Live Kitchen,2,0,2057.0,3.85
Bera Samosa,2,2709,1825.0,2.75
Bercos,2,0,2368.0,3.65
The Beer Cafe - BIGGIE,2,2563,1281.5,2.9499999999999997
The Belgian Waffelz,2,0,1084.5,3.1999999999999997
The Bombaykery,2,1093,942.0,1.75
The Brasserie - Hilton Mumbai International Airport,2,5118,2559.0,2.45
The Brew Estate,2,761,1000.0,2.45
The Brick Oven,2,1177,769.0,1.5
The Cake Hut,2,0,2693.0,4.65
The Cake Point,2,2679,1677.5,2.45
Ajay Veg & Non Veg Point,2,0,2059.5,2.95
Ajmeer Maharaj Hotel,2,803,1455.5,2.8
Akhil Hotel,2,0,1626.5,2.5
The Cascade,2,0,1621.5,3.55
The Chick Choice,2,1589,794.5,1.75
The Chocolate Heaven,2,3010,1447.0,2.85
The Chocolatiers,2,0,1826.0,2.85
The Deck,2,2897,2690.0,3.3
The Dragon Hut,2,1314,1399.0,3.6999999999999997
The Dugout,2,0,826.5,3.0
The FML Lounge,2,0,1902.5,3.95
The Grand Sweets and Snacks,2,0,1091.0,3.4
The Grand Sweets and Snacks - Amirtham Restaurant,2,3086,771.5,3.7
The Grand Thakar,2,756,747.3333333333334,2.233333333333333
Le Wrap Factorie,2,640,412.0,3.466666666666667
Leaping Windows,2,0,961.0,3.85
Level 2 - Radisson Blu,2,1493,746.5,4.800000000000001
Level 3-Reboot,2,2975,1746.0,3.2
Little Sister Restaurant,2,5728,1942.5,3.0999999999999996
Little Things,2,2180,1327.5,2.7
Kwality Cakes & Bakes,2,0,2175.0,3.0
Kwality Sweet Shop,2,0,1643.0,3.3499999999999996
Kwality Walls Swirls,2,2033,1355.0,2.75
L'Opéra,2,472,1720.5,3.4000000000000004
LALLI'S FAMILY RESTAURANT AND BAR,2,0,968.0,3.45
Bheru Ji Pav Bhaji & Chinese Corner,2,1219,1084.0,2.1
LKD | La Kheer Deli,2,1980,1390.5,2.55
La Casa Brewery And Kitchen,2,0,845.0,1.3
Lakhotiya's Cakes,2,9994,2498.5,3.95
Lakshmi Swagruha Home Foods,2,0,692.0,3.2
Latest Recipe - Le Meridien Jaipur,2,0,1429.0,3.5
Lazeez Lawn & Restaurant,2,1866,2335.5,4.15
Laziz Pizza,2,801,521.0,2.2
Le Belvedere - Le Meridien,2,0,1444.5,3.55
Bhaijaan Barbeques,2,196,1529.5,3.3
Le Cafetino,2,0,1550.0,3.9000000000000004
Koko's Kitchen,2,1183,619.6666666666666,4.933333333333334
Koneeza,2,0,1226.0,4.0
Kozhi Idli,2,0,2057.5,3.4
Krazy for Chocolates,2,1275,1952.5,2.4
Krishna,2,0,2421.0,1.8
Krishna Fast Food,2,1708,1252.0,1.4
Krishna Inn,2,1823,1539.5,3.4
Krishna Sai Bakery,2,0,1746.5,4.1
Kudla - Hotel Ramanashree,2,0,2437.5,2.25
Bhojde Gir,2,2204,1424.5,3.5999999999999996
Kulfiano,2,3473,1736.5,2.15
Kulukki Corner,2,0,2442.5,1.4
Kumar Mess,2,0,2106.0,1.75
Kumarakom,2,744,1610.5,2.55
Kumudini,2,0,2131.0,2.15
Kwality,2,0,1566.5,3.6999999999999997
Kings Kulfi,2,278,1322.5,3.05
Airbus,2,1021,1620.0,3.5
Ajanta Restaurant,2,3250,1653.3333333333333,2.766666666666667
The Haus,2,4298,1876.5,3.0
The Healthy Apes,2,2649,1324.5,4.2
The Hub,2,0,1625.0,2.25
The Hunger's Point,2,0,2444.0,1.7999999999999998
The Juice Cafe,2,937,1173.5,3.7
The Juicery,2,2104,2102.0,3.45
Agarwal Chats,2,0,1700.0,1.85
Agarwal Mishthan Bhandar,2,2290,2151.5,3.1
Agarwal Sweet Palace,2,2521,1260.5,4.300000000000001
Biggies Burger 'n' More,2,1248,602.0,2.0666666666666664
Biggies Pizza,2,0,1009.0,2.6500000000000004
Kobe Sizzlers,2,0,1811.0,3.5999999999999996
Kohli Sweets,2,0,763.0,2.05
Karnawat Bhojan Prasadi,2,0,1613.5,3.4000000000000004
Kasturi Restaurant,2,0,2177.5,3.55
Katherine's Kitchen,2,3809,1904.5,2.8
Kathi Junction,2,0,2735.5,3.25
Kathi Kabab Roll,2,8038,2009.5,1.4500000000000002
Kava - Fairfield by Marriott,2,3004,1502.0,4.85
Billa Shah Di Hatti,2,0,1919.0,2.55
Kerala Mess,2,1688,1466.6666666666667,3.0333333333333337
Khandelwal Dhaba,2,0,1591.5,2.6500000000000004
Khandoli Nitins Canteen,2,0,1508.5,1.9500000000000002
Khansama,2,189,727.5,2.4
Khawali,2,0,1189.5,2.2
Khokha,2,0,2041.6666666666667,2.5
Kimchi,2,4704,2352.0,4.75
King's,2,2092,1382.5,1.85
King's & Queen's,2,1175,1160.5,2.35
Kaka Hotel,2,0,2749.5,3.5999999999999996
Kaka Ki Mehfil Mitran Da Dhaba,2,0,1936.5,3.3
Kala Shah Hatti,2,0,2104.5,3.65
Kaliyuga Hotel,2,0,1742.5,3.45
Kamdenu Sweets,2,1193,754.0,4.9
Kamdhenu Sweets,2,1388,694.0,3.6
Kamdhenu's,2,0,1628.5,3.75
Kanha,2,1552,1871.0,1.7999999999999998
Biryani & Kabab Wala,2,1543,2071.0,3.75
Biryani Chef,2,465,780.0,3.7
Karachi Bakery,2,0,1238.0,4.25
Karaikudi Chettinadu Mess,2,4190,1047.5,1.85
Kareem's,2,926,1867.6,4.2
Kareem's Kabab & Biryani,2,11900,1487.5,2.85
Karim's,2,4873,2436.5,3.4000000000000004
Karma Lounge,2,2535,1267.5,4.5
KFK Bar-B-Que Fish-N-Chips,2,1883,2430.5,2.5
The Laughter Chapter Cafe,2,532,382.5,4.2
The Mafia,2,2977,1948.0,2.95
The Messy Door,2,2451,2136.5,3.8
The Midway Meal,2,3484,1355.0,3.6
The Open House,2,0,1967.5,3.0
The Orchid,2,0,1665.5,1.8
The Pancake Story,2,3037,1518.5,1.55
The Pantry,2,5442,2696.0,2.2
The Pizza Point,2,0,2412.0,3.55
Absolute Sizzlers,2,0,1400.0,1.6
Adda,2,2573,1821.5,2.7
Addiction,2,2444,1222.0,2.9000000000000004
KHIDKI,2,0,1559.5,4.199999999999999
KR Bakes,2,0,1277.0,3.75
Kailash Sweets & Snacks,2,3373,1686.5,3.1
Janta Dairy,2,0,301.3333333333333,3.766666666666667
Jay Bhavani Vadapav,2,3600,1800.0,2.25
Jay Mahakal Juice,2,0,851.5,2.75
Jazz Club,2,0,1572.5,3.7
Jimis Burger,2,0,2800.0,2.7
Johnny's Kitchen,2,2256,1817.0,1.55
Juice Co.,2,0,2416.0,1.75
Blaack Forest,2,1664,1661.0,1.95
JuiceWalas,2,0,2558.0,1.5
"Juices & Shakes, St Foodies",2,0,1008.0,2.5999999999999996
Juicy,2,2221,1291.5,3.0
Jungle Jamboree,2,2714,2717.3333333333335,2.7999999999999994
Just Like Restaurant,2,0,1234.5,2.85
KC Das - Sweet Paradise,2,2417,1208.5,3.75
Biryani House Taste Of Kolkatta,2,0,1492.0,2.8499999999999996
Bismillah,2,0,1489.0,2.95
JJ Bakers,2,2323,1465.5,3.65
Jade Garden,2,1035,1900.5,4.4
Jaffer Bhai's Delhi Darbar,2,1407,1540.0,4.15
Jagdamba Tea Stall,2,236,203.5,2.75
Jai Bhavani Dhaba,2,684,1389.0,2.7
Jai Bhawani Family Restaurant,2,3558,2334.5,3.5
Jain Mithai Bhandar,2,793,1873.5,3.35
Jain Nashta Center,2,1982,2046.5,3.1
Jalandhar Express,2,5830,1457.5,3.25
Blue Heaven Restaurant,2,1576,2048.5,2.3
Blue Lagoon,2,0,1951.5,3.1999999999999997
Blue Nile Restaurant & Bar,2,2982,2448.5,4.0
Jalaram Khaman & Vadapav,2,2846,2523.5,2.0
Jalaram Khichadi,2,0,1859.0,2.8499999999999996
Jalsa - Ice Cream & Faluda Corner,2,561,920.0,3.45
Jamavar - The Leela Palace,2,2730,1365.0,3.45
Inbox Cafe,2,2030,2428.5,3.2
Indian Aroma Veg Restaurant,2,0,1458.0,2.05
Indian Dawat Family Restaurant,2,315,1492.5,1.6
Indian Grill Room,2,0,1432.5,3.75
Indian Veg & Non-Veg Dhaba,2,1406,1698.0,3.3000000000000003
Indrali Hotel,2,3114,778.5,2.65
Infini – The Sky Lounge - Radisson Blu,2,0,1045.0,2.55
Infinity - The Zuri,2,340,1663.5,3.45
Intalia,2,1738,1463.5,4.6
Blue Star By Prema Kunj Resort,2,0,1791.5,2.9
Blue Tokai Coffee Roasters,2,0,1392.6666666666667,3.2999999999999994
Blueberry,2,2073,1293.0,3.0
Bollywood Cafe,2,0,569.5,3.2
Is'fahan,2,0,498.5,3.8499999999999996
Italy Via Punjab,2,5834,1722.5,2.3499999999999996
J 14,2,1101,635.5,2.95
The Taj Varanasi,2,485,959.5,3.3
The Tamarind Tree,2,0,1034.5,3.2
Bonfire,2,4418,2362.5,2.0999999999999996
Hungry Munchies,2,1978,1924.0,2.35
Hyderabad Biryani,2,533,1377.5,3.15
Hyderabadi Biryani,2,1456,1406.5,3.7
Hyderabadi Biryani House,2,1540,1305.0,3.8499999999999996
Hyderabadi Irani Chai,2,2646,1917.5,3.3
Hype,2,0,1860.5,2.1
INDO-THAI,2,0,1468.5,3.9
Ice Pice,2,2788,2659.5,4.5
Ice Stone,2,0,2308.5,2.65
Bombay Cafe,2,1899,2439.5,3.9000000000000004
Bombay Chowpatty,2,2409,1204.5,2.25
Bombay Lucky Restaurant,2,1028,1561.0,2.95
Ifthar,2,0,997.6666666666666,3.9333333333333336
Hungry & Skinny,2,183,390.0,2.75
Bombay Manchery,2,639,1799.5,2.5999999999999996
Bombay Remix,2,2251,2688.3333333333335,3.3333333333333335
Bombay Sweet and Bakers,2,1414,2146.0,1.7000000000000002
Bombaywala Sweets,2,830,1598.5,3.25
Adinath Bhel Center,2,1042,1056.0,3.05
Aditi crispy corner,2,4377,2188.5,3.2
The Rouge,2,680,508.0,3.5
The Royal Peg,2,3437,1718.5,4.1
The Sahib Room & Kipling Bar - The St. Regis Mumbai,2,2878,1439.0,1.85
The Secret Kitchen,2,1010,1951.0,2.5
The Shake Factory,2,3505,1752.5,1.7000000000000002
The Siwon Lassi Shop,2,0,1246.0,2.0
The Smookah Lounge,2,2592,2683.5,4.300000000000001
The Society Bar - Ambassador Pallava,2,3319,1659.5,3.2
The Sweet Life,2,0,921.0,3.0
Hotel Quality,2,0,2009.5,4.15
Hotel Sai Krupa,2,4092,2048.5,3.6
Bonzelo,2,1397,1866.0,4.0
Brahmaputra Dhaba,2,2971,1485.5,3.3
Brain Freeze Ice Cream & Desserts,2,1884,1420.0,2.05
Hotel Shaaz Cafe,2,0,2159.5,3.0999999999999996
Hotel Shiv Palace,2,0,2223.0,3.3499999999999996
Hotel Shree Lakshmi Bhavan,2,0,2825.0,3.1999999999999997
Hotel Shree Ras,2,4508,1355.0,4.15
Hotel Sudama Garden And Family Restaurant,2,1293,1173.5,2.55
Hotel Surya,2,0,1974.0,2.75
Hotel VIP Maratha,2,0,2324.0,3.3499999999999996
Hotel White Parrot,2,811,879.5,2.55
House of Candy,2,0,1962.0,2.45
Huber & Holly,2,5300,2569.5,4.45
Hungernomia - Daddy's Burger Bar,2,3730,1865.0,2.75
Hotel Afghan,2,1502,952.5,2.1500000000000004
Hotel Aryaas,2,1924,481.0,4.95
Hotel Atharwa,2,0,1421.5,2.55
Hotel Essel Park,2,1023,1631.0,4.45
Hotel Gananyak,2,2449,1224.5,3.9
Hotel Gokula,2,0,1210.5,2.8
Hotel Harmony Inn,2,2620,2123.0,3.1
Bread Pit,2,0,1428.5,2.2
Bread Story,2,0,2663.0,2.45
Brew Brothers,2,0,809.5,2.45
Hotel Laadli,2,1136,551.0,1.9
Hotel Lazeez Al Darbar,2,4151,2075.5,3.2
Hotel Madhura,2,420,772.0,3.6500000000000004
Hotel Mansarovar,2,0,1670.5,3.5
Hotel Novelty,2,549,340.3333333333333,2.1
Hotel Park House,2,2127,1063.5,3.15
Havmor Thick Shakes,2,0,1158.5,2.0
Heart Cup Coffee,2,1655,1729.0,3.2
Hello Foodie,2,0,1381.0,1.9500000000000002
Heritage,2,2356,1773.6666666666667,1.2333333333333334
Heritage Kitchen Restaurant & Celebration Hall,2,0,2477.0,3.75
Hidden Dragon,2,0,1240.5,1.7
High Ultra Lounge,2,3304,1652.0,1.55
Hitchki,2,4994,1248.5,2.25
Honest Restaurant,2,771,1233.0,3.25
Brick House Bistro,2,3761,1880.5,4.65
Bring Me Coffee,2,1865,2089.5,2.2
Hoppipola,2,1590,998.6666666666666,3.4333333333333336
Hornbill Restaurant,2,1754,1770.5,2.8
Hot Chips,2,1004,1461.0,3.5
Hotel Aarti,2,449,981.5,3.8
Hotel Abdullah,2,192,209.5,2.9000000000000004
Brooklyn Central,2,2582,1697.5,3.25
BrownBear,2,0,2150.5,2.55
Aary Sarita,2,0,1069.0,3.9
Aavkaro Garden Restaurant,2,0,1869.0,3.35
The Terrace Grill - La Place Sarovar Portico,2,4166,1940.5,3.0
The Thickshake Factory,2,2848,949.3333333333334,3.1
The Tribe,2,0,715.0,2.466666666666667
The Wilderness- Shikarbadi Hotel,2,2342,2160.0,2.15
The Yummy Food,2,0,1667.5,4.25
Aahar,2,2275,1872.0,2.3
Aai Ekveera Dhaba,2,1588,1241.5,1.5
Aalam Chicken Corner,2,1644,1851.0,2.5
Aangan - Downtown Multicuisine Restaurant,2,0,852.5,2.15
Theos,2,5145,2572.5,1.2
Brunch Italino,2,2701,1350.5,2.9
Havmor Restaurant,2,0,1880.5,2.6500000000000004
Guptaji Shakahari Bhojnalay,2,3480,1204.5,3.15
Gurunanak Milk Point,2,0,1094.0,2.9000000000000004
H2O Cafe,2,2430,2028.0,3.6
Bubble Bee,2,2152,1456.0,2.733333333333333
Bubble Waffles,2,2644,1322.0,3.0
Bubbles Bistro,2,5724,2643.0,2.8
Buddha's Foodbook,2,0,495.5,3.1500000000000004
Buhari,2,0,2223.5,2.35
Hakeem's,2,0,2128.0,3.35
Haldi,2,696,683.5,3.05
Haldiram's Hotspot,2,0,1686.5,3.25
Haldiram's Planet Food,2,2132,2086.5,2.6500000000000004
Hangout,2,0,1904.5,4.1
Hard Rock Cafe,2,0,1703.5,2.9000000000000004
Havana Café & Bar - The Gordon House Hotel,2,0,2421.0,2.5999999999999996
Brix By Indian Summer,2,0,851.0,2.5
Tossin Pizza,2,0,2562.3333333333335,3.1666666666666665
Global Punjab,2,2447,1223.5,3.4
Golu's Rolls,2,159,759.0,1.55
Gopal's,2,0,808.5,3.25
Gopi Chaat & Chinese,2,3424,1801.0,3.0500000000000003
Govind Ice Cream Parlour,2,1929,2156.0,3.9
Goyal Chandigarh Sweets,2,2217,1254.0,3.15
Grandmama's Cafe,2,1460,864.3333333333334,4.066666666666666
Bunk Station,2,1620,1083.5,4.4
Green Pan Parlour,2,2490,1853.5,3.95
Grill Inn,2,1174,1904.5,3.3
Grilliez,2,774,387.0,3.5
Grow Fit,2,2409,2214.5,2.4
Guntur Andhra Mess,2,0,2663.5,2.45
Gupta Ji Ka Shudh Sahakari Bhojnalaya,2,2548,2666.0,3.0
Gupta Sweets,2,1925,1937.0,3.75
GeoBistro,2,0,2176.0,3.2
Burger Hut,2,2300,2237.0,2.75
Burger Singh - Big Punjabi Burgers,2,0,1137.0,1.9500000000000002
TherPUP - a Dog Cafe,2,0,1165.0,3.6500000000000004
Threesixtyone Degrees - The Oberoi,2,3269,1634.5,3.45
Thugs of Panipuri,2,0,450.0,2.6
Time Out Restaurant,2,1932,1058.0,3.6
Tipsy Gypsy,2,0,2328.5,3.0
Tirupati Chinese,2,0,2020.0,3.45
Tit Bits,2,0,2095.5,1.6
Toasted Chapter 1,2,862,1468.0,2.2
Tom's Diner,2,1857,1171.0,2.3
Tooke Ki Kachori,2,841,741.5,2.1
Top 'N Town Ice Cream,2,2406,1354.5,3.05
Top 'N' Town,2,0,2466.5,3.55
Top' N Town,2,801,1634.5,1.7000000000000002
Fruit Punch,2,1379,904.5,2.5
Fruit Shop On Greams Road,2,0,1525.0,1.3
Fruitville - The Juice Lounge,2,1177,1280.5,3.8
Fry Hood,2,1309,1459.0,2.05
G-Spirit Bar & Lounge,2,0,1421.0,3.0
Burma Biscuit Company,2,2607,1303.5,2.4
Gadees Oottupura,2,881,1464.0,3.6500000000000004
Game Of Taste,2,0,1750.0,4.0
Ganache,2,4232,2116.0,3.85
Ganapati Sweets,2,0,1521.0,3.3
Ganga Sweets,2,0,2081.5,3.2
Gangour-Motha Sweets,2,2539,1269.5,2.65
Garden Court Restaurant,2,0,1531.5,1.85
Garden Grill,2,3325,1662.5,3.0
Gazeebo Cold Drinks,2,0,2406.5,4.35
Gelato Italiano,2,1018,1580.5,2.8
Flames Restaurant,2,5456,1900.0,3.65
Flying Duck Co.,2,2307,1153.5,3.25
Food Factory Restaurant,2,1359,1286.5,4.1
Food Funda,2,859,1252.5,3.4
Food King,2,0,1277.0,4.2
Food Lab,2,0,1409.0,3.4
Food Talk - The Multi Cuisine Restaurant,2,1202,1103.5,4.05
Byg Brewski Brewing Company,2,0,1204.0,2.8499999999999996
CK N DK Baker's And Fryers,2,2323,1878.0,3.2
CK's Bakery,2,1219,948.0,2.7
CNF - Cheese & Fries,2,0,2591.0,3.5
Foodies,2,3198,1209.0,2.6666666666666665
Foodies Point,2,0,1740.5,1.5499999999999998
Free Spirit,2,4818,2595.0,2.4
Friends Sandwich Corner,2,5826,1984.5,1.75
Fruit Inbox,2,559,802.5,3.2
United Coffee House,2,6572,1643.0,2.7
Express Briyani,2,5352,1867.5,2.6
Fabelle Chocolate Boutique - ITC Grand Chola,2,1389,1412.0,2.75
Falani Mastani,2,0,1454.0,4.699999999999999
Falhari- A Fruitful Habit,2,2523,1694.5,1.85
Falooda House,2,0,966.5,3.0
Family Fast food,2,0,1321.5,2.35
Farzi Cafe,2,4412,2328.3333333333335,3.8333333333333335
Feel Rafe,2,0,1288.0,2.25
Ferraree,2,5418,1354.5,2.6
Filmy Zayka - Hotel Alleviate,2,1497,1333.5,2.9000000000000004
Fine Food Court,2,1426,1741.5,2.95
Cafe 1730,2,0,1685.5,2.05
Cafe 24,2,1799,2221.0,3.5
Fire Wheels,2,1625,1268.0,4.05
Fishing Boat - Hotel Goyal Residency,2,2071,1774.5,2.1
Cafe Bistro,2,0,935.0,1.9
Cafe Caffeine,2,263,928.0,3.0
Cafe Cibo,2,5260,2592.5,3.0
Cafe Cuba,2,0,1260.5,3.45
Exotica,2,0,1684.0,4.550000000000001
AB's - Absolute Barbecues,2,1588,1656.0,2.7
Trichur Towers,2,0,1206.0,4.133333333333333
Truffles,2,2770,2230.5,4.1
Truly Fresh,2,332,873.0,3.1999999999999997
Tuhada Dhaba,2,0,2064.0,2.3
Tulsi Restaurant,2,3678,1839.0,3.25
Twisted Toppings Pizza And Food,2,3602,1631.0,2.65
UBQ by Barbeque Nation,2,0,1386.5,2.95
UFO Fries and Corn,2,0,1982.0,1.8499999999999999
Uncle's Kitchen,2,2250,2004.0,2.8499999999999996
Under The Neem,2,0,1651.5,2.5
Dum Malabari,2,0,2751.0,4.35
Dvar Indian Restaurant - Radisson Blu Dwarka,2,1876,1510.5,1.65
Eagle Brother's Pizza,2,478,1299.0,3.05
Earthen Oven -WelcomHotel,2,1755,1690.0,1.7000000000000002
Eat & Meet,2,2044,1176.5,4.05
Eatery Castle,2,7852,1963.0,2.9
Edesia - Crowne Plaza,2,633,943.5,3.9
Cafe Delhi Heights,2,0,2653.0,2.2
Cafe Durga,2,1122,1183.3333333333333,4.3
Eggy Fast Food cum Restaurant,2,2882,1695.0,3.2
Empire Restaurant,2,5874,1958.0,3.9
Enkey's,2,0,1303.5,3.4
Envy,2,0,2031.0,2.25
Epic Momos,2,0,2348.0,3.0
Espress-o-Ville,2,2896,1448.0,3.65
Euphoria,2,557,1460.0,3.15
Uzo Sandwiches,2,512,1030.0,1.55
Cafe Metanoia- Grand Uniara,2,0,2411.5,2.1
Dhan Guru Ramdass Sweet Shop,2,1085,744.0,2.9499999999999997
Dialogue Cafe,2,0,1745.0,3.6999999999999997
Diet Club and Cafe,2,0,1696.5,3.05
Diju Da Dhaba,2,0,1640.0,3.5
Dipak Sandwich,2,2336,2397.0,4.85
Dolce - Hotel Radisson Blu,2,0,2623.5,3.15
Doma Restaurant & Bar,2,2718,1972.0,3.2
Doon Memories Bakers & Cafe,2,1806,2222.0,2.95
Dosa Junction,2,2885,1657.5,3.75
Dosa King,2,0,665.6666666666666,1.1666666666666667
Dosa Plaza,2,0,1475.5,2.7
Dot,2,0,2148.0,3.5999999999999996
Cafe Hidden Place,2,0,1653.0,2.8
Double Roti,2,1558,863.0,2.8499999999999996
Detroit,2,0,1488.0,4.25
Devi's Restaurant,2,369,1454.0,2.3
Dhabagiri,2,0,2016.5,3.9
Cafe Lite Food Plaza,2,2096,2149.0,2.8499999999999996
Unlocked,2,0,895.0,3.4
Upper Deck - Taj Fisherman's Cove Resort & Spa,2,838,1252.5,3.2
Urban Punjab,2,3282,1220.5,3.55
Ustaadi,2,3149,1574.5,3.1
Utsav Kitchen,2,2950,2284.0,1.7999999999999998
Utsav Pure Veg,2,0,1162.0,2.25
Uttam Dhaba,2,11628,2907.0,2.2
A Place Called Edina,2,0,1727.0,3.2
A Square,2,2395,2358.5,2.35
A to Z Bakery,2,1841,1083.0,2.0
Uttam Sweets and Bakers,2,1088,1474.0,4.9
Uttam's,2,2426,1785.0,1.8
Dale's Eden Cake Shop,2,0,875.0,1.65
Dalziel Restaurant,2,0,705.0,1.5
Danish Creek Restaurant,2,0,1044.0,4.199999999999999
Dasaprakash,2,938,1656.5,3.0
Dashmesh Family Dhaba,2,0,1536.0,2.85
Dastarkhwan,2,3755,751.0,2.1599999999999997
De'cafe Restaurant,2,0,1192.5,1.7
Deep Punjabi Hotel,2,5417,2708.5,1.65
Cafe Scootervala,2,0,715.5,4.6
Cafe Skryf,2,0,1437.5,2.75
Deepak Punjabi Dhaba,2,0,574.0,2.75
Delhi Cafe Heights,2,0,2283.0,2.8
Delhi Chaat Bhandar,2,2536,1352.0,3.55
Delhi Food Point,2,0,1558.0,3.8
Desert Cafe,2,0,2124.0,1.9
Desi Dhabha,2,0,1288.0,3.2
Crunch & Munch,2,0,1224.5,2.6999999999999997
Cyclone,2,0,2068.0,2.0
Vaango,2,0,334.5,2.4
Vaishnavi Sweets & Snacks,2,0,1282.5,2.75
Vakaoo Sports Lounge,2,0,2170.5,1.35
Vanilla Beans,2,0,544.5,3.05
Vegetariya,2,2031,2404.0,2.8
Vicky Momo's Hut,2,4406,2426.5,2.7
Village Tandoori Fast Food,2,0,1284.0,3.7
Vintage Cafe,2,0,568.5,3.3499999999999996
Vishal Fast Food,2,207,1388.0,2.95
Viva Bar & Restaurant,2,0,1901.0,3.95
Vraj Paan Shop,2,0,2597.5,3.4000000000000004
6 Ballygunge Place Thali,2,4508,2254.0,2.75
70 Beans,2,799,1677.0,3.3499999999999996
D.Hashtag,2,0,1687.5,4.199999999999999
Copper Spoon,2,1177,1013.0,3.75
Coral - Hotel Comfort Inn,2,2309,1540.5,2.75
Corner House Ice Cream,2,0,1392.0,3.75
Courtallam Border Parotta,2,0,1722.0,4.0
Caffeine Mug Cafe,2,0,1745.0,3.35
Café Chokolade,2,1866,1243.0,3.35
Café Jew Town,2,352,466.0,3.1500000000000004
Cravingz,2,1312,1834.5,3.05
Crazy Bite,2,0,1001.5,3.45
Cream & More,2,2303,1151.5,3.4
Cream Centre,2,0,2197.3333333333335,3.533333333333333
Creams & Cherries,2,0,1239.5,2.7
Creamy n Spicy,2,703,639.5,3.3
Creme Studio,2,1768,1706.5,2.4
Crisp Corner,2,0,2528.5,3.65
Crumbs,2,2883,2589.0,3.5
CnD Bakers & Restaurant,2,3184,2001.5,4.45
Coal Barbecues,2,13945,2536.0,3.85
Coastal Tadka,2,0,2289.5,1.9500000000000002
Cocoa Drama,2,0,1676.5,3.3
Cocoabay,2,0,1635.3333333333333,3.1666666666666665
Coffee Beanz Traditionz,2,5162,1982.5,1.8
Coffee By Di Bella Exclusive,2,0,2317.5,1.35
Cake 'n' Bake,2,354,1009.5,1.85
Cake A Licious,2,0,1774.5,1.9500000000000002
Cake Boutique,2,3392,1696.0,3.5
Coffee Culture - The Ristorante Lounge,2,0,1098.0,2.45
Coffee House,2,0,2226.0,1.2
Coffee and Kitchen,2,539,1491.0,4.25
Cool Point,2,3507,1753.5,2.65
Copa,2,0,1312.0,1.6
Copper Kitchen,2,2509,836.3333333333334,2.1
Chicken Hub,2,0,1864.5,3.0999999999999996
Chicken Paratha,2,2152,1166.5,3.6
Chill N Grill,2,432,977.5,2.3
Chillax Cafe& Bistro,2,2986,1493.0,3.3
Chilli's Restaurant & Bar,2,4156,2078.0,3.1500000000000004
China Town Fast Food,2,1856,1392.0,2.75
Chinese Fast Food,2,3239,1619.5,3.95
Chitale Bandhu Mithaiwale,2,0,1331.5,3.3499999999999996
Chotu Hotel,2,1244,738.0,2.8499999999999996
Cake Centre-The Dessert Maker,2,1870,1884.5,3.1500000000000004
Cake House,2,0,1691.5,2.0
Chowman,2,0,1361.0,1.8666666666666665
Cinnamon,2,1646,823.0,2.1500000000000004
Citrus Cafe,2,0,2013.5,3.15
City Buzz - The First Hotel,2,471,1325.5,1.95
Class Bunk Cafe,2,0,1171.0,3.0
Chai's,2,1094,1516.0,2.8499999999999996
Chajju Da Dhaba,2,176,1126.0,3.65
Charcoal Eats,2,0,1618.5,3.45
1 and Above,2,0,1688.0,2.4
Zync,2,746,1092.0,3.15
Campus Bakers,2,2608,2346.5,1.5499999999999998
3 Monkeys Brewpub,2,0,1811.0,3.5
Waves Bar & Restaurant - Hotel Manorama,2,1555,1443.0,3.5999999999999996
Whatta Waffle!,2,700,1583.5,2.75
White Pearl - Kiranshree Portico,2,3134,1567.0,3.15
Wild West Pub,2,1251,1525.5,2.6
Wok Me.Mrs Umbrella,2,2748,2799.5,4.15
Woodlands,2,0,1431.0,2.0
World Of Pizzeria Bistro,2,1695,1749.0,2.8
Yaariyaan,2,0,1294.5,1.75
Chick Blast,2,0,1738.0,2.2
Chestnuts,2,3751,1875.5,3.05
Wakhra,2,0,1985.5,3.45
Walnut,2,1129,1584.0,1.65
Warehouse Cafe,2,0,1702.5,2.6500000000000004
Wat-A-Burger!,2,0,1149.6666666666667,2.1999999999999997
Captains Bakery & Cafe,2,0,1379.5,2.5999999999999996
Carnations,2,1007,699.0,3.6
Ceylon Bake House,2,0,1424.3333333333333,2.3333333333333335
Chaat Adda,2,0,1696.5,2.0
Chai Ketali,2,1932,1841.0,2.4
Chai Sutta Bar,2,1606,1305.5,3.0999999999999996
Yalla Yalla,2,2695,1964.5,3.1500000000000004
Yo-China Chinese Fast Food,2,4856,2500.5,4.0
Yummy Bakers,2,2328,1569.0,1.35
Zafran,2,0,1630.0,3.2
Zaika,2,2100,2384.0,3.3499999999999996
ह-tea The Tea Hut,1,0,1741.0,4.3
#OFF Campus,1,0,1520.0,1.0
#Waffles,1,0,379.0,1.3
0124 Bar Exchange - Open Terrace Brewery,1,0,2839.0,4.0
07 Street Cafe & Choco Crush,1,0,2048.0,4.0
1 BHK - Brew House Kitchen,1,0,2206.0,2.4
1 Lounge and Restaurant,1,0,2677.0,3.6
10 11 Restaurant,1,2213,2213.0,2.5
10 Downing Street,1,5686,2843.0,1.0
Zero Mile Restaurant & Banquets,1,0,1193.0,4.9
2Nine Restaurant,1,0,691.0,4.3
27 Culinary Street,1,0,1719.0,2.1
24Seven,1,0,2117.0,4.1
24*7 Hunger Solutions,1,0,2204.0,1.5
24 Hours Food Factory,1,0,465.0,3.4
22nd Parallel,1,0,2051.0,1.6
21st Fast Food,1,175,175.0,2.4
1Q1,1,0,1426.0,4.1
1BHK Superbar,1,1790,895.0,3.3
1947 Restaurant,1,0,2442.0,3.0
180 Degrees - Radisson,1,1925,1925.0,2.7
16 Anna Bengali Restaurant,1,0,1186.0,3.4
1559 AD,1,0,2767.0,3.7
15 Hours,1,0,782.0,4.6
14C Café & Bistro,1,2211,2211.0,1.7
Celebrity Bar - Hotel Kanhashyam,1,1464,1464.0,1.7
Celebrations Drive Inn,1,0,2345.0,2.0
Celebrations 365,1,0,1929.0,3.7
Celebration bakery and confectionary,1,2128,2128.0,3.0
Celebration Bar and Restaurant,1,2342,2342.0,4.7
Catalyst Gastrobar,1,800,800.0,2.6
Castle's Barbeque,1,1988,994.0,1.1
Castle Executive,1,0,1683.0,4.0
Casserole,1,0,2230.0,3.9
Cassava - Kochi Marriott Hotel,1,0,1270.0,4.9
Casino Park Restaurant,1,0,575.0,2.9
Casadella Bake Foods,1,0,2307.0,2.8
Casa Piccosa,1,0,682.0,3.4
varadi wada,1,0,1366.0,4.8
test Nimpura,1,922,922.0,2.9
test Malancha,1,241,241.0,2.6
Chaa Ne Lari,1,0,2771.0,2.9
Casa Lolo,1,0,2263.0,4.6
Casa Dolce,1,2816,1408.0,3.5
Carters Green,1,0,2117.0,4.7
Carter Road Social,1,5884,2942.0,3.3
Carnival Food and Entertainment Zone,1,1926,963.0,4.4
Carne,1,0,1890.0,3.0
Carls and Flames,1,0,1093.0,4.8
Caramella's,1,0,957.0,4.4
Caramel - The Elite Grand,1,574,574.0,3.7
Captain Sam's,1,1066,1066.0,3.7
Capoor & Sons,1,0,2331.0,2.0
Capital Bakery,1,0,2923.0,2.4
Caper - Four Points by Sheraton,1,0,1667.0,3.9
Central Coffee House,1,621,621.0,4.8
Celesty Ice Cream,1,0,2159.0,4.4
Chai Ka Adda,1,0,2583.0,3.7
Chai Galli,1,682,341.0,3.0
Chai Dostana,1,468,468.0,1.7
Chai Aur Chatkara,1,0,1744.0,2.0
Chai & More,1,1432,1432.0,3.5
Chafa Cafe and Studio,1,0,2121.0,2.0
Chachaji Makhan Wala Dhabha,1,0,1003.0,3.5
Chaayos,1,0,2716.0,1.1
Chaatz & Bakez,1,0,1175.0,2.0
Chaater Box,1,2264,2264.0,3.4
Chaat Shaala,1,2696,1348.0,4.5
Chaat Mahal,1,0,1794.0,4.8
Chaat Chator,1,2324,2324.0,3.1
Chaat Bazaar,1,0,1810.0,2.8
Chaar Bhuja Sweets & Namkeen,1,2213,2213.0,4.3
Chaai Centre,1,0,625.0,1.2
Champaji Gulab Jamun,1,0,2628.0,2.3
Chamiers Cafe,1,0,1766.0,4.8
Chaman Family Restaurant,1,165,165.0,3.6
Chalk Story Veg Restaurant,1,0,652.0,1.5
Chakkarapanthal,1,0,1866.0,4.5
Chaiwala Cafe,1,730,730.0,1.4
Chaitanya Paranthas,1,0,545.0,4.5
Chaipresso,1,2521,2521.0,3.5
Chainook,1,1258,629.0,1.5
Chaina Ram Sindhi Confectioners,1,911,911.0,1.1
Chai-Coffi,1,0,622.0,2.2
Chai Villa,1,0,524.0,1.1
Chai Tapri,1,0,986.0,5.0
Chai Par Charcha -CPC,1,0,2432.0,4.7
Chai Pani Ki Kahani,1,0,1376.0,2.3
Chai Minar (Serves Irani Chai),1,1140,1140.0,3.3
Chapter Seven Skybar & Kitchen,1,0,2012.0,4.1
Chappathi Gangadhara,1,0,2851.0,3.1
Chapatti Wala,1,351,351.0,2.6
Chaoffee,1,0,2790.0,4.0
Chang's Legacy,1,0,1220.0,4.7
Chandu Restaurant,1,2643,2643.0,2.0
Chandu Halwai,1,0,898.0,4.7
Chandra Sweets,1,2116,2116.0,1.7
Chandra Bakery,1,0,602.0,1.4
Chandigarh Flavours,1,0,1130.0,2.8
Chandan Ice Corner,1,0,2593.0,1.3
Chandan Hotel,1,0,1176.0,3.4
Chand Bakers,1,0,945.0,2.2
Chanchal Hotel,1,2360,2360.0,1.3
Champaran Bhojnalaya,1,0,2852.0,3.0
Champaran,1,4454,2227.0,4.2
Charlie Bakers,1,0,2927.0,4.3
Canopy,1,5378,2689.0,2.4
Cano Crush,1,0,1359.0,4.7
Cane-O-La,1,0,1790.0,1.7
Candy Kisses,1,900,450.0,3.7
Candies,1,475,475.0,1.9
Canal Restaurant,1,2622,2622.0,2.9
Campari Bar,1,0,2881.0,1.4
Camios!,1,0,2260.0,4.9
Call For Cake,1,653,653.0,3.1
California Burrito,1,0,1524.0,2.5
Calcutta Roll Centre,1,0,1335.0,4.1
Cakipaste,1,0,1900.0,4.3
Charcoal Grill,1,0,2326.0,4.7
Charcoal Chicken Barbecue,1,0,1412.0,4.1
Charcoal,1,0,641.0,3.0
Chaurasia Flavour Paan Shop,1,0,2596.0,1.4
Chaugan,1,0,938.0,3.0
Chatoree Katoree,1,0,942.0,1.8
Chatoree,1,834,834.0,2.0
Chatkazz,1,0,2220.0,2.2
Chatar Patar,1,0,1081.0,2.9
Chatakdar Katta,1,0,1605.0,2.9
Chat Pata,1,0,280.0,4.8
Chat On Chaat - The City Food Court,1,0,386.0,4.8
Chat N Chill,1,2486,2486.0,3.2
Chat 'N' Chew,1,0,425.0,3.4
Chaska Food Truck,1,332,332.0,4.7
Chaska,1,0,2277.0,5.0
Charotari Kheechadi,1,2333,2333.0,1.6
Charnock's,1,0,1677.0,2.9
Charmant-The Heritage Café,1,0,2992.0,4.2
Cheena Samosa,1,2985,2985.0,1.9
Cheelizza - India Ka Pizza,1,0,1891.0,2.9
Cheeky Monkey,1,2639,2639.0,2.5
Checkmate Cafe,1,0,1134.0,2.1
Checkers Pizza & Shawarma,1,0,2960.0,4.8
Check-it,1,0,1293.0,3.1
Cheap & Best,1,0,2279.0,4.8
Chawlas2,1,0,2137.0,3.1
Chawlas Fast Food,1,2125,2125.0,3.3
Chawla's²,1,0,2892.0,3.7
Chawla's Snacks & Sweets,1,2865,2865.0,1.1
Chawla's 2 Online.com,1,0,296.0,3.3
Chawla Ice Cream,1,1504,1504.0,4.0
Chavadi By Sadanand,1,0,481.0,2.1
Chaurasia Pan Sonu 18,1,0,1472.0,2.3
Chaurasia Pan Parlour,1,0,311.0,1.5
Chemistry,1,0,2000.0,1.1
Chelaram Sweets,1,0,1750.0,1.4
Chefs,1,0,769.0,4.2
Chef's Treat,1,0,1613.0,3.5
Chef's Restaurant,1,0,427.0,2.8
Chef's Chowpatty,1,0,2885.0,3.2
Chef Rajan Bakery,1,1357,1357.0,3.3
Chef Charmy's Foodhouse,1,0,1864.0,1.8
Chef Baker's,1,0,1623.0,3.0
Chef 55,1,438,438.0,4.6
Cheezone,1,1803,1803.0,2.5
Cheeze Box,1,0,2132.0,3.6
Cheesy Fries,1,0,424.0,1.3
Cheers Crossroads,1,0,1726.0,1.9
Cheers Bar,1,0,2848.0,2.2
Cheer's The Bar,1,3396,1698.0,1.4
Chhayanshi Fast Food,1,0,930.0,2.5
Chhappan Bhog,1,0,1231.0,5.0
Chhabra Sweets,1,2769,2769.0,2.0
Chhabra Bakers and Confectioners,1,0,1238.0,3.5
Chez Nous - West End Hotel,1,979,979.0,2.2
Chez - Pan Oriental Kitchen,1,0,2832.0,4.2
Chetna Ganthia Rath,1,0,2920.0,2.9
Chethan Family Restaurant,1,1288,1288.0,1.5
Chetan Restaurant and Milk Dairy,1,0,1828.0,4.2
Chetan Mess,1,0,2797.0,4.1
Cherry's The Sweet Way,1,2966,2966.0,3.3
Cherry on Top,1,0,2928.0,2.5
Cherry Bar - The Leela Ambience Convention Hotel,1,0,1987.0,4.8
Cherry -The Pudding House,1,0,2456.0,1.5
Cherries n Berries,1,0,1223.0,4.7
Chennai Express,1,1854,1854.0,1.3
Cakewalk,1,1414,1414.0,3.1
Cakewala,1,0,558.0,3.5
Cakes n Bakes,1,0,401.0,1.9
Cakes N' Craft,1,0,896.0,2.9
Cakes Man,1,0,1677.0,4.2
Cakes 365,1,0,1432.0,2.3
Cakes 'N' Bakes,1,0,1264.0,4.9
Cakers & Cakers,1,0,361.0,4.8
Cakeology,1,1918,1918.0,3.9
Cakeliner,1,0,2917.0,4.9
Cake-Links,1,0,1295.0,4.2
Cake's Valley,1,0,2139.0,2.6
Chick Inn,1,0,2057.0,3.7
Chick Chick Corner,1,0,746.0,3.5
Chi Ni - The Roseate,1,0,1854.0,4.2
Chi Na Chi Ni,1,0,791.0,1.3
Chillout D Lounge & Disc,1,0,2450.0,1.8
Chillies Restaurant,1,0,1027.0,4.5
Chillies Dhaba,1,0,1313.0,2.8
Chilli Chatkaaz,1,0,363.0,2.8
Chilli & Pepper,1,0,507.0,3.2
Chillax Fast Food Corner,1,0,1522.0,4.3
Chill Out Fast Food,1,462,462.0,1.4
Chill N Thrill,1,0,2607.0,1.9
Chill Fine Dine Restaurant,1,0,1072.0,3.2
Chili's Grill & Bar,1,0,2772.0,2.3
Chicken Zone,1,0,185.0,4.6
Chicken Village,1,0,1688.0,2.4
Chicken Cafe,1,356,356.0,4.5
Chick-N-Grill,1,0,1279.0,2.4
Chick N Serve,1,0,2730.0,2.2
Cakies n Cookies,1,2658,2658.0,1.3
Chinnus Restaurant,1,0,2945.0,1.4
Chings Chinese Corner,1,0,2081.0,4.8
Chingari - Sheraton Grand,1,2223,2223.0,2.4
Chinese N Grill,1,0,1211.0,1.1
Chinese Kitchen,1,0,1696.0,2.3
Chinese Corner and Bengali Mess,1,0,2921.0,1.2
Chinar RestroBar,1,895,895.0,1.7
China Truck,1,501,501.0,3.1
China Kitchen - Hyatt Regency,1,0,1395.0,3.9
China House Lounge - Grand Hyatt,1,0,1681.0,4.5
China Club,1,0,223.0,3.3
China Bite,1,1423,1423.0,1.6
Chin Mi,1,0,2242.0,4.2
Chimney Restaurant,1,1164,1164.0,4.3
Chilly Punjab,1,2378,2378.0,1.7
Chillum Cafe,1,0,905.0,4.5
Chocomans,1,2080,1040.0,2.6
Chocolateria San Churro,1,2824,1412.0,3.8
Chocolat Boulangerie Patisserie,1,1068,1068.0,4.9
Chocolat,1,1142,1142.0,2.7
Chocobell,1,0,863.0,4.8
Choco Fountain,1,0,2764.0,3.3
Choco Chéri,1,2659,2659.0,4.3
Chlorophyll,1,1406,1406.0,2.8
Chittoda's Suruchee Restaurant,1,0,794.0,2.3
Chitrakoot Kachori Bhandaar,1,1336,1336.0,1.0
Chithra Coffee Bar,1,0,1039.0,2.4
Chit Chat Chaat,1,0,284.0,4.6
Chirag Hotel,1,2532,2532.0,3.6
Chipstead - Taj Coromandel,1,0,2148.0,3.0
Chintamani South Indian Tiffin,1,0,832.0,4.8
Chinoiserie - Taj Bengal,1,2752,2752.0,1.7
Choudhary Misthan Bhandar,1,0,2674.0,3.7
Choubey's Chinese,1,1734,1734.0,3.4
Choubey Falhari Restaurant,1,0,2041.0,1.1
Chotu Shikanji Wala,1,1633,1633.0,4.5
Chotu Puri Wale,1,2368,2368.0,1.8
Chotu Bhai Chaat,1,2863,2863.0,3.5
Choti Wala,1,3850,1925.0,1.1
Choti Delhi,1,1706,1706.0,1.1
Chopstix,1,1035,1035.0,2.4
Chopsticks,1,2492,2492.0,2.0
Chool,1,0,1255.0,4.4
Choki Dhani Restaurant,1,0,1821.0,1.3
Chokho Marwar By Pandit's,1,0,2454.0,2.5
Choice Snack Bar,1,0,524.0,4.3
Choice Namkeen,1,2345,2345.0,1.5
Chocoteria,1,0,1391.0,1.7
Cake Waves,1,0,2847.0,2.0
Cake Walk,1,2966,2966.0,1.8
Cake Town,1,0,1072.0,1.1
Cake Street,1,1500,1500.0,1.8
Cake O Holics,1,861,861.0,3.8
Cake My Day,1,0,782.0,1.0
Cake Me Away,1,0,1357.0,2.3
Cake Me,1,0,726.0,1.6
Cake Love,1,2464,2464.0,4.8
Cake Desire,1,0,2206.0,2.2
Cake Connection - Live Cake,1,0,579.0,4.4
Cake Central By Cakesmith's Alley,1,0,2147.0,4.4
Cake Cafe,1,464,464.0,1.5
Chouhans Kitchen,1,0,1130.0,4.8
Choudhary Sweet Home,1,2740,2740.0,1.2
Choudhary Namkeen,1,1573,1573.0,2.1
City Cake Shop,1,0,589.0,4.7
City Cabana,1,0,637.0,1.4
City Bites,1,0,1039.0,3.7
Citrus Café - Lemon Tree Premier,1,362,362.0,4.3
Citrus - The Leela Palace,1,783,783.0,2.1
Cinnamon Fine Dine,1,0,168.0,2.6
Cilantro,1,0,2879.0,3.4
Chutneys,1,0,619.0,1.3
Chuskiyan The Tea Cafe,1,0,910.0,2.6
Chur Chur Naan Special (CFC),1,2158,2158.0,2.9
Chung Wah Express,1,2958,2958.0,4.7
Chulha Chowka,1,0,2605.0,1.3
Chrystal Bowl Restaurant,1,0,2950.0,4.9
Chowpatty,1,2415,2415.0,2.8
Chowk - The Gateway Hotel,1,1437,1437.0,2.2
Cake Zone,1,0,579.0,2.4
Claypot by Utsav,1,0,1369.0,3.1
Classsic Biriyani Hut,1,2218,2218.0,4.5
Classico Royale,1,0,1920.0,2.4
Classic Treat Restaurant,1,0,1343.0,1.8
Classic Juice Cafe,1,1860,1860.0,1.0
Classic Jamwich,1,0,573.0,4.5
Classic Fast Food,1,0,2534.0,4.1
Classic Family Restaurant,1,549,549.0,2.5
Classic Dine,1,0,2225.0,3.9
Classic Cafe,1,2182,2182.0,3.6
Civil House,1,0,1821.0,2.1
City Heart Hotel & Restaurant,1,0,2241.0,4.8
City Gymkhana Club,1,0,2245.0,4.4
City Grand Hotel,1,0,1899.0,4.8
City Food,1,1133,1133.0,4.2
City Dhaba,1,1289,1289.0,4.6
Cocoberry,1,1161,1161.0,4.0
Cocoamaya,1,0,761.0,3.7
Cocoa Bakery,1,759,759.0,4.0
"Cocktails & Dreams, Speakeasy",1,0,1365.0,3.0
Cochin Restaurant,1,397,397.0,1.4
Cochin Bakes & Chips,1,0,1792.0,5.0
Cob's Kitchen,1,3388,1694.0,1.4
Coastal Restaurant,1,2429,2429.0,3.3
Coastal Hub,1,1639,1639.0,3.1
Cluckers Fried Chicken Restaurant,1,0,2395.0,2.1
Club Rogue,1,2070,2070.0,1.0
Club Ice Cube,1,0,1327.0,2.9
Club Escape,1,2765,2765.0,2.4
Club Coffee Shakes,1,0,2677.0,4.4
Club Cafe,1,0,969.0,3.6
Club Cabana,1,0,333.0,2.0
Cake Bonzer Bites,1,0,719.0,4.3
Cake Bites,1,597,597.0,1.9
Cake Bells,1,0,1461.0,1.5
Cake Bazaar,1,0,1008.0,1.5
Cake Bank,1,712,712.0,2.3
Cake Bakes By Spriha,1,2507,2507.0,2.9
Cake Bakers,1,590,590.0,2.6
Cake Bake Shake,1,0,232.0,2.1
Cake Baba,1,0,2182.0,2.9
Cake 24x7,1,0,1393.0,1.6
Cake & Cafe 11,1,0,1313.0,1.2
Café Wrapico,1,0,1534.0,4.1
Café Wanderlust,1,0,2377.0,3.5
Coffee By Di Bella,1,0,1585.0,1.6
Coffee Break,1,0,2269.0,2.5
Coconut Grove Resto-Bar,1,0,866.0,3.4
Collage - Hyatt,1,3410,1705.0,1.5
Cold Mold,1,0,1338.0,4.0
Cold House,1,0,2723.0,5.0
Cold Cone,1,2085,2085.0,2.3
Coffo Holic,1,0,1488.0,2.7
Coffila Food Court,1,1416,1416.0,3.7
Coffee anni barach kahi,1,0,1033.0,2.9
Coffee World,1,0,535.0,1.2
Coffee Villa,1,1347,1347.0,2.5
Coffee Shop - VITS,1,4920,2460.0,3.9
Coffee Shop - Fariyas Holiday Resort,1,0,2551.0,2.2
Coffee Plaza,1,0,204.0,1.9
Coffee Jar,1,0,557.0,3.0
Coffee Heaven,1,330,330.0,3.2
Coffee Cave,1,3488,1744.0,2.4
Coffee Cafe Refreshment Point,1,0,2316.0,1.7
Costa Coffee,1,0,2717.0,4.4
Cosme Multi Cuisine Restaurant - Hotel Levana Suites,1,901,901.0,3.6
Corn Bite,1,1571,1571.0,4.2
Coriander Kitchen - Conrad Pune,1,0,1057.0,3.5
Copains Coffee Cafe,1,5158,2579.0,2.2
Cool Joint,1,0,2620.0,3.0
Cool Down,1,0,2416.0,4.2
Cool Blog,1,2110,2110.0,4.6
Cookie's Jar By Geet And Vir,1,0,1747.0,4.4
Cookie Man,1,952,952.0,2.8
Cookhouse Food Court,1,2120,2120.0,4.7
Cook Door Biryani Corner,1,0,2352.0,4.4
Cone-N-Cakes,1,1098,549.0,3.7
Concert Hot Bread,1,0,1520.0,3.1
Concept Shawarma,1,0,195.0,4.6
Communiti,1,2879,2879.0,3.4
Café Pluck - Pullman New Delhi Aerocity,1,0,2028.0,4.2
Café OMG!,1,0,2030.0,2.1
Café Knosh - The Leela Ambience Convention Hotel,1,0,1451.0,3.4
Café Bae,1,0,2237.0,2.6
Café 77 East - Taj Bangalore,1,0,587.0,4.8
Caffixo,1,0,1819.0,4.9
Caffix Cafe,1,2992,2992.0,1.8
Caffein cafe,1,0,553.0,4.9
Cafelicious,1,0,2665.0,2.5
Cafeccino,1,0,1074.0,3.3
Cafe waari,1,0,1954.0,2.0
Cafe choco craze,1,0,2145.0,3.3
Cozy Confectioners,1,2593,2593.0,3.3
Courtyard Restaurant & Cafe,1,0,1446.0,4.8
Country Style,1,0,195.0,1.8
Costa Hotel,1,0,202.0,1.3
Cream e Cakes,1,3918,1959.0,2.2
Cream Lickers Ice Cream,1,0,189.0,4.6
Cream Fresh Natural Icecream,1,905,905.0,4.6
Cream Dream,1,0,1354.0,4.7
Cream Creations,1,0,2586.0,2.8
Cream Craft,1,2829,2829.0,4.2
Cream Corner,1,1594,1594.0,2.9
Cream Chemistry,1,1314,657.0,1.6
Cream Bell Scoopers,1,610,610.0,1.1
Cream Bell,1,0,1759.0,4.5
Crazy Samosa,1,0,2405.0,3.2
Crazy Noodles,1,0,826.0,2.1
Crazy Cheesy,1,0,207.0,3.3
Cravenzaa,1,0,982.0,1.7
Crave More,1,0,1089.0,3.7
Café Venture Studio,1,0,1926.0,4.1
Curries,1,0,290.0,2.6
Cuppuccino,1,0,2463.0,4.4
Culina 44 - Taj City Centre Gurugram,1,0,1060.0,1.9
Cuba 3 Family Restro Bar,1,0,2611.0,1.9
Crèmeore,1,0,2492.0,4.1
Crystal Sweets & Bakery,1,0,976.0,3.6
Cruise N Dine - The Floating Restaurant,1,0,1607.0,1.1
Crudo Juicery,1,0,410.0,4.1
Crostini Woodfire Pizza,1,0,1172.0,3.1
Cross Connection,1,0,2900.0,2.8
Crimsons - The Lounge Bar,1,0,1341.0,2.1
Crescent Ice Cream Parlor Bakery & Restaurant,1,757,757.0,1.5
Cremica Ice Cream Cafe,1,0,1784.0,4.4
Creams N caffine,1,0,1656.0,3.7
Creambell Shopee Ice Spring,1,0,1082.0,3.4
Cream&More,1,0,2494.0,4.9
D.K Confectionery,1,0,2331.0,3.0
D'Crepes Cafe,1,0,2391.0,3.0
D' Barbeque a Unit of Warhadi Thath,1,0,1517.0,4.6
D Village Restaurant,1,0,2371.0,1.0
D Sutra - Hotel Manor,1,0,2992.0,3.4
D Palace,1,810,810.0,1.8
Cyber Hub Social,1,0,1804.0,4.1
Cusiny,1,0,637.0,3.3
Curry-O-Logy,1,0,2682.0,2.0
Curry's,1,0,720.0,4.9
Curry Tree,1,0,2367.0,4.8
Curry Pot,1,0,1368.0,1.8
Curry Leaves,1,0,2019.0,3.7
Curry Country BBQ,1,0,2930.0,2.5
Curry,1,2556,2556.0,2.6
Curries & Biryani,1,2963,2963.0,2.0
Daawat-E-Khaas,1,0,921.0,1.8
Daawat Restaurant,1,0,2274.0,3.4
Daarji,1,0,1341.0,4.9
Da'Caar Jumbo Wraps,1,0,2511.0,3.1
DSC - Deli Salad Co.,1,761,761.0,3.0
DS Milk World,1,0,2106.0,4.0
DR Pizza & Foods,1,2898,2898.0,3.0
DNS- Desserts N Shakes,1,0,850.0,1.5
DND-Daily Nutritional Diet,1,1683,1683.0,3.6
DND Bar & Lounge,1,0,758.0,1.8
DJ's Downtown,1,0,504.0,2.6
DFC- Damir Fried Chicken,1,0,1528.0,4.4
DDL Restaurant,1,0,1025.0,4.8
DCT Tadka,1,0,923.0,1.1
DAUJI chat and kulfi centre,1,0,512.0,2.1
DANIEL PÂTISSIER,1,0,1762.0,2.9
Dabba House,1,775,775.0,4.6
Cafe Zoe,1,1129,1129.0,2.8
Cafe Wink,1,0,1466.0,3.2
Cafe Vintage,1,0,1738.0,2.2
Cafe Village Highway,1,0,669.0,1.5
Cafe Upper Crust,1,0,1920.0,3.7
Cafe Unplugged,1,2538,2538.0,1.6
Cafe Universal,1,2683,2683.0,4.6
Cafe Tulsi & Chelaram Sweets,1,0,1433.0,3.7
Cafe Totaram,1,0,2060.0,3.9
Cafe Topping House,1,0,1005.0,4.6
Cafe Timberland,1,0,2967.0,5.0
Cafe Talkies,1,1011,1011.0,4.4
Cafe TC (Turquoise Cottage),1,0,2850.0,1.7
Cafe Swiss - Swissotel Kolkata Neotia Vista,1,2416,2416.0,4.6
Cafe Street,1,0,1497.0,4.5
Damodar P30,1,1089,1089.0,4.5
Daman Chicken,1,0,2002.0,3.0
Dama Maharaj Sweets,1,0,2433.0,2.8
Dakshinayan,1,1692,1692.0,1.3
Dakshin - Sheraton New Delhi Hotel,1,269,269.0,4.1
Dakshin,1,0,432.0,2.2
"Dakku,s",1,0,1534.0,4.1
Dakhkhan Delicacies,1,166,166.0,2.5
Dairyfresh Icecream,1,267,267.0,2.0
Dairy World,1,621,621.0,4.8
Dairy Fresh,1,1302,1302.0,2.1
Daffodils 23,1,0,937.0,1.5
Daddy,1,2699,2699.0,2.5
Daddu( The food junction),1,0,2961.0,4.4
Dadan Handi Meat,1,0,365.0,1.9
Dad's Tea Retreat,1,0,2969.0,1.2
Dauji Misthan Bhandar,1,0,2349.0,4.5
Dau Snacks,1,2845,2845.0,4.5
Datta Bhau Crunchy Vada Pav,1,0,2033.0,1.6
Data Udipi Hotel,1,0,1431.0,4.2
Dasaprakash Paradise,1,1214,1214.0,4.3
Darshan Restaurant,1,1618,1618.0,3.0
Darshan Rabri Faluda,1,0,1350.0,3.7
Dark Stone,1,1205,1205.0,2.0
Dark Horse Cafe,1,0,2560.0,1.6
Dariole,1,0,2243.0,3.9
Darikhana Restaurant,1,0,2603.0,4.5
Darbar Bar,1,328,328.0,4.5
Dara's Dhaba,1,0,1301.0,2.3
Dappaakaaraar's Momos factory,1,0,943.0,3.1
Danny's Coffee Bar,1,1994,1994.0,1.3
Dancing Noodles,1,0,475.0,1.9
Deep Punjab Dhaba,1,1739,1739.0,4.6
Deep Chinese Fast Food,1,0,1297.0,3.4
Decode,1,4212,2106.0,2.8
Decked Up By Garden Cafe,1,0,1410.0,1.9
Dec - 96 cafe (Dastaan - E- Chai),1,0,2274.0,1.4
De-Jag's,1,0,1382.0,3.9
De'licious - Hotel Royale De Casa,1,882,882.0,3.7
De'Kriollo Bakers,1,0,691.0,2.2
De Italian Pizza Bakker's,1,2486,2486.0,4.6
De Bakers Lounge,1,1586,1586.0,2.7
Dayal Kulfi,1,0,1085.0,1.7
Day Night,1,800,800.0,3.4
Dawat-e-Chef,1,1905,1905.0,2.9
Dawat e' Khaas - Hotel Samrat Heavens,1,0,1126.0,1.4
Dawat Pure Veg Restaurant,1,0,1237.0,4.8
Dawat Bhena Da Dhaba,1,744,744.0,3.7
Deepak Eat Fresh,1,0,1653.0,3.6
Cafe Soul Square,1,151,151.0,1.9
Cafe Sol,1,0,1682.0,3.5
Cafe Shafe,1,0,259.0,1.8
Cafe Satori,1,1259,1259.0,2.0
Cafe Roost Dine And Lounge,1,0,2595.0,2.1
Cafe Relish,1,0,1378.0,4.2
Cafe Red Salute,1,2953,2953.0,3.7
Cafe Quaint,1,0,2978.0,3.7
Cafe Pride,1,272,272.0,3.9
Cafe Prezzo,1,0,2839.0,2.9
Cafe Potaato,1,0,2146.0,3.8
Cafe Plus,1,0,2839.0,3.0
Cafe Palette,1,0,2091.0,5.0
Cafe Nomad,1,2494,2494.0,3.2
Deepak Bhojanalya,1,0,1169.0,3.8
Delhi Highway,1,0,1945.0,4.9
Delhi Fruity Juice & Shake,1,0,2057.0,3.2
Delhi Dharbar,1,0,2142.0,3.3
Delhi Darbar Dhaba,1,0,1592.0,1.2
Delhi Darbar Biryani,1,0,194.0,1.9
Delhi Chicken Shop,1,0,532.0,4.6
Delhi Chicken Point,1,0,287.0,1.9
Delhi Chaat & Cafe,1,402,402.0,3.2
Dehra Darbar Restaurant,1,0,1747.0,3.3
Dehati Rasgulla,1,0,533.0,2.4
Degchi Take Away,1,0,260.0,2.6
Deewaan-E-Khaas,1,0,1663.0,3.3
Deesha Shooping Castle,1,2729,2729.0,2.8
Deepu Mukhwas,1,2868,2868.0,3.6
Deepawali Restaurant,1,0,2846.0,4.5
Deepanshu Juice Corned,1,0,2985.0,2.9
Deluxe Juice Corner,1,0,2635.0,2.1
Delux Ice Cream,1,0,2829.0,2.4
Deliver My Diet,1,1911,1911.0,2.4
Delite Vanila Sweet Parlor,1,0,2087.0,1.5
Delight Muffins,1,0,2055.0,4.9
Delight Korner Cafe Restaurant,1,0,325.0,4.8
Delight Bakers,1,0,1335.0,1.9
Delicious Taverna,1,0,1784.0,1.2
Delicious Restaurant,1,0,979.0,3.7
Delicious Hut,1,0,2776.0,2.9
Delicious Caterers,1,535,535.0,2.0
Delicious Baker,1,0,1520.0,4.0
Delicious,1,0,2240.0,2.9
Deli Pastry Lounge - Holiday Inn,1,0,1190.0,4.8
Delhi delight,1,0,787.0,2.7
Delhi Vaishno Dhaba,1,0,2901.0,1.9
Dessert N Shakes,1,0,1456.0,4.4
Dessert Boutique,1,0,1177.0,1.4
Desire Bakers,1,0,2382.0,3.9
Desi Twist,1,0,2304.0,1.3
Desi Rasoi,1,0,2062.0,2.1
Desi Palette,1,1122,1122.0,3.9
Desi Hut,1,0,2084.0,3.7
Desi Dakaar,1,0,1301.0,5.0
Desi Bites,1,0,203.0,3.2
Desi Aroma,1,0,1375.0,2.9
Deshpande's,1,0,2697.0,4.7
Denzong Kitchen,1,371,371.0,4.2
Denmarrk Drive - Inn Restaurant,1,0,247.0,1.1
Den's Pizza,1,0,2734.0,4.9
Den''s Cafe,1,0,569.0,4.8
Den Cafe,1,1793,1793.0,2.8
Dhaba Shams-Ud-Din,1,0,1092.0,2.7
Dhaba Estd 1986 Delhi,1,0,2678.0,2.6
Dhaba @08,1,0,1990.0,3.8
Dhaba - Estd 1986 Delhi,1,0,488.0,3.4
Dhaba & Kababwala,1,0,2956.0,1.4
Dhaba,1,399,399.0,2.8
Dhaandha Amritsari Shop,1,0,2746.0,1.5
Dezart,1,2889,2889.0,4.1
Dew Drops,1,0,1921.0,2.0
Devpriya's Floating Spirit Bar & Restaurant,1,4376,2188.0,2.7
Deviram Sweets & Food Plaza,1,0,2175.0,2.0
Dev's Bakery,1,0,1721.0,1.5
Dessi Cuppa - Perumbavoor,1,0,2928.0,2.3
Dessertvala,1,0,2031.0,1.9
Dessertino,1,0,2415.0,1.4
Dessert Tribe,1,0,1062.0,4.8
Cafe Niloufer,1,0,346.0,3.7
Cafe N Cravings,1,0,2777.0,3.6
Cafe Mysore,1,1701,1701.0,4.6
Cafe Mughal's,1,0,163.0,2.8
Cafe Mojito,1,0,2953.0,3.2
Cafe Mitrah,1,0,1326.0,3.7
Cafe Milano,1,0,1681.0,3.7
Cafe Mezzuna,1,0,1200.0,2.4
Cafe Medley,1,0,687.0,4.1
Cafe Max,1,1930,1930.0,1.8
Cafe Madras,1,0,184.0,1.5
Cafe Lychee Tree,1,756,756.0,2.2
Cafe Ludic,1,1882,941.0,2.5
Cafe Live & Loud,1,500,500.0,3.3
Dhabeliwala,1,0,234.0,4.3
Dhabba Express,1,0,2424.0,4.0
Dil Khush Family Restaurant,1,2092,1046.0,2.6
Diki Sikkim Momo,1,0,2286.0,2.5
Diesel Cafe,1,1070,535.0,4.6
Dice N Dine,1,0,759.0,3.7
Dhruvi's Resto,1,2239,2239.0,5.0
Dholamaru Foods,1,0,1255.0,3.4
Dhola Maru - Hotel Clarks Amer,1,1463,1463.0,2.8
Dhodha Sweets Bakers,1,0,1845.0,1.9
Dhinchak Burgers,1,0,1738.0,2.5
Dharam Pal Chane Wale,1,0,2121.0,1.8
Dhanraj Mess,1,2833,2833.0,3.9
Dhanne Di Hatti,1,0,2048.0,2.5
Dhanna Kachori,1,3792,1896.0,2.2
Dhaka Hotel,1,2950,2950.0,1.5
Dhadoom,1,0,1076.0,3.8
Dhabha Tari Seth Ka,1,0,2247.0,1.8
Dinshaw's Ice Cream,1,0,691.0,1.4
Dinshaw's Cream Studio,1,0,2449.0,4.4
Dinshaw's (S.S Associates),1,0,2630.0,4.7
Dinner Point,1,0,2608.0,2.1
Dinki Dine,1,0,1653.0,2.7
Dinesh Pan Bhandar,1,0,998.0,3.5
Dinesh Food Zone & Ice Cream Parlour,1,0,2119.0,1.6
Dinein 181,1,433,433.0,1.9
Dine Online,1,0,2741.0,2.3
Dine Hill,1,0,199.0,2.2
Dindigul Venu Biryani,1,1432,716.0,4.0
Dilli Dhaba,1,0,997.0,1.0
Dilli 6,1,0,2491.0,4.4
Dilkhush Chinese Cemter,1,1532,1532.0,2.5
Dilip Fast Food,1,0,978.0,3.4
Dilbahar Lassi House,1,0,2583.0,4.2
Domino's,1,0,999.0,1.7
Dominic Pizza,1,0,202.0,4.9
Dolphin Bakes N Icecreams,1,0,1784.0,3.9
Dolphin,1,0,2285.0,4.0
Dolma Aunty Momos,1,0,1146.0,3.2
Dogra Burger Point,1,0,1640.0,2.8
Do-Pyaaza,1,1145,1145.0,4.6
Dn'D Dine N Drive,1,0,1669.0,3.6
Diya Papan Store,1,0,643.0,2.7
Divtya Budhlya Wada Restaurant,1,0,1695.0,3.5
Divine Chocolate Factory,1,0,2493.0,4.6
Divi Cafe,1,0,2745.0,1.7
Dipti Fast Food,1,0,1641.0,4.5
Diplaz,1,0,2994.0,4.2
Dip N Dine,1,0,2920.0,3.3
Diony's Bistro & Lounge,1,1957,1957.0,1.5
Doston Ki Chai,1,1441,1441.0,1.7
Dose of Desserts,1,2036,2036.0,1.6
Dosart,1,0,1610.0,4.7
Dosa Point,1,0,1627.0,3.6
Dosa Paradise,1,0,2453.0,4.5
Dosa Max,1,0,2777.0,1.1
Dosa Inc,1,2336,2336.0,4.7
Dosa Hut,1,1209,1209.0,3.0
Dosa House,1,2080,2080.0,1.9
Dosa Factory,1,0,1246.0,3.9
Dosa Cafe,1,0,387.0,1.9
Dosa @ Twist,1,2856,2856.0,1.3
Dos Burros,1,0,2989.0,2.4
Donut Factory,1,0,218.0,4.6
Donald's Pastry Shop,1,2626,2626.0,5.0
Dominos Pizza,1,0,2698.0,1.0
Dotivala Bakers & Confectioners,1,0,1497.0,1.4
Cafe LatLong,1,0,853.0,4.1
Cafe LPK,1,0,1653.0,4.3
Cafe Khoka,1,186,186.0,2.7
Cafe J1,1,0,721.0,1.1
Cafe ICanFlyy,1,2188,2188.0,2.2
Cafe House & Ice Cream,1,2689,2689.0,4.5
Cafe Hideout,1,0,519.0,1.9
Cafe Helsinki,1,0,2683.0,1.1
Cafe Grand Restaurant,1,1784,1784.0,2.8
Cafe Gram,1,2452,1226.0,1.4
Cafe Golden Elephant - Ramada Plaza,1,0,655.0,4.2
Cafe GoDown,1,0,2999.0,4.3
Cafe Ginger,1,0,1670.0,3.9
Cafe G - Holiday Inn,1,1098,549.0,1.1
Cafe Fruita,1,0,1609.0,4.9
Drop! In,1,2663,2663.0,3.3
Drinkos The Cafe,1,0,528.0,4.1
Drink Your Selfie,1,0,1770.0,3.4
Dreamz,1,0,331.0,1.7
Dreamers Restaurant,1,1268,1268.0,1.1
Dream Cream Bakery and Parlour,1,2572,2572.0,3.5
Drava,1,488,488.0,1.5
Dragon Express,1,2906,2906.0,4.3
Dragon,1,0,587.0,4.5
Dr. Bubbles Chai Specialist,1,0,466.0,3.1
Dr Bubble Chai Specialist,1,2946,2946.0,4.7
Downtown Granny's Dhaba,1,0,1837.0,4.5
Downtown China,1,0,475.0,4.0
Downside Up,1,1218,609.0,4.6
Doughnuts Bakery House,1,0,2001.0,4.8
Double Down Bar & Pub,1,0,1200.0,4.3
Dynamic Restaurant,1,305,305.0,3.5
Dwaraka Tasty Foods,1,0,1329.0,1.1
Durvankur,1,0,2075.0,1.1
Durrant's Bar - WelcomHotel,1,1937,1937.0,1.1
Durga Hotel,1,0,2443.0,3.0
Dumsum,1,0,755.0,4.2
Dumplings Hood cafe,1,0,1403.0,2.6
Duman Turkish Lounge,1,853,853.0,4.1
Dum Pukht Jolly Nabobs - ITC Windsor,1,0,1032.0,4.9
Dum Pukht,1,0,1830.0,2.4
Dum Pukhat,1,0,1612.0,4.3
Dum & Curry,1,0,769.0,2.0
Dudhia Dairy,1,0,1222.0,4.8
Dua's Tandoori Junction,1,0,1507.0,3.7
Dry N' Fry,1,0,1866.0,3.9
Drum of Beans,1,0,2761.0,1.1
Eats & Treats- Cafe & Bakery,1,2163,2163.0,2.5
Eating Circles,1,0,2345.0,2.6
Eatalio's,1,0,156.0,5.0
Eat it,1,0,629.0,1.9
Eat Street Cafe,1,0,2091.0,1.7
Eat Street,1,1501,1501.0,3.0
Eat N Treat,1,460,460.0,4.8
Eat & Fill - Hotel Wood Castle,1,0,1879.0,1.3
East- The Oterra,1,0,608.0,3.9
East India Street Cafe,1,0,1801.0,1.9
Eagle Restaurant & Bar,1,1795,1795.0,4.3
Eagle Boys Pizza,1,0,1069.0,4.0
ER Hyderabad Briyani,1,0,1094.0,2.6
EEET,1,0,701.0,2.9
EDL - Eat Drink Love,1,0,1748.0,2.0
Dyno Kitchen,1,905,905.0,2.2
Egg House,1,2092,2092.0,4.4
Effingut Brewerkz,1,0,563.0,2.1
Edison's Experiments With Milk,1,0,1397.0,3.5
Edesia's Kitchen,1,1261,1261.0,2.3
Edens,1,1758,1758.0,2.6
Ecstasy Cafe,1,1173,1173.0,2.9
Ecstasy,1,1621,1621.0,1.9
Echoes Hudson Lane,1,0,1199.0,3.9
Ecakezone.com,1,155,155.0,1.7
Ebony - The Golkonda Resort,1,0,923.0,3.0
Ebony,1,0,772.0,1.4
Eatza Pizza,1,4896,2448.0,1.2
Eatwell Restaurant,1,0,2761.0,3.8
Eats Of Arab,1,1245,1245.0,2.2
Eats N Treats,1,0,2924.0,4.2
Eats And Treat’s Bakery & Confectionery,1,0,511.0,4.3
Cafe Frespresso,1,0,2642.0,2.0
Cafe Freedom,1,0,2291.0,4.3
Cafe Free Bird,1,0,1489.0,4.6
Cafe Fitoor,1,0,2423.0,4.7
Cafe Elaichi - A Pure Veg Desi Delight,1,0,2901.0,3.5
Cafe Ekante Eco Park Jetty,1,0,1675.0,2.9
Cafe Ecstasy,1,2275,2275.0,1.9
Cafe Eclat,1,0,1759.0,1.5
Cafe Earth,1,0,383.0,4.2
Cafe Diaries,1,1137,1137.0,3.5
Cafe Di Milano,1,0,2745.0,1.3
Cafe Deja Vu,1,2442,2442.0,3.0
Cafe De Zostal,1,0,2925.0,3.9
Cafe De Piccolo,1,0,1596.0,2.8
Eggers Madhouse,1,1328,1328.0,1.4
EggOMogo,1,0,2632.0,2.9
Emperor Restaurant,1,0,2891.0,3.7
Emoi,1,514,514.0,1.8
Embassy,1,0,2709.0,1.3
Elora Restaurant - Hotel Yuvraj,1,529,529.0,3.5
"Elma's Bakery, Bar and Kitchen",1,1841,1841.0,3.1
Elementaria Bakery Cafe,1,0,609.0,2.4
Elan - The Lodhi,1,0,1781.0,3.2
El Parador,1,0,777.0,2.8
El Camarom de la India,1,0,2497.0,4.7
Ekta Juice Corner,1,0,1490.0,1.6
Ekatra- Radisson Jodhpur,1,2681,2681.0,2.9
Ekam Amritsari Kitchen,1,0,2702.0,1.2
Eigerbuck Chocolates,1,0,996.0,4.3
Eggxotica,1,0,2314.0,2.4
Eggspectation - Jaypee Siddharth,1,0,1126.0,3.0
Eggsotic Pastry Shop,1,2758,2758.0,3.2
Euriska,1,0,2333.0,1.8
Ethyl - Radisson Blu Hotel,1,0,598.0,4.3
Etal The Lounge Bar,1,0,1888.0,3.2
Essence- Hotel Grand Imperia,1,1383,1383.0,2.5
Essence - Crowne Plaza,1,0,2878.0,4.0
Espress Oh Cafe,1,0,2063.0,2.8
Eskopop,1,2796,2796.0,1.0
Esko Bar - Grand Uniara,1,0,372.0,3.0
Eskimos,1,1032,1032.0,2.4
Errol's- Kabab,1,0,1595.0,2.2
Epicurean,1,1228,1228.0,4.3
Enjoy Bakery,1,0,1405.0,1.2
Engineer Ka Thela,1,0,2852.0,1.7
Enerjuvate Studio & Cafe,1,0,1370.0,1.1
Encounters - Taj Krishna,1,0,723.0,3.0
Encode,1,0,1498.0,2.3
Cafe Chokolade,1,780,390.0,4.5
Cafe Chilam,1,0,2157.0,3.6
Cafe CakeBee,1,0,595.0,5.0
Cafe CSM,1,0,2706.0,4.3
Cafe By The Lane,1,0,2586.0,1.3
Cafe Bola Loca,1,0,2712.0,1.1
Cafe Bliss,1,0,353.0,4.4
Cafe Bia,1,0,1285.0,2.1
Exchange RestoBar,1,2205,2205.0,2.5
Excellent Shawarma Corner,1,0,2836.0,1.2
Excellent Bakery Company,1,2815,2815.0,4.5
Excellenceee,1,524,524.0,1.1
Evergreen Sweet House,1,0,1844.0,4.9
Everfresh,1,0,2510.0,2.8
Everest Tasty Momos,1,0,2773.0,2.2
Ever Bake,1,0,1077.0,2.3
Famous Frankie,1,2663,2663.0,4.7
Family Tree,1,0,2114.0,1.8
Falafel's,1,0,2590.0,2.9
Falafel Lovers,1,0,2779.0,4.0
Fakira,1,0,1703.0,4.0
Fakhri Fast Food,1,0,1569.0,2.8
Facebook Point,1,0,1013.0,3.4
Fabelle at The Chocolate Boutique - ITC Grand Central,1,2247,2247.0,4.7
Fabcafe,1,543,543.0,4.7
FSE,1,0,2200.0,4.6
FOI-food of india,1,0,243.0,2.5
F3 Cafe & Lounge,1,0,227.0,1.4
Express Vegetarian,1,0,1985.0,1.8
Explore - The You,1,0,2530.0,2.6
Cafe Connect,1,0,872.0,2.7
Cafe Clock town,1,1327,1327.0,1.8
Fat Butterfly Bakery And Cafe,1,0,2321.0,1.8
Fat Belly,1,0,1330.0,2.1
Fast Forward,1,0,231.0,3.3
Fast Food Corner,1,0,1892.0,2.1
Fast Food Center,1,2626,2626.0,3.8
Farzi Café,1,918,918.0,2.5
Faruuzi Multicuisine,1,5704,2852.0,1.9
Farmaish Hotel Rajdhani,1,0,218.0,3.2
Farm View,1,505,505.0,2.4
Farki,1,0,1258.0,2.6
Faridia Darbaar,1,0,1823.0,1.1
Faraabi Cafe,1,0,931.0,1.8
Fandom at Gilly's Redefined,1,2179,2179.0,2.9
Famous Paratha,1,2805,2805.0,2.0
Famous Neelkanth Juice,1,0,1177.0,4.3
Famous Jigarthanda,1,0,1333.0,4.6
Fipola,1,0,929.0,4.1
Fine Bakers,1,2241,2241.0,4.0
Fight For Fries,1,0,1425.0,2.5
Fiesta @ Beacon,1,0,708.0,4.3
Fiesta,1,0,488.0,3.9
Ferry Wharf,1,0,1630.0,2.9
Fengfu,1,0,2001.0,3.1
Feelme Rest O Cafe,1,904,452.0,1.0
Feast - Sheraton Grand Bengaluru Whitefield Hotel & Convention Centre,1,0,261.0,3.4
Feast - Sheraton Grand Bangalore Hotel at Brigade Gateway,1,568,568.0,1.4
Fava,1,1293,1293.0,1.0
Fauzi Dhaba,1,0,2005.0,3.3
Fauji Punjabi Dhaba,1,2866,2866.0,1.8
Fatoush,1,5658,2829.0,3.0
Fateh Ki Kachori,1,463,463.0,3.0
Fat Lulu's,1,0,1356.0,4.9
Cafe Arabia,1,0,2017.0,4.5
Cafe Appetito,1,1274,1274.0,4.2
Cafe Another Day,1,0,528.0,3.2
Cafe Amin,1,4316,2158.0,4.9
Cafe Amigos,1,0,1634.0,4.9
Cafe After Hours,1,0,846.0,1.2
Cafe Aaash,1,2002,2002.0,4.3
Cafe 99 Polo,1,0,216.0,4.3
Cafe 555,1,1124,562.0,1.3
Cafe #B Town,1,2045,2045.0,2.8
Cafe  Takkari Ya,1,0,1142.0,4.0
Caesar,1,0,603.0,1.4
Cacao,1,2383,2383.0,3.0
Firdous Sweets,1,0,975.0,3.4
Firangish Cafe & Courtyard,1,0,1394.0,3.5
Firangi Halwai,1,0,419.0,1.9
Flavour Kitchen,1,0,2363.0,4.7
Flavor,1,1703,1703.0,2.2
Flaming Wok,1,2777,2777.0,2.8
Flaming 5 Fine Dine & Lounge,1,0,2863.0,3.7
Flame N Grill Restaurant,1,0,2534.0,1.5
Five Star Janta,1,2000,1000.0,3.1
Five Star Dhaba,1,946,946.0,2.0
Five Fat Monks,1,0,882.0,1.5
Fit Fuelz,1,0,1200.0,4.0
Fish O Fresh,1,227,227.0,1.3
Fish Garage,1,0,830.0,4.9
Fish & Fries,1,0,2121.0,3.6
First Cup,1,0,2449.0,1.3
Firki,1,0,2136.0,4.5
Fire Bowl,1,193,193.0,5.0
Cafe Beanne,1,0,2115.0,3.2
Food Buzz,1,0,560.0,4.2
Food Bowl,1,5090,2545.0,4.9
Food Belle,1,483,483.0,3.6
Food Anytime,1,0,2949.0,4.4
Food @ Finger,1,3326,1663.0,5.0
Food 29 Dhaba,1,0,2057.0,2.7
FnP Cakes N More,1,0,1134.0,1.0
Flying Monk,1,1020,1020.0,3.2
Flying Cakes,1,0,1985.0,4.7
FlowerAura,1,0,2319.0,1.0
Flower Drum,1,0,2563.0,1.3
Fleur - The Fern Goregaon,1,0,402.0,1.7
Flechazo,1,0,1073.0,2.4
Flavours Of China,1,0,961.0,1.4
Flavours - Grand Hometel,1,1914,1914.0,1.0
Flavour Stones,1,0,875.0,4.5
Food Singh,1,0,2180.0,3.5
Food Plaza,1,0,2587.0,4.2
Food On Call Restaurant and Home Delivery,1,0,2797.0,1.2
Food Mood Sandwiches,1,2075,2075.0,1.2
Food Masti,1,0,283.0,5.0
Food Mall Multi Cuisine Restaurant,1,1786,893.0,2.7
Food KIng,1,1911,1911.0,4.0
Food Junction Reloaded,1,0,668.0,1.6
Food Junction,1,1880,1880.0,1.4
Food Garage,1,2610,2610.0,1.7
Food Fusion,1,0,177.0,3.8
Food Court Soya Chaap & Fast Food,1,0,906.0,3.6
Food Court By Shri Ram Empire,1,0,2139.0,1.6
Food Court,1,0,373.0,2.7
Food Champ Parcel Point,1,740,370.0,1.7
Food Centre,1,0,2962.0,2.5
CRC,1,0,2678.0,3.3
CP7 - The BBQ Heaven,1,0,390.0,2.8
COLLEGIAN CANTEEN,1,2172,1086.0,4.8
COB - Club Old Barrel,1,0,295.0,2.2
CM Bakers & Cafe,1,2136,2136.0,1.0
CHACHE DA DHABA,1,0,1596.0,2.2
CFC Shalimar Family Restaurant,1,2688,672.0,1.8
CFC - Crispy Fried Chicken,1,0,2177.0,4.8
CC2 Family Restaurant,1,0,865.0,2.5
C.N. Bumiya,1,0,1799.0,1.2
C'sons RepEat,1,0,1859.0,1.5
C'sons Hot,1,0,2772.0,2.1
Food Theory,1,1873,1873.0,5.0
Food Street,1,0,2894.0,2.9
Food Stock Xchange,1,0,236.0,4.5
Food Smugler,1,714,714.0,2.4
Foody Foody Fast Food,1,0,1819.0,3.4
Foodways,1,0,1277.0,3.2
Foodsutra,1,0,2159.0,4.7
Foodsta,1,1747,1747.0,1.6
Foodman.com,1,2256,2256.0,3.4
Foodinn,1,2371,2371.0,1.1
Foodiez,1,0,584.0,3.6
Foodies Kitchen,1,0,2562.0,2.2
Foodies Junction,1,0,1495.0,2.4
Foodies Choice Shawarma Corner,1,0,2545.0,4.8
Foodie's World,1,1902,1902.0,3.3
Foodie Family Garden Restaurant,1,0,1148.0,4.1
FoodPot,1,1409,1409.0,3.3
Food Web,1,0,2547.0,2.1
Food Union,1,0,799.0,2.9
Food Truck Rasa,1,0,2601.0,1.6
Fresh Cake Bakers,1,0,1744.0,4.8
Fresh Avenue,1,769,769.0,3.0
Freeze Inn,1,725,725.0,4.9
Fredericks Lounge - ITC Grand Central,1,0,2162.0,3.7
Fratelli Fresh - Renaissance Hotel,1,0,578.0,4.2
Frankista,1,1732,866.0,4.1
Frankie Nation,1,0,1433.0,2.9
Fozzie's Pizzaiolo. Cafe. Deli,1,0,1852.0,2.4
Foyer Restaurant and Cafe,1,3348,1674.0,1.0
Foxtrot - House of Subculture,1,0,913.0,5.0
Four Friend's Grill & Curries,1,0,452.0,4.9
Fountain Spot,1,1993,1993.0,3.5
Formos,1,0,2114.0,3.9
Fork n Spoon,1,2451,2451.0,2.7
Fork You,1,0,153.0,2.9
Foogle,1,0,2758.0,1.9
Friends Chinese Centre,1,0,308.0,3.2
Friends Chettinad Mess,1,2697,2697.0,3.5
Friends Cafe,1,0,1608.0,3.4
Friends Bowl,1,0,590.0,1.5
Friends Adda,1,2544,1272.0,1.8
Friend Pan Shop,1,0,2806.0,3.1
Fried N Fabulous,1,2442,2442.0,2.7
Freshco's - The Health Cafe,1,658,329.0,1.9
Fresh Snacks Cafe,1,0,1630.0,1.8
Fresh N cut BBQ Grill Hut,1,1628,1628.0,3.9
Fresh N Fresh Bakers,1,0,675.0,3.7
Fresh Juicery,1,0,2758.0,1.5
Fresh Juice Bar,1,0,2773.0,1.2
Fresh Foodie Burger,1,2746,2746.0,3.0
Fresh Chicken &  Mutton,1,0,1994.0,4.4
Fresh Catch,1,0,901.0,1.5
Frozen Stone,1,2310,2310.0,1.7
Frozen Rolls,1,0,2193.0,4.0
Frozen Punch,1,0,2889.0,1.9
Frozen Junction,1,0,2459.0,1.8
Frozen Delight Ice-cream parlor,1,0,1600.0,4.6
Frosty Bite,1,0,2219.0,3.5
Fros Bakers,1,0,2129.0,2.2
Froozo,1,0,2341.0,1.8999999999999997
Frootreet,1,0,2536.0,3.8
Frontier 24/7,1,0,967.0,1.0
From The North,1,1763,1763.0,1.3
FroRolls,1,0,1935.0,2.0
Frishake,1,0,2258.0,1.8
Friessac,1,0,786.0,2.2
Friends Sweets & Bakers,1,0,1342.0,1.8
Friends Sweets,1,1586,1586.0,5.0
Fuzion - Novotel,1,0,920.0,2.9
Fusion Night,1,0,1815.0,2.6
Fusion Curry,1,0,1819.0,2.1
Func - #6 Hotels,1,0,1151.0,3.4
Fun Zone,1,426,426.0,1.4
Fun N Food Restaurant,1,0,783.0,4.4
Fun Loaded Food,1,0,2377.0,4.9
Fullfills,1,0,1364.0,2.8
Fulka,1,1047,1047.0,4.1
Fulfill Cafe,1,2862,2862.0,3.5
Fuel Station,1,0,2337.0,2.0
Fuel Bar,1,0,2140.0,1.5
Fryos,1,0,2124.0,1.6
Frying Pan,1,1077,1077.0,2.9
Fruitizm,1,2818,2818.0,4.7
Fruit Juice Corner,1,0,1952.0,4.0
Buttons,1,0,2704.0,3.7
Butter Kitchen,1,0,1330.0,5.0
Butter Bite,1,0,238.0,3.4
BusaGo,1,254,254.0,3.8
Burri's Bamboos Restaurant,1,450,450.0,5.0
Burp,1,0,423.0,4.7
Burosta,1,0,1538.0,1.2
Burnt Garlic,1,0,2741.0,2.0
Burnout 2.0,1,0,2905.0,2.8
Burma Idiyappa Kadai,1,677,677.0,1.2
Burhanpur Juice Center & Mawa Jalebi,1,0,1292.0,1.3
Burgzz Bee,1,0,955.0,1.8
Burgzooka,1,0,929.0,4.3
G-Star Chaap,1,904,904.0,4.3
G Zar,1,0,1365.0,1.7
G Chakna- G Hotel,1,0,371.0,2.7
Ganesh Bhawan,1,0,2432.0,1.9
Ganache Patisserie,1,0,1419.0,2.2
Gale Regale - The Metropolitan Club,1,0,1562.0,3.5
Galaxy Scoop Baskin Robbins,1,0,1569.0,3.1
Galaxy Food Center,1,1796,1796.0,2.2
Galaxy @Lodhi club,1,1003,1003.0,3.3
Gala Bagh Garden & Multi-Cuisine Restaurant,1,0,2862.0,3.5
Gajanan Parotha House,1,0,1197.0,4.7
Gaikar Saheb Ande Ke Fande,1,0,1236.0,4.3
Gagan Vaishno Dhaba,1,0,189.0,2.8
Gagan Fast Food,1,461,461.0,4.0
Gadh Kalewa,1,1810,1810.0,4.8
GS Chinese & Punjabi,1,0,1470.0,4.3
GS Bar & Family Restaurant,1,2522,2522.0,4.3
G. Pulla Reddy Sweets,1,2583,2583.0,2.1
By The Way,1,0,1484.0,2.7
Gareeb Nawaz Tea Stall,1,0,1937.0,2.4
Garden Retreat - Welcom Heritage Bal Samand Lake Palace,1,0,1637.0,4.6
Garden Of Edesia,1,0,450.0,4.4
Ganraj Bhel & Panipuri,1,0,1790.0,2.0
Ganpati Bikaner Sweets,1,0,2947.0,4.3
Ganna Cafe,1,726,726.0,2.5
Gangtok Groove,1,0,227.0,4.7
Gangotri Restaurant,1,0,564.0,3.7
Gangaur,1,303,303.0,1.8
Gangaram Amarchand Halwai,1,1531,1531.0,3.1
Ganga Khandvi Dhokla House,1,0,1499.0,3.1
Ganesh Restaurant,1,471,471.0,2.2
Ganesh Fruit Juice Parlour,1,2826,2826.0,2.4
Ganesh Chawala Falli,1,0,322.0,3.0
Ganesh Chat Bhandar,1,0,2804.0,4.0
Ganesh Bhojnalaya,1,2185,2185.0,4.7
Gelato Davinci Italian Natural Ice Cream,1,2306,2306.0,2.6
Geetha Restaurant,1,0,2161.0,4.6
Geeta Juice Corner,1,0,1269.0,3.5
Gazebo Restaurant & Party Lawn,1,168,168.0,2.9
Gazebo Garden Restaurant,1,0,1810.0,1.7
Gazal Ice-Cream Parlour,1,0,2997.0,2.1
Gaylord Tea  Coffee Snacks,1,1726,1726.0,4.0
Gayatri Mishthan Bhandar,1,0,2527.0,3.0
Gayatri Mewad,1,5598,2799.0,1.4
Gaurav Sweets and Snacks,1,387,387.0,3.2
Gauranga Bakers,1,0,2458.0,4.3
Gauganga Natural Food Products,1,1811,1811.0,1.5
Gastronomer by Double Roti,1,1888,1888.0,3.1
Garlick Restaurant,1,0,1409.0,1.8
Garib Bakery,1,0,162.0,3.0
Garg Sweets,1,1998,1998.0,2.9
Burgertron,1,2008,2008.0,3.6
Burgerama,1,0,480.0,2.1
BurgerZilla Gourmet Burger,1,2332,1166.0,2.5
Burger TX1880,1,0,1879.0,4.6
Burger Nest,1,0,2527.0,1.5
Burger N Sons,1,0,251.0,4.1
Burger Ka Baap,1,0,1668.0,1.6
Burger Grill,1,0,2847.0,2.5
Burger Fries Factory,1,0,892.0,2.4
Burger Choice,1,0,193.0,2.4
Burger Bite,1,0,961.0,3.5
Get Desserted,1,0,1949.0,1.1
German Bakery,1,0,2186.0,3.8
George Restaurant,1,1221,1221.0,3.7
Gellato Da Vinci,1,0,1115.0,1.0
Gelato Vinto,1,0,748.0,3.8
Gilly's Restobar,1,2958,2958.0,2.8
Gija cafe,1,0,623.0,3.5
Giardino- Jai Mahal Palace,1,0,2926.0,5.0
Giani Ji Di Hatti,1,0,670.0,3.0
Giani,1,0,2572.0,3.4
Ghousia Hotel,1,0,2158.0,2.0
Ghosh Sweets Corner,1,0,2396.0,1.6
Ghosh & Co.,1,1131,1131.0,3.1
Gheba Sweets,1,0,453.0,1.9
Gharghuti Kanduri Muton Hand,1,0,257.0,2.6
Gharelu Foods,1,716,716.0,2.6
Ghar Ki Rasoi,1,492,492.0,1.5
Ghar Ka Khana,1,0,847.0,5.0
Ghar Aangan Restaurant,1,0,1676.0,4.9
Ghai Kulfi,1,0,1644.0,2.5
Ghai Bakers Kitchen,1,0,1672.0,1.8
Gods Kitchen,1,569,569.0,4.5
Godfather Lounge & Bistro,1,2966,2966.0,1.9
Goa Portuguesa,1,0,2161.0,2.3
Go Ssip - The Triple C,1,0,2596.0,4.1
Go Cool Confectionary's,1,0,1851.0,3.2
Go China Restaurant,1,0,1863.0,4.8
Go Chaatiz,1,0,2501.0,2.8
Go Biryan,1,2182,2182.0,4.6
Go Amrit,1,0,464.0,3.3
Go 4 Food,1,0,1749.0,4.6
Glen's Bakehouse,1,0,2846.0,2.7
Glee,1,0,2102.0,3.1
Gita Samosa Centre,1,0,2706.0,2.9
Girraj Dhaba,1,0,1526.0,1.4
Girgaon Katta,1,2692,1346.0,4.0
Gilori - The Taste of Nawaabs,1,0,2280.0,3.1
Golden Restro Bar - Hotel Golden Grand,1,0,1056.0,3.6
Golden Moments,1,0,661.0,4.1
Golden Ice Cream,1,0,2251.0,4.6
Golden Harvest - Airport Centre Point,1,0,1365.0,2.2
Golden Dragon,1,0,1977.0,4.5
Golden Chopsticx,1,0,1480.0,2.1
Golden Chikki & Wada Pav,1,2233,2233.0,1.2
Golbari,1,0,518.0,2.0
Gokuldham,1,0,1497.0,3.0
Gokul Oottupura,1,2868,2868.0,2.1
Gokul Ice Creams,1,0,2183.0,3.8
Gokul Bhojanalya,1,0,2870.0,2.9
Gokul,1,0,345.0,1.7
Gokhle Uphar Gruh,1,2487,2487.0,4.6
Gogo Momo,1,3572,1786.0,2.1
Gofuku,1,0,472.0,4.6
Gopaldas Pethe Wale,1,2604,2604.0,3.0
Gopal Kachchhi Dabeli & Aloopuri,1,672,672.0,4.0
Gopal Ji Sweets,1,1313,1313.0,2.0
Gopal Guest House,1,0,919.0,4.8
Goosebumps,1,0,2670.0,1.1
Goodricke Tea Pot,1,0,1193.0,1.5
Goodness of Arokya Milk,1,0,337.0,2.7
Goodies Foodies By US,1,0,2419.0,4.0
Goodies Arabian Taste,1,274,274.0,2.3
Good to Go,1,0,2643.0,1.3
Good Times Cafe,1,0,1625.0,2.0
Good Luck Restaurant & Bar,1,566,566.0,4.2
Goli Vada Pav No.1,1,0,1885.0,3.1
Goli Vada Pav No- 1,1,2978,1489.0,4.2
Goli Vada Pav 1,1,0,161.0,1.4
Golden Tea Stall,1,2641,2641.0,2.7
Goyal Ji Sweets,1,0,2003.0,2.4
Goyal Fruit Juice Centre,1,0,904.0,3.0
Goyal Fast Food,1,0,477.0,4.6
Govinda's Fast Food Centre,1,0,2095.0,2.4
Govind's Vegetarian Restaurant,1,0,1069.0,4.4
Govardhan Pan Palace,1,0,2383.0,3.5
Govardhan Mishtan Bhandar,1,0,869.0,4.7
Gourmett Kitchen,1,0,2561.0,2.6
Gouri Sweets,1,5266,2633.0,1.7
Gossips Desserts & Cafe,1,0,467.0,1.6
Gossippa,1,2028,2028.0,3.6
Gossip Fusion Bistro,1,1686,843.0,2.5
Goru Sweets,1,0,2659.0,2.7
Gorakhpur Biryani Corner,1,4402,2201.0,4.2
Gopi Sweets,1,1439,1439.0,2.0
Gopi Doodh Bhandar,1,0,1324.0,1.7
Green Hotel,1,1911,1911.0,1.5
Green Heritage Family Restaurant,1,0,309.0,4.2
Green Chillyz,1,0,504.0,2.8
Green Bawarchi Restaurant,1,0,2073.0,4.9
Green Bawarchi,1,0,2097.0,2.5
Great Wok of China,1,781,781.0,3.8
Great Sagar Restaurant,1,0,1785.0,4.2
Gravy Caramel,1,0,2085.0,1.0
Grasshopper,1,0,721.0,3.3
Grapho 07,1,463,463.0,3.5
Grapes & Cloves,1,0,2706.0,2.8
Grandmama's Café,1,0,409.0,1.5
Grand Madras Cafe,1,0,2513.0,3.8
Grand Biriyani,1,0,1557.0,4.5
Grains 'n' Beans,1,0,2934.0,3.5
Grab D Thattu,1,0,755.0,4.7
Burger Beans,1,0,794.0,4.8
Burger Bar,1,0,565.0,3.1
Burger And Pizza Point,1,0,1772.0,3.9
Burger Alert,1,2930,2930.0,3.4
Burger & Fast Food Corner,1,0,952.0,2.5
Burger,1,0,1827.0,2.8
Buon Appetito,1,1231,1231.0,4.4
Bunty Lajawab Burger,1,0,2240.0,3.0
Bun Makkhan Chai,1,0,2096.0,5.0
Bumble Bee,1,2646,2646.0,2.9
Bulls & Beers,1,0,448.0,1.8
Bullet BBQ,1,2861,2861.0,4.9
Bukkad Nukkad,1,0,2509.0,4.7
Bukhara Grill,1,2896,2896.0,2.0
Buhari Special Juice,1,2939,2939.0,4.5
Green House - The House Of MG,1,0,358.0,2.7
Grillicious,1,0,1546.0,1.6
Grill'd 'n' More,1,563,563.0,1.8
Grill Punjab,1,2460,2460.0,2.2
Grill Masters,1,4356,2178.0,2.5
Grill Corner,1,1139,1139.0,1.6
Grill By The Ocean - The Rivatas,1,0,305.0,2.3
Grill Box,1,0,2360.0,4.4
Green Village Cafe,1,0,2358.0,4.8
Green Veg Thali,1,0,2895.0,3.2
Green Theory,1,2722,1361.0,4.8
Green Park Restaurant,1,0,2672.0,2.7
Green Park,1,0,1390.0,4.5
Green Light Dhaba,1,2525,2525.0,2.0
Green Leaf-A Family Paan Cafe,1,0,1438.0,2.9
Green Leaf Restaurant,1,0,2831.0,4.6
Green Leaf,1,3764,941.0,3.3
Gulnar,1,0,325.0,2.2
Gullu Di Bhatti,1,0,1508.0,1.4
Gulf Kitchen,1,0,1739.0,2.8
Gulati's,1,2523,2523.0,2.3
Gulati Vaishnu Dhaba,1,0,1546.0,2.3
Gulati Dhaba,1,1766,1766.0,1.4
Gulati,1,0,353.0,2.0
Gulabi Nagari,1,0,2931.0,4.0
Gulab Sweets & Restaurants,1,0,2193.0,3.6
Gulab,1,0,2078.0,4.1
Gujrat Special,1,0,1530.0,2.0
Gughan Supreme South Indian,1,810,810.0,4.7
Grunge - The Fern Hotel,1,0,1076.0,2.4
Grub Shub,1,0,1823.0,1.7
Grover Sweets,1,2345,2345.0,4.8
Grills  By The Promenade,1,0,2759.0,4.6
Guru Cafe,1,0,2045.0,2.0
Gurpal Foods,1,272,272.0,2.5
Gurgaon Pub Exchange,1,0,2045.0,4.9
Gurdas Ram Jalebi Wala,1,1557,1557.0,1.3
Guptaji Balaji Vaishno Bhojnalay,1,0,856.0,3.9
Gupta Sweets Shop,1,1539,1539.0,2.7
Gupta Sweet Mart,1,0,1543.0,4.8
Gupta Sandwiches & Snacks,1,0,782.0,4.5
Gupta Restaurant,1,1229,1229.0,4.8
Gupta Ji Special Chhole Bhature,1,0,632.0,1.7
Gupta Ji Burger Center,1,0,2863.0,2.9
Gupta Hotel,1,0,646.0,4.5
Gupta Brothers,1,2742,2742.0,5.0
Gupshup Cafe,1,0,183.0,4.7
Guppy,1,0,1954.0,3.8
Guntur Gongura,1,0,1866.0,2.5
Gymkhana Canteen,1,2646,2646.0,4.7
Gyab Chandra Dhaba,1,544,544.0,1.3
Gwalia Sweets & Fast Food,1,0,413.0,4.7
Gwalia,1,0,160.0,1.5
Guzzlers Inn,1,0,632.0,3.2
Guzzlers,1,1730,865.0,4.1
Gurunanak Vaishno Dhaba,1,0,1301.0,4.9
Gurunanak Dairy And Sweets,1,1042,1042.0,1.0
Gurumauli melting point,1,0,1376.0,2.1
Gurukrupa refreshment,1,2670,2670.0,1.9
Gurukrupa Nashta Point,1,0,694.0,2.5
Gurudev,1,0,1540.0,4.0
Guru Nanak Sweets,1,1570,1570.0,1.7
Guru Kripa Restaurant,1,0,860.0,4.5
Guru Kripa Bhojnalaya,1,0,1219.0,2.0
Guru Kripa,1,2676,1338.0,2.7
HIX Restaurant & Bar,1,0,1730.0,3.1
Buffetos,1,0,1301.0,1.1
Buffet Hut,1,1955,1955.0,4.0
Buff Buffet Buff,1,2910,1455.0,2.8
Budhsen Sweet House,1,1600,1600.0,3.1
Budhani Waferwala,1,1992,1992.0,2.4
Budget Thali House,1,2650,2650.0,3.0
Buddha Bites,1,0,2356.0,4.1
Budapest Bake Inn,1,0,1446.0,2.5
Bubsterr's,1,0,493.0,2.3
Bryn Flavour Restaurant,1,0,2718.0,1.8
Brunchiz,1,689,689.0,4.5
HBT Bakery,1,534,534.0,4.7
H3 Cafe,1,0,381.0,3.0
H.L  Vala Frankie,1,0,835.0,4.8
H Paramesha Fast Food Corner,1,0,2159.0,3.2
Haldi - Novotel Hyderabad Airport,1,0,2219.0,1.5
Hakuna Matata,1,0,1915.0,3.2
Hakkasan,1,0,500.0,3.2
Hakeem's Restaurant,1,0,1251.0,1.9
Haka House,1,0,1579.0,3.1
Hahn's Kitchen,1,0,276.0,1.9
Habibi fast food,1,621,621.0,1.5
Habibi Fast Food,1,0,509.0,4.8
Haagen Dazs,1,0,759.0,1.5
Haadie Restaurant,1,2479,2479.0,3.9
HVR Veg,1,2296,2296.0,2.2
HUB,1,0,1136.0,2.1
HR Sweets,1,1530,1530.0,1.6
HQ,1,0,252.0,4.1
HP Dhaba,1,0,2791.0,1.8
HOTEL SHREE RAM RESTAURANT,1,187,187.0,2.5
Hanky Franky,1,0,608.0,3.5
Hangover The Gastro Pub,1,333,333.0,1.5
Hangover,1,0,1156.0,3.3
Hangout- The Lounge Bar,1,0,557.0,3.7
Hangout Mini,1,0,1664.0,3.1
Hangout Cafe,1,0,1226.0,4.6
Hanglaatherium,1,0,336.0,4.4
Handi Restaurant,1,1602,801.0,1.0
Handee Restaurant,1,0,697.0,3.9
Hamro Bhansa Ghar,1,1919,1919.0,3.8
Hammered,1,0,607.0,3.8
Halwawala's,1,0,2552.0,2.0
Haldiram’s Sweets & Namkeen,1,0,730.0,1.9
Haldirams,1,0,2699.0,4.7
Haldiram's Express,1,0,2962.0,3.1
Haldiram's  Sweets & Namkeen - Thaat Bhaat,1,645,645.0,1.6
Hari Da Vaishnoo Dhaba,1,1911,1911.0,3.3
Hardy's,1,0,2250.0,3.1
Hardeep Punjab,1,0,2860.0,2.7
Harajuku - The O Hotel,1,0,632.0,3.8
Happy House Kitchen,1,0,2977.0,4.8
Happy Fast Food,1,0,875.0,2.2
Happy Endings,1,1606,1606.0,1.4
Happy Dosa House,1,151,151.0,4.1
Happy Da Restaurant,1,0,502.0,4.4
Happy And Healthy Food,1,1025,1025.0,3.1
Happinezz,1,0,2215.0,4.1
Happiness By Bake My Day,1,0,2560.0,1.6
Happiness,1,0,1156.0,2.8
Hanuman Misthan Bhandar,1,0,2949.0,4.3
Hanoi - Vietnamese Cuisine,1,0,923.0,4.9
Hanno Lala Rabri Wale,1,0,2262.0,4.3
Hasan Kafee,1,0,1667.0,1.9
Harsha Bar & Restaurant,1,2809,2809.0,4.3
Harry Juice,1,1903,1903.0,3.9
Harman Di Hatti,1,2185,2185.0,4.9
Hariyali Restaurant,1,2159,2159.0,3.4
Hariya Ji Milk Palace,1,778,778.0,4.2
Haristo Cafe & Pizzeria,1,187,187.0,1.5
Harish Lunch Home,1,1841,1841.0,4.7
Hariom Fastfood,1,0,1451.0,3.9
Haribhau Panipuriwale,1,0,1259.0,2.2
Hari Vedas,1,695,695.0,2.3
Hari Vadapav & Dabeli,1,2072,2072.0,1.2
Hari Om Restaurant,1,0,2819.0,2.5
Hari Om Fastfood,1,0,1312.0,1.2
Hari Haran Mess,1,331,331.0,1.5
Hari Dosa,1,0,2371.0,3.4
Brunch Italiano,1,482,482.0,3.7
Brufia,1,2218,2218.0,2.3
Bruciato Food Factory,1,1658,829.0,4.9
Brownie Heaven,1,3342,1671.0,3.7
Brown Grill Foods,1,0,2398.0,4.7
Brown Creams,1,0,2341.0,4.3
Brown Bunch Bakery,1,0,1093.0,4.4
Brown Bake,1,0,2527.0,2.4
Brother's Family Restaurant,1,0,1868.0,3.1
Brooks 37,1,0,2516.0,3.2
Brooks,1,991,991.0,1.1
British Brewing Company,1,499,499.0,2.7
Hattya Maharaj Rabdiwala,1,0,1318.0,2.0
Hashtag The Multicuisine,1,2003,2003.0,3.7
Hashtag Kitchen,1,1982,1982.0,1.2
Hash Cafe and Restaurant,1,0,373.0,3.1
Hemlata Dhaba,1,0,1283.0,1.3
Heart Beat Veg Restro,1,0,190.0,2.1
Healthy Panda,1,0,1270.0,3.5
Healthy Eatzzz,1,0,2966.0,3.5
Healthmafia,1,0,1325.0,2.5
HeBrews cafe,1,0,276.0,1.4
Hazuka Restaurant,1,0,680.0,1.2
Hazi Ji Restaurant,1,312,312.0,1.4
Hazel Ice Cream,1,2803,2803.0,4.7
Hawker's Unforked,1,0,2331.0,2.9
Haweli Da Dhaba,1,747,747.0,4.9
Havmor Ice Cream Parlour,1,0,2818.0,2.3
Havmor Fun Flavours,1,0,2513.0,2.2
Havmor - The Eatery,1,0,1928.0,3.2
Haveli The Bungalow Cafe,1,0,2356.0,4.5
Have More Restaurant & Bakers,1,2439,2439.0,3.7
Highland Park,1,1526,1526.0,5.0
Highland,1,1209,1209.0,3.3
High Tea - Royal Orchid Metropole,1,2164,2164.0,3.0
High Place,1,796,796.0,3.0
High End Haveli,1,0,2173.0,2.4
Hideout,1,0,2901.0,4.1
Hide Out Cafe,1,2142,2142.0,4.3
Hidden Place -  The Hangout,1,0,179.0,2.3
Hibas Restaurant,1,0,1246.0,4.8
Hi Spirits,1,0,1084.0,2.4
Hi LIfe Cafe,1,0,377.0,3.3
Hero Bakers,1,0,2484.0,3.7
Heritage Buffet,1,2774,2774.0,1.7
Herb & Spice - Ramada Powai Hotel and Convention Centre,1,0,2677.0,2.0
Hemu Restaurant,1,817,817.0,2.0
Hemu Cold Drinks,1,0,2239.0,4.5
Home Cafe,1,0,2126.0,1.8
Holi,1,0,2676.0,2.3
Hola Spanish Pub - Golden Tulip,1,0,2494.0,3.8
Hobnob Gourmet Cafébar,1,0,722.0,2.4
Ho5 Store,1,258,258.0,5.0
Hishi Cafe,1,0,1535.0,3.9
Hippodrome - James Hotel,1,0,270.0,1.9
Hippies Cafe,1,0,1648.0,2.3
Himalayan Soda & Softy,1,904,904.0,4.1
Himalaya,1,0,414.0,4.3
Himachal Juice & Softy Corner,1,0,1146.0,3.0
Hilton China,1,2439,2439.0,2.4
Hills Bakery & Cafe,1,0,575.0,3.4
Hill View Restaurant,1,0,2381.0,3.5
Hill Down Cafe,1,1463,1463.0,1.9
Highway 18,1,0,2502.0,3.7
Honey Bakers,1,0,1912.0,3.1
British Bakery Cafe,1,5442,2721.0,2.3
Bristow's Bistro,1,0,1160.0,4.9
Brindavan Sweets & Snacks,1,0,2678.0,1.2
Brilram's Balaji Bhavan,1,0,2868.0,3.6
Brijwasi Mithaiwala,1,529,529.0,1.5
Brijwasi Chat Bhandar,1,0,1563.0,4.3
Brijwasi Bakery,1,2976,2976.0,4.0
Brij Food,1,0,2511.0,4.1
Bridges,1,0,2206.0,1.4
Brewgarten,1,0,2155.0,3.8
Brewbot Eatery & Pub Brewery,1,0,397.0,2.9
Brewbakes,1,0,966.0,4.2
Brew Some Cafe,1,0,959.0,1.3
Honest Bakery,1,0,1300.0,1.3
Home Café by Mr Beans,1,2849,2849.0,2.3
Hot Billions,1,1777,1777.0,2.0
Hot & cool,1,0,2959.0,3.4
Hot & Tasty,1,0,1065.0,3.3
Hot & Spycy,1,578,289.0,2.0
Hot & Crusty,1,0,2409.0,2.4
Host,1,2797,2797.0,4.7
Hoshiyarpuri,1,2065,2065.0,1.1
Hoppers Kitchen & Pizza - Green Meadows Resorts,1,876,438.0,1.3
Hoppers,1,0,459.0,3.7
Hopes Cafe,1,0,2702.0,4.0
Hong Kong Fast Food,1,2527,2527.0,4.8
Hong Kong,1,0,2317.0,2.0
Honeys Delights,1,0,893.0,1.2
Honey Pizza,1,1934,1934.0,2.1
Honey Dew,1,348,348.0,2.5
Honey Buns,1,0,1734.0,3.9
Hot Wiens,1,0,1861.0,2.4
Hot Wheels,1,0,208.0,1.7
Hot Sandwiches,1,2164,2164.0,4.2
Hot N Spicy Chinese,1,909,909.0,1.8
Hot N Grill,1,0,466.0,3.6
Hot N Cold,1,0,1871.0,3.0
Hot Momos,1,1019,1019.0,4.9
Hot Millions Bar & Restaurant,1,0,1510.0,1.7
Hot Grills,1,2947,2947.0,4.2
Hot Feast,1,712,712.0,1.9
Hot Curry,1,0,595.0,3.1
Hot Chicken,1,0,493.0,3.1
Hot Chick,1,2861,2861.0,4.6
Hot Box,1,0,167.0,4.2
Hot Bite Restro,1,2480,2480.0,2.5
Hot Bite,1,0,644.0,4.2
Hotel Atithi's Roof Top Restaurant,1,3862,1931.0,1.3
Hotel Atil Kudla,1,0,2387.0,2.0
Hotel Atchayas,1,0,1653.0,2.8
Hotel Aswad,1,0,2932.0,2.9
Hotel Arthy,1,1828,1828.0,3.7
Hotel Archana,1,0,777.0,3.0
Hotel Arafa,1,1341,1341.0,4.4
Hotel Annapurna,1,1709,1709.0,1.1
Hotel Angan,1,0,988.0,3.7
Hotel Anand,1,0,926.0,3.5
Hotel Amrapali,1,0,1328.0,2.8
Hotel Alisha,1,0,2934.0,5.0
Hotel Akbari Continental,1,0,1368.0,3.4
Hotel AD Crown,1,0,873.0,2.9
Hot n Cool,1,0,2782.0,4.6
Hot and Tasty Rolls,1,0,1280.0,4.9
Hotel Darshan Towers - Amantran Restaurant,1,0,2799.0,2.5
Hotel Cross Lane,1,0,724.0,3.3
Hotel Cochin Fort,1,1448,1448.0,2.0
Hotel City Home,1,0,1355.0,4.5
Hotel Chowrangi,1,0,1812.0,2.7
Hotel Chicken Hut,1,0,1929.0,3.8
Hotel Cheap & Best,1,0,337.0,4.4
Hotel Celebration Inn,1,0,2297.0,4.7
Hotel Campus,1,0,2850.0,3.1
Hotel Bonanza Delish Restaurant,1,0,532.0,1.1
Hotel Blue Saphire,1,0,1423.0,2.7
Hotel Bira Swami,1,658,658.0,4.5
Hotel Bigcity,1,0,398.0,3.5
Hotel Banaras,1,0,552.0,3.3
Hotel Baba Palace,1,619,619.0,4.5
Hotel BK Castle,1,0,1046.0,1.3
Hotel Hanuman,1,1043,1043.0,1.2
Hotel Haji Basheer And Sons,1,0,1625.0,2.9
Hotel HK Continental,1,1256,1256.0,2.9
Hotel Guru Kripa,1,2071,2071.0,3.0
Hotel Green Ridge,1,2183,2183.0,3.6
Hotel Green Park,1,529,529.0,1.9
Hotel Grand and Restaurant,1,2341,2341.0,1.3
Hotel Ginger,1,2738,1369.0,3.4
Hotel Gaurav,1,0,1198.0,1.7
Hotel Ganga,1,0,2407.0,3.2
Hotel Excel Executive,1,2020,2020.0,4.4
Hotel Enjoy,1,629,629.0,1.5
Hotel Dream Line,1,0,1367.0,3.1
Hotel Downtown,1,0,2916.0,3.6
Hotel Deepak,1,1165,1165.0,1.2
Hotel Dasterkhwan,1,0,2484.0,2.5
Hotel Kanchan,1,0,1054.0,1.8
Hotel Kamal Grand,1,0,1710.0,4.7
Hotel Kama International,1,0,2463.0,4.9
Hotel Kalyani Dhaba,1,0,459.0,1.3
Hotel Kalvan,1,494,494.0,3.9
Hotel Kalika,1,1185,1185.0,1.9
Hotel Kailash Garden,1,1326,1326.0,2.6
Hotel Junior Kuppanna,1,1432,716.0,1.3
Hotel JayaDurga,1,0,1090.0,3.0
Hotel Jay Durga,1,1982,1982.0,4.5
Hotel Jagat Inn,1,0,765.0,3.5
Hotel Indraprasttha,1,2353,2353.0,4.2
Hotel Imperia Suites,1,0,2205.0,1.6
Hotel Holy Basil,1,2589,2589.0,1.2
Hotel Highway Inn,1,0,1654.0,4.6
Hotel Hemanth,1,0,879.0,1.1
Brew Meister,1,0,2278.0,1.6
Brew Lounge,1,1890,1890.0,4.9
Brew House Cafe and Bar,1,194,194.0,3.9
Breezy Cow Bar,1,300,300.0,2.4
Breeze Lounge,1,762,381.0,2.0
Breathe,1,0,370.0,1.6
Breads and Banter,1,578,578.0,3.1
Breadliner,1,0,1449.0,2.2
Breadkraft,1,5350,2675.0,2.9
Bread N Butter,1,0,2713.0,3.1
Bread & Better,1,0,1607.0,1.6
Brat's Cafe,1,0,2627.0,2.3
Branche Bar - Hotel Golden Tulip,1,166,166.0,1.9
Hotel Kathir Palace,1,0,2883.0,1.7
Hotel Kartikeya Grande,1,0,1606.0,2.1
Hotel Kartik,1,708,708.0,3.7
Hotel Mylari,1,0,196.0,3.1
Hotel Muthu Rowther - Biryani Hut,1,0,1971.0,3.2
Hotel Mrignayani,1,0,937.0,1.7
Hotel Morya,1,0,1165.0,4.6
Hotel Mint Malabar,1,2336,1168.0,5.0
Hotel Midcity,1,0,1889.0,1.9
Hotel Meghdoot,1,0,2995.0,4.1
Hotel Mayor Restaurant,1,1040,1040.0,1.4
Hotel Maya International,1,0,770.0,2.7
Hotel Marathi Khasiyat,1,0,937.0,4.8
Hotel Maratha,1,0,1723.0,1.3
Hotel Malik Residency,1,0,768.0,3.3
Hotel Madni Darbar,1,0,2508.0,1.1
Hotel Madhuban,1,0,2112.0,3.3
Hotel Lakshmi Prakash,1,0,2317.0,1.5
Hotel Kins,1,861,861.0,4.6
Hotel Plaza,1,0,1289.0,2.1
Hotel Platinum,1,0,2250.0,1.5
Hotel Pechies,1,0,1824.0,2.8
Hotel Pawan Putra,1,3172,1586.0,2.0
Hotel Park Street,1,0,1771.0,3.1
Hotel Paradise - Palarivattom,1,0,2998.0,2.8
Hotel Pancharatna Paradise,1,0,2492.0,2.4
Hotel Pahunchar,1,2184,2184.0,4.9
Hotel Orient Taibah,1,0,1039.0,1.0
Hotel Om Sai,1,0,1364.0,2.6
Hotel Okasu,1,2039,2039.0,3.0
Hotel Noorjaha,1,537,537.0,2.6
Hotel Nitya,1,0,497.0,3.7
Hotel New Rich Garden,1,1294,1294.0,1.4
Hotel Narayanam,1,0,2863.0,2.9
Hotel Nandan Le Mexitthachi,1,0,1750.0,1.5
Hotel Ranjana Pure Veg,1,1898,1898.0,2.1
Hotel Ramakant,1,2676,1338.0,2.3
Hotel Ram Krishna Inn,1,0,1460.0,3.7
Hotel Rajkamal,1,0,2291.0,4.6
Hotel Rajhans Regency,1,0,1213.0,3.7
Hotel Raj Plaza,1,0,2491.0,4.4
Hotel Raj Darbar,1,1311,1311.0,1.4
Hotel Radhika Deluxe,1,0,1273.0,1.9
Hotel R K Emperial,1,0,206.0,3.4
Hotel Punjabi Tadka,1,0,1351.0,3.8
Hotel Prince,1,0,214.0,3.0
Hotel Prem Nivas,1,899,899.0,2.9
Hotel Preetam,1,1920,1920.0,3.2
Hotel Prakash Regency,1,0,1675.0,4.1
Hotel Prakash,1,0,1518.0,4.3
Hotel Poonam,1,0,2114.0,4.9
Boulevard - The Orchid,1,2758,1379.0,2.6
Bottoms Up,1,872,872.0,3.7
Botticino - Trident,1,1420,1420.0,4.2
Botanica Cafe & Diner,1,0,817.0,2.5
Bosotto Bros,1,0,413.0,3.3
Born and Bread in Ranchi,1,0,1743.0,4.2
Bora Bora,1,0,1157.0,4.6
Boomerang Restro and Lounge,1,0,1896.0,1.3
Boombox Cafe Reloaded,1,3752,1876.0,4.2
Hotel Sai Suprabaatham,1,0,779.0,1.4
Hotel Sahil & Restaurant,1,0,227.0,4.2
Hotel Saad,1,0,2548.0,4.6
Hotel Royal Inn,1,0,2110.0,4.8
Hotel Royal Estate Restaurant & Bar,1,0,2161.0,1.4
Hotel Royal Dizire,1,0,1913.0,1.6
Hotel Royal Ajmer,1,0,1337.0,1.1
Hotel Sri Annapoorna,1,0,351.0,4.9
Hotel Sitara Grand,1,0,1355.0,2.1
Hotel Shyam Excellency,1,0,201.0,4.0
Hotel Shree Leela,1,2172,2172.0,2.2
Hotel Shivneri Palace,1,0,912.0,2.5
Hotel Shikhar Palace,1,0,1724.0,4.7
Hotel Shawarma,1,0,1241.0,2.6
Hotel Sarja,1,2294,2294.0,2.5
Hotel Sarathy,1,5282,2641.0,2.3
Hotel Sapphire Rooftop Restaurant,1,1873,1873.0,4.0
Hotel Sandalwood,1,0,2779.0,1.7
Hotel Samrat Red Tomato,1,950,950.0,2.4
Hotel Sai Suprabatham,1,0,2299.0,1.8
Brahmin's Thatte Idli,1,0,2584.0,3.9
Brahma Kamal,1,1337,1337.0,2.5
Bourn Bon,1,0,2943.0,3.6
Hotel The Raj Continental,1,0,1634.0,3.2
Hotel Tarangan,1,0,1426.0,3.7
Hotel TNG,1,0,2920.0,2.7
Hotel Swosti,1,197,197.0,4.9
Hotel Swadisht,1,2174,2174.0,3.8
Hotel Suyog,1,0,2947.0,3.0
Hotel Surbhi Restaurant & Bar,1,0,2307.0,1.8
Hotel Surahi Bar,1,0,2981.0,4.7
Hotel Surabi,1,0,2633.0,2.4
Hotel Suman,1,497,497.0,4.0
Hotel Sukun,1,0,657.0,2.0
Hotel Sugar Palm Restaurant,1,0,744.0,1.9
Hotel Subhadhra Residency,1,260,260.0,1.7
Hotel Subani,1,6327,2109.0,1.8
Hotel Srinivasa,1,1804,1804.0,3.3
Hotel Sridurga Bhavan,1,0,1138.0,1.7
House Of Size Zero,1,0,2218.0,3.6
House Of Paan,1,0,428.0,3.4
House Of Flavours,1,0,900.0,4.1
Hottey & Smokey,1,2654,1327.0,2.7
Hotelkaar Biriyani,1,0,378.0,1.4
Hotel sangamam,1,0,2515.0,4.8
Hotel Yamuna Hills Dhaba,1,0,2880.0,3.2
Hotel Winsome,1,537,537.0,1.4
Hotel Windsor Castle,1,0,2722.0,4.0
Hotel Vrundavan Pure Veg Restaurant,1,0,2382.0,1.1
Hotel Vrajbhumi,1,1872,1872.0,2.5
Hotel Vanas,1,0,214.0,3.2
Hotel Vaibhava,1,0,2991.0,2.5
Hotel Uttam Maratha Veg Nonveg Restaurant,1,0,1262.0,4.0
Hotel Three Ras,1,0,1026.0,2.2
Hotel The Westinn,1,0,235.0,2.1
Hunger Lounge - The 99 Store,1,0,1533.0,4.0
Hunger Ki Bajao,1,0,2930.0,1.2
Hunger Hub,1,0,2193.0,3.1
Hunger Delight ,1,0,2864.0,2.8
Humsaaz Restaurant,1,2731,2731.0,2.9
Humpty Dumpty,1,0,2504.0,3.8
Humm Bakerz And Restaurant,1,1733,1733.0,2.7
Hum Tum Restro,1,0,1141.0,1.9
Hukmi's Club House,1,0,1008.0,1.6
Hugs & Mugs,1,4370,2185.0,2.5
Huggs & Muggs,1,1571,1571.0,1.8
Hug,1,0,1157.0,3.7
Hub' s Kitchen,1,422,422.0,4.5
How Sweet,1,1824,1824.0,1.3
House of Shakes,1,0,826.0,4.8
House of Cakes,1,2487,2487.0,3.5
Bonnie's Punjabi Tadkaa,1,0,1856.0,2.1
Bon Bon,1,0,2510.0,3.6
Bombaysthan,1,0,462.0,4.0
Bombay Wafer,1,2421,2421.0,2.4
Bombay Tiffanys Annexe,1,0,1187.0,3.9
Bombay Street Co.,1,0,1283.0,1.7
Bombay Special Vadapav,1,2094,2094.0,3.1
Bombay Special,1,2624,2624.0,3.4
Bombay Refreshment,1,0,1229.0,3.1
Bombay Pav Bhaji Centre,1,0,759.0,4.3
Bombay Pav Bhaji,1,0,1147.0,2.0
Hungry Eyes,1,2769,2769.0,1.0
Hungout Club Restaurant And Cafe,1,0,2951.0,3.0
Hungerhook The Pizza Shop,1,0,982.0,2.5
Hunger square,1,0,655.0,3.8
Hunger Point Cafe and Bakers,1,0,2146.0,4.1
Häagen-Dazs,1,1076,1076.0,1.6
Hyderabadi Spice,1,0,2832.0,1.9
Hyderabadi Flavours,1,0,2483.0,2.8
Hyderabadi Chicken Biryani,1,0,2894.0,2.2
Hyderabad Zyqa Restaurant,1,316,316.0,1.7
Hunny Gajak Namkeen,1,1157,1157.0,3.7
Hungry Tide,1,2054,2054.0,2.5
Hungry Swag,1,0,2135.0,1.1
Hungry Meal,1,2274,2274.0,3.3
Hungry Hoops,1,0,193.0,1.9
Hungry Hobbit Coffee House,1,0,564.0,3.9
Hungry Hippie,1,2202,2202.0,4.4
Hungry Head,1,0,468.0,2.4
Hungry Gabbar Cafe,1,0,1517.0,4.9
Hungry Fungry,1,0,2846.0,3.9
Hungry Forks,1,1097,1097.0,2.3
Ice Cream Land Classic,1,0,1600.0,2.1
Ice Cream Hub -Rajmandir,1,0,1690.0,3.0
Ice Cream Cafe,1,0,2342.0,3.5
Ice Berg,1,0,705.0,1.5
Ice & Spice,1,0,1399.0,2.9
Ibaco,1,365,365.0,4.3
IMI Biryani House,1,1057,1057.0,2.6
IHOP,1,4206,2103.0,4.0
IC Corner,1,0,1235.0,4.7
I:ba Cafe & Restaurant,1,0,159.0,2.7
I.T. Chicken Darbar,1,1645,1645.0,3.1
I Want Paris,1,1085,1085.0,3.1
I Sacked Newton,1,2459,2459.0,5.0
I Love Sandwich House,1,0,1841.0,1.5
I Love Desserts,1,1736,1736.0,4.1
I G Paan Corner,1,2510,2510.0,4.2
Icy Spicy Restaurant & Cafe,1,0,1228.0,1.6
Icy Spicy,1,0,2677.0,2.4
Icing On The Cake,1,0,1677.0,4.5
Iceberg Cafe & Bharkadevi Ice Cream,1,0,1152.0,5.0
IceKraft,1,0,2236.0,1.4
IceBreakers,1,0,2075.0,2.9
Ice zn Spice,1,0,242.0,1.1
Ice n Spice Restaurant,1,0,2003.0,4.3
Ice and Spice,1,0,2495.0,4.4
Ice Magic,1,0,2579.0,1.9
Ice Cube,1,0,1900.0,3.8
Ice Creamy Sky Cafe,1,2036,2036.0,4.9
Ice Cream and More,1,0,660.0,1.9
Ice Cream World,1,0,2443.0,3.8
Ice Cream Works,1,0,2821.0,1.8
Ice Cream Studio,1,2902,1451.0,3.2
Bombay Grills,1,0,746.0,3.8
Bombay Da Pizza Centre,1,1872,1872.0,4.9
Bombay Chikan Biryani,1,0,2019.0,2.0
Bombay Chapati Mess,1,0,1022.0,4.8
Bombay Bun Maska,1,0,2666.0,1.2
Bombay Brunch,1,0,812.0,4.7
Bombay Blues,1,0,611.0,4.0
Bombay Bites,1,0,2126.0,4.3
Bombay Bistro,1,0,2293.0,4.1
Bombay Bakers,1,0,638.0,1.6
Bombay Adda,1,0,179.0,3.2
Bomb-Ay Grill,1,2785,2785.0,2.0
Idli And More,1,1023,1023.0,3.1
Idli & Dosa Cafe,1,0,2258.0,3.8
Ideal's,1,1694,847.0,2.9
Icycreamz,1,0,376.0,4.2
Incredible Art- The Desert Bar,1,0,335.0,2.4
Incanto - The Zuri,1,0,1092.0,2.5
In n Out Bakers,1,0,1382.0,4.3
Imran Hotel,1,0,248.0,1.4
Imperio Restaurant,1,0,1812.0,3.9
Imperial Grill,1,0,599.0,1.6
Imperial Bakery,1,0,2841.0,4.3
Imly,1,0,215.0,3.3
Ikka's Restaurant,1,2476,1238.0,3.3
Ignite - Courtyard By Marriott Pune Hinjawadi,1,169,169.0,4.2
Iglooz Bakery,1,0,2865.0,4.2
Igloo,1,2866,2866.0,3.9
Idris Cold Drink,1,0,860.0,2.7
Idly Food Junction,1,0,1718.0,2.8
Idly & Idly,1,0,1346.0,3.1
Idli Street,1,0,994.0,4.8
Indian Summer Restaurant,1,0,2744.0,3.2
Indian Summer Cafe,1,1319,1319.0,4.9
Indian Summer,1,0,2002.0,3.7
Indian Spices,1,0,1245.0,1.9
Indian Spice,1,1369,1369.0,3.1
Indian Smile Cafe,1,0,1069.0,4.4
Indian Salt,1,2311,2311.0,1.7
Indian Paratha Company,1,0,629.0,4.2
Indian Kitchen,1,0,1664.0,1.2
Indian Flavour,1,0,1436.0,1.5
Indian Durbar - Conrad Bengaluru,1,254,254.0,1.8
Indian By Nature,1,0,2871.0,2.4
Indian Biryani House,1,518,518.0,1.2
Indian & Chinese Corner,1,0,1682.0,3.4
India Cake House,1,0,1942.0,2.5
IndiKitchen,1,2176,2176.0,2.8
Indori Bhel,1,0,901.0,3.3
Indore Sev Bhandar,1,0,2989.0,2.0
Indore Poha Centre,1,437,437.0,1.4
Indore Kulfi House,1,0,1662.0,2.1
Indore Kitchen - Indore Marriott Hotel,1,1422,1422.0,4.1
Indore Chat House,1,2599,2599.0,1.9
Indo Maple Leaf,1,0,677.0,3.7
Indishh Barbeque & Grill,1,0,1062.0,4.9
Indish - Radisson,1,0,2179.0,2.6
Indies,1,0,1913.0,4.5
Indiano Amazing Restaurant,1,1344,1344.0,3.9
Indiana Veg Restaurant,1,6732,1683.0,2.3
Indiana Red Velvet,1,0,2896.0,1.4
Indiana Bluez,1,748,748.0,3.7
Indian Zaiqaa,1,0,2647.0,4.0
Indian Tadka,1,883,883.0,2.2
Iqbal Fast Food,1,1187,1187.0,1.7
International Sweet Factory,1,0,1203.0,2.7
International Baking Company,1,0,1806.0,3.9
Instaa Fresh,1,4118,2059.0,1.0
Insomnia,1,0,1970.0,3.0
Innovation,1,0,180.0,4.6
Innings Restaurant,1,0,2078.0,3.8
Infiniti,1,0,2953.0,1.8
Infinit,1,1722,1722.0,3.5
Infi Pizzeria,1,0,210.0,1.9
Inferno Brewpub,1,0,1277.0,4.6
Indyaki - Radisson Blu,1,0,1836.0,1.3
Indus Flavour Express,1,2402,2402.0,2.9
Indulge IceCream,1,0,1746.0,2.8
Indrayani Pure Veg,1,0,2880.0,1.7
Indra Canteen,1,1962,1962.0,3.2
Bologna,1,0,2001.0,1.1
Bollywood Theka,1,2988,2988.0,1.6
Bol Biryani,1,0,1845.0,4.9
Boho,1,0,1485.0,4.9
Body Fuel Station,1,3588,1794.0,1.7
Bobby Ice Creame,1,0,1147.0,1.3
Bobby 74,1,0,185.0,3.2
Bob's - The Shake Store,1,971,971.0,3.1
Blues Bakers,1,0,702.0,2.4
Blues Ale House,1,1136,1136.0,1.6
Blues,1,0,2096.0,4.8
Blueberry Pastries,1,0,2661.0,2.4
Ironhill Brewery,1,0,2905.0,3.7
Irish cake and cafe,1,1837,1837.0,1.6
Iris Deli,1,0,1883.0,4.2
Iringalakada,1,0,2259.0,2.9
J9 Sports Bar & Grill,1,0,2542.0,3.6
J.P. Pan Bhandar,1,0,1080.0,2.4
J.J Jalebi,1,0,338.0,4.3
J.D. Sandwich,1,0,1193.0,3.2
J's Cafe,1,0,2465.0,3.9
J B Baker's,1,0,2895.0,1.7
Itss Yummyy,1,0,1467.0,2.8
Itihaas Alley Kitchen,1,0,1571.0,3.3
Ithappiris,1,0,342.0,4.6
Italiano,1,0,2103.0,3.4
Italian Pizza Hub,1,0,981.0,4.0
Italian Bite Pizza,1,1929,1929.0,1.8
Italian Bistro - Maple 99,1,0,1669.0,4.1
Italia - The Park Bangalore,1,0,1663.0,1.2
It's A Cake Day,1,1998,1998.0,5.0
Iscon Ganthiya,1,933,933.0,1.8
Jagdish Foods Pvt. Ltd.,1,984,984.0,1.8
Jagdeesh Sweets,1,0,1122.0,3.0
Jagat Niwas Rooftop Restaurant,1,0,292.0,4.4
Jacksons Back In Time,1,0,1487.0,3.7
Jaan Nutri Kulcha,1,204,204.0,1.8
JW Lounge - JW Marriott Mumbai Sahar,1,2892,2892.0,3.8
JW Club,1,0,2832.0,1.1
JVR - Jai Vaishno Rasoi,1,826,826.0,2.3
JUICE WORLD,1,0,2225.0,2.1
JR Cakes & Bakes,1,0,776.0,4.8
JMR Sri Balaji Bhawan,1,0,1461.0,4.7
JMD Bakery & Fast Food,1,0,1380.0,4.3
JMB,1,0,2147.0,4.4
JLWA,1,0,2916.0,3.0
JK Khaman House,1,0,2619.0,1.3
JI Huzoor Family Restaurant,1,1380,1380.0,4.9
Jai Shankar Dhaba,1,0,568.0,4.0
Jai Shankar Bhojanalya,1,0,2969.0,3.6
Jai Mahakali Bhojanalaya,1,0,1563.0,4.6
Jai Maa Refreshment,1,2766,2766.0,2.5
Jai Ma Lakshmi Juice Centre,1,2087,2087.0,3.6
Jai Jalaram Khaman House,1,1007,1007.0,1.1
Jai Hind Restaurant,1,3594,1797.0,2.7
Jai Hind Lunch Home,1,0,2545.0,1.4
Jai Dosa King Cafe,1,0,2653.0,2.9
Jai Bhole Dabeli Corner,1,0,2504.0,1.3
Jai Bhavani Restaurant,1,1032,516.0,2.9
Jai Bajrang Bombay Bhel,1,2855,2855.0,4.0
Jai Ambe Multi Fusion Food and Shakes,1,0,2312.0,3.4
Jaggi's Restaurant,1,0,2922.0,1.1
Jagdishbhai Pakwanvala,1,0,263.0,1.5
Jagdish Vaishno Dhaba,1,751,751.0,1.5
Jaipur Hot Breads,1,0,1063.0,4.0
Jaipur Bar Stock Exchange - Grand Uniara,1,0,2765.0,4.7
Jaipur Bakers,1,0,373.0,2.6
Jain's Bakers,1,0,308.0,4.6
Jain juice corner,1,0,2024.0,1.5
Jain Sweet And Milk Corner,1,0,1446.0,3.2
Jain Shree Sweets,1,1007,1007.0,2.2
Jain Shakes,1,2489,2489.0,2.4
Jain Namkeen,1,0,1285.0,1.1
Jain Confectionery,1,0,2880.0,1.8
Jain Chat,1,0,1808.0,1.5
Jaigarh Restaurant,1,0,2011.0,3.8
Jai Shri Ram Chat Bhandar,1,0,1960.0,2.8
Jai Shree Kalki Sweets and Restaurant,1,0,1153.0,2.6
Jai Shree Jodhpur Sweets,1,0,2355.0,3.7
Jai Shankar Pavitra Bhojnalaya,1,0,1116.0,4.0
Blue Nile Lounge,1,0,560.0,3.6
Blue Nile,1,1958,979.0,1.2
Blue Neck,1,0,2635.0,4.4
Blue Lotus,1,0,2335.0,3.1
Blue Heaven Cakes & Flowers,1,0,1271.0,4.6
Blue Fox,1,0,2955.0,3.0
Blue Bell sweets,1,0,2448.0,1.3
BluO,1,0,2917.0,2.6
Blu19 Sports Grill,1,1563,1563.0,1.5
Blu Hickey Bistro - Radisson Blu GRT Hotel,1,0,798.0,1.2
Bloomsbury's Global Kitchen & Bakehouse,1,2313,2313.0,4.9
Blooms Bar,1,1508,1508.0,4.2
Jalapenos,1,2595,2595.0,2.8
Jaiswal's Restaurant and Confectionery,1,654,654.0,3.7
Jaiswal Restaurant,1,805,805.0,2.8
Jaiswal Food Corner,1,1177,1177.0,2.0
Janki Maharaj Foods,1,1325,1325.0,2.5
Janatha Fresh Sugar Cane Juice,1,0,1958.0,3.8
Janata Restaurant,1,475,475.0,2.5
Jampot,1,413,413.0,1.1
Jamjar Diner,1,0,718.0,4.1
Jameel Restaurant,1,0,2070.0,2.7
Jamai Hotel,1,0,1576.0,1.2
Jalsa Gold,1,0,1377.0,3.7
Jalpaan Dining Saga,1,0,2043.0,1.6
Jalpaan,1,0,1706.0,1.5
Jalaram Thali Restaurant,1,0,1396.0,4.3
Jalaram Pavbhaji & Fastfood,1,0,807.0,4.9
Jalaram Lassi Center And Khaman House,1,5850,2925.0,3.4
Jalaram Khaman House,1,215,215.0,4.7
Jalaram Bhojnalay,1,0,1980.0,1.8
Blue Star Biryani Hut,1,0,2849.0,3.2
Jay Ambey Locho & House,1,0,729.0,4.1
Jay Ambey Bakery,1,0,2747.0,2.7
Jay Ambe Kutchi Dabeli,1,0,1011.0,3.0
Jay Ambe Dabeli Corner,1,0,160.0,1.2
Jawahar Pan House,1,4708,2354.0,3.8
Java+ - Courtyard By Marriott,1,0,2986.0,4.5
Jatin Food Service,1,0,904.0,3.4
Jasubhai Golawal,1,0,2515.0,2.2
Jaspal Dhaba Food Point,1,0,2121.0,2.6
Jashn Restaurant,1,1705,1705.0,1.8
Jashan,1,0,1204.0,4.9
Janta Panipuri House,1,0,2631.0,3.9
Janta Lodge,1,0,1773.0,2.6
Janta Ice Cream,1,0,2135.0,4.0
Janta Da Dhaba,1,0,471.0,2.0
Jannaks Food Arts Restaurant & Sweets,1,0,284.0,3.6
Jetty,1,624,624.0,3.4
Jayshree Bholenath Center,1,2601,2601.0,3.1
Jayhind Sweets,1,0,643.0,4.3
Jayesh Omlet Centre,1,0,1813.0,3.1
Jayaram Restaurant,1,645,645.0,1.5
Jayachandra Bhavan,1,0,624.0,4.0
Jaya Bakers and Restaurant,1,0,1554.0,1.3
Jay Shri Bholenath Centre,1,0,2440.0,3.9
Jay Naganray Sweets,1,956,956.0,4.6
Jay Mata Di Pani Puri And Fast Food,1,1137,1137.0,3.7
Jay Jalaram Sev Usal,1,0,829.0,1.7
Jay Jalaram,1,0,2648.0,4.3
Jay Hinglaj Fast Food,1,0,1122.0,3.6
Jay Hind Darbar,1,0,1452.0,3.0
Jay Girnar Khaman House & Foodzone,1,0,957.0,3.9
Jay Bhole Chinese,1,2016,2016.0,1.9
Jog Hospitality,1,2561,2561.0,3.4
Jodhpuri Kachori Samosa,1,2086,2086.0,3.2
Jodhpur Sweets,1,0,452.0,4.9
Jodhpur Mishthan Bhandar,1,0,2569.0,1.6
Joby's Bakery and Restaurant,1,0,2679.0,2.2
Jo Hukum,1,0,1299.0,1.6
Ji Memsaab - Indian Terrace Restaurant & Bar,1,2897,2897.0,3.0
Jhulelal Bakery,1,0,2666.0,4.3
Jhivras Restaurant,1,0,2995.0,3.2
Jharokha,1,2599,2599.0,3.7
Jhansi Hotel Lazeez,1,1211,1211.0,1.0
Jhankar - The Gateway Hotel,1,0,379.0,1.6
Jhalak Restaurant,1,1184,1184.0,1.2
Jhalak - Q Hotel,1,831,831.0,2.2
Jhakaas Biryani,1,0,1683.0,2.8
Jewel's Restaurant & Bar,1,0,2754.0,4.9
Juice & Chaat Cafe,1,613,613.0,4.2
Jugmug Thela,1,0,1418.0,4.7
Juggernaut,1,1178,1178.0,4.7
Jugaad Jn,1,0,738.0,3.6
Jubilee Bakery,1,0,1583.0,4.0
Juaan - The Fern Hotel,1,0,2370.0,2.9
Joules,1,0,477.0,4.8
Jonah's Bistro,1,0,2858.0,2.7
Jonah's,1,0,987.0,4.3
Jolly Food Plaza,1,2051,2051.0,4.1
Joint Cafe,1,0,485.0,4.1
Johny Hot Dog,1,1620,1620.0,2.0
Johnny Momo Hut,1,0,1346.0,2.9
Johnny Dony,1,0,788.0,1.5
John  Tea & Tiffin Center,1,0,516.0,2.0
Johar Sweet Corner,1,0,2603.0,4.6
Bloomoon,1,0,1085.0,5.0
Blk Plus Wht,1,0,334.0,3.8
Blend N Brew,1,0,1405.0,3.9
Blend - Taj Club House,1,0,522.0,4.0
Blasta Cakery,1,0,1273.0,3.5
Blast,1,0,481.0,2.1
Black salt,1,2026,2026.0,3.9
Black Vanilla Bakery,1,0,2135.0,1.3
Black Pearl,1,0,795.0,3.4
Black Mud,1,1984,992.0,2.2
Bittu's Dahi Bada,1,1955,1955.0,1.9
Bite O Burger,1,0,2317.0,1.3
Bite Lovers,1,2704,2704.0,4.2
Juice Cafe 96,1,2545,2545.0,4.5
Juice Buzz,1,0,1263.0,4.2
Juice Bar,1,1661,1661.0,1.2
Just My Bakes,1,0,2393.0,4.9
Just Food Inn,1,3560,1780.0,3.7
Juno's Pizza,1,0,429.0,4.6
Junior Kuppanna,1,1213,1213.0,2.0
Jungle Safari,1,0,2176.0,3.2
Jung Bahadur Kachori Wala,1,0,367.0,2.7
Jumjoji - The Parsi Diner,1,5612,2806.0,2.2
Jumbo Vada Pav,1,2002,2002.0,2.1
Jumbo Tiffin Centre,1,0,962.0,4.9
Juicity,1,0,1912.0,4.2
Juice'r rus,1,0,1368.0,1.3
Juice Spot,1,0,694.0,3.1
Juice Makkani,1,1017,1017.0,1.2
Juice Lounge,1,0,1454.0,4.9
Juice Junction,1,0,1188.0,4.9
Juice Gallery,1,654,654.0,2.9
KB Eat Street,1,2852,2852.0,4.9
KAMAKSHI ANDHRA MESS,1,0,1390.0,1.2
KA Lounge,1,0,2987.0,2.3
K9 The Coast Line,1,4862,2431.0,1.2
K2H Cafe and Restaurant,1,637,637.0,2.3
K.L.A.P,1,0,1994.0,4.2
K.K Mess,1,332,332.0,4.9
K.B. Restaurant,1,0,1223.0,3.1
K- Gazebo,1,0,2065.0,2.5
K Sahni,1,0,611.0,1.4
K Krunchy Republic,1,0,296.0,1.2
K B Bakers,1,0,1610.0,3.5
Jyran - Sofitel,1,0,1348.0,1.1
Jyoti Sweets,1,430,430.0,2.2
Justin - Hotel Simran,1,0,1108.0,4.7
Justice Cafe and Dine,1,0,908.0,1.4
Bistro Bar,1,0,2242.0,4.3
Bistro 100,1,0,304.0,1.3
Bistro 1,1,1385,1385.0,3.5
Bismillah Non Veg Restaurant,1,0,414.0,4.1
Bismillah Dhaba Cafe,1,769,769.0,3.6
Bismi Briyani,1,0,384.0,1.1
Biryanified,1,0,588.0,1.1
Biryani Zone,1,0,1330.0,4.0
Biryani Vala,1,2408,2408.0,1.3
Biryani King,1,0,376.0,1.4
Biryani Hub,1,0,1215.0,4.3
KCROASTERS,1,0,686.0,2.7
KCM,1,0,1218.0,4.5
KC Fast Food,1,814,814.0,4.0
KC Falak,1,1781,1781.0,1.3
KC Das - Sai Sweets,1,0,2863.0,3.6
Kabab Mistri,1,0,1589.0,4.9
Kabab Mein Haddi,1,0,363.0,3.6
Kabab Magic,1,0,1028.0,2.0
Kaash Hookah Bar - JS Continental,1,0,2775.0,1.3
Kaapiyumm,1,0,1509.0,4.5
KaKa'S  Juice &  Shake,1,0,861.0,3.2
KR Nati Style Mess,1,0,1654.0,1.0
KR Bakes Restaurant,1,0,1089.0,1.4
KPS Restaurant,1,2683,2683.0,4.3
KL14 Majilis Bakery & Restaurant,1,0,1510.0,1.2
KKB Bakers,1,0,310.0,4.8
KGN Fresh Juice Centre,1,2966,2966.0,3.1
KGN Center,1,0,1485.0,4.4
KG Veg Restaurant,1,0,1913.0,3.7
Bite Bikaner,1,0,2894.0,2.8
Bistro Bois,1,0,1495.0,4.6
Kaficko,1,0,2951.0,4.2
Kaffe Kona,1,2127,2127.0,1.4
Kafeholic,1,0,523.0,3.7
Kadathanad,1,0,1388.0,1.4
Kadaknath Special Chicken Restaurant,1,0,1779.0,4.3
Kadak Bhagat,1,0,329.0,2.8
Kachori Junction,1,0,2676.0,1.2
Kachhi King,1,0,1767.0,2.0
Kabul Express,1,0,1370.0,4.4
Kabul,1,0,1815.0,2.4
Kabir Dairy,1,0,2426.0,4.0
KabhiB,1,0,740.0,1.8
Kabana Resto Bar,1,0,551.0,3.4
Kababji,1,1220,1220.0,1.9
Kabab-e-Hayat,1,2412,2412.0,3.6
Kabab Roll Cafe,1,0,2317.0,1.3
Kake Chaat Bhandar,1,2456,2456.0,1.4
Kakaji's Veg Restaurant,1,0,1409.0,1.4
Kakada Ramprasad,1,0,434.0,3.4
Kaka Halwai,1,0,796.0,1.1
Kaka Dhaba,1,0,2884.0,4.2
Kaiser,1,0,2167.0,2.6
Kailash Veg Restaurant,1,2308,2308.0,4.7
Kailash Veg Foods,1,0,1635.0,4.4
Kailash Pav Bhaji & Chinese Center,1,1818,909.0,3.0
Kailash Dairy & Food Court,1,0,605.0,4.1
Kailash Bhojnalya,1,0,567.0,2.8
Kailash Bhojanalya,1,0,1218.0,4.4
Kailash Bakery,1,654,654.0,2.4
Kaidi Kitchen,1,0,2754.0,3.9
Kahwa The Lounge,1,0,2912.0,2.2
Kahumbo Sudh Kathiyawadi,1,1808,1808.0,3.9
Kalyan-G-Bakery,1,0,2948.0,3.4
Kalyan-G Bakery,1,0,2646.0,4.7
Kalyan Veg Platter,1,0,2260.0,1.3
Kalpana Restaurant,1,287,287.0,2.7
Kalpana Mewad Restaurant,1,5286,2643.0,1.8
Kalkata'S Lazeez Veg & Non Veg Kathi Rolls,1,0,938.0,2.5
Kalinga Restaurant,1,0,490.0,2.2
Kali Mirch Cafe And Restaurant,1,0,2279.0,2.8
Kali Ghata,1,0,872.0,2.3
Kaleva,1,0,872.0,2.6
Kale & Kaffé,1,223,223.0,1.3
Kalapatru Pice Hotel,1,0,1242.0,1.0
Kalaghoda- Effotel By Sayaji,1,0,255.0,3.7
Kala Kunj Mishthan Bhandar,1,2836,2836.0,1.9
Kala Ghoda Cafe,1,0,1865.0,3.4
Kake Di Hatti,1,1290,1290.0,2.6
Kansaar Gujarati Thali,1,2485,2485.0,4.5
Kanpur Chaat Corner,1,0,606.0,3.8
Kanpur Biryani,1,0,865.0,2.6
Kannan's Fast Food,1,0,709.0,3.2
Kanji,1,0,1646.0,2.1
Kanha Restaurant,1,0,1830.0,1.4
Kanappa Fast Food,1,0,2344.0,1.6
Kamla Bhojnalaya & Restaurant,1,762,381.0,3.8
Kamla Bhandar,1,0,449.0,4.9
KamesHut Restaurant,1,0,1830.0,4.4
Kamdhenu Sweets And Confectionary,1,1900,1900.0,4.3
Kamat Lokaruchi,1,1742,1742.0,1.9
Kamalia Foodies,1,2900,2900.0,3.0
Kamal Dhaba,1,0,1438.0,3.0
Kamadhenu Coffee Bar,1,0,728.0,2.0
Kalyani Veg,1,0,654.0,4.3
Kapil Cafe,1,1449,1449.0,1.2
Biryani Express,1,0,2498.0,2.5
Biryani Darbar,1,0,740.0,2.1
Biryani Centre,1,0,2613.0,3.4
Biryani By Kilo,1,846,423.0,1.1
Biryani Badshah,1,0,2866.0,2.9
Biryani & Kabab Mall,1,2704,2704.0,4.6
Biryaneez,1,0,2287.0,2.4
Birsa Munda Food Plaza,1,0,1451.0,4.2
Birmies,1,0,2026.0,1.7
Biriyani Hut,1,2677,2677.0,1.3
Bindra Dhaba,1,0,322.0,3.2
Bindass Bol,1,0,880.0,1.6
Billu Di Hatti,1,0,1329.0,1.2
Kantilal Damodar Mithaiwala,1,0,1065.0,3.3
Kansar Gujarati Thali,1,0,2882.0,1.3
Karnawat Bhojan Prasadi Chat Chaupati Restaurant,1,0,686.0,1.0
Karnawat,1,953,953.0,1.7
Karnavati Dabeli And Vadapav,1,0,1925.0,2.4
Karnavati Dabeli,1,1802,901.0,3.3
Karnail Restaurant,1,0,779.0,2.4
Karma's Kitchen,1,2873,2873.0,3.2
Karma Rooftop Lounge,1,0,244.0,4.1
Karims,1,0,2780.0,4.3
Karim's Restaurant,1,0,709.0,3.8
Kari Kanji,1,2060,2060.0,2.8
Kareli Amul Ice Cream,1,2496,2496.0,1.7
Karan Fast Food,1,0,1413.0,4.7
Karagar Cafe & Lounge,1,0,1643.0,4.3
Kapole Nasta House,1,832,832.0,1.1
Kapil Pan Center,1,0,465.0,3.2
Kapil Dev's Eleven,1,2019,2019.0,3.2
Katta Merta Restaurant,1,0,2861.0,2.7
Katiyar Fast Food & Restaurant,1,361,361.0,2.5
Kathmandu Momo's,1,0,376.0,2.9
Kathleen,1,0,2647.0,2.6
Kathiyawadi Jalsa,1,2121,2121.0,3.8
Kathi Nation,1,0,930.0,1.7
Kathi King Roll,1,2888,1444.0,1.1
Kasivinayaga Mess,1,0,1565.0,2.5
Kashoudhan Eggetarian,1,0,789.0,3.6
Kasha Multi Cuisine Restaurant,1,0,528.0,4.9
Kartik's Mithai Shoppe,1,1675,1675.0,4.2
Kartik Swami Biryani Centre,1,0,550.0,2.3
Karthikeyan Mess,1,0,2848.0,3.3
Karthikeya Restaurant,1,0,1078.0,1.2
"Karni - Sweets, Bakery & Fast Food",1,0,1930.0,3.5
Karnawat Pan Bhojan,1,0,2032.0,3.3
Kebab-e-que,1,2902,2902.0,1.3
Kebab-e-Que - The Astor Hotel,1,0,368.0,3.4
Kebab Junction,1,4168,2084.0,2.5
Kazé,1,2874,2874.0,4.2
Kayshap Freezer & Baker's,1,0,2089.0,1.6
Kays Lovely Sweets,1,0,1030.0,4.3
Kays Chocolates,1,768,768.0,4.5
Kaynight Cafe,1,0,346.0,1.8
Kayees Biryani,1,1338,1338.0,4.9
Kayaloram Restaurant,1,0,1504.0,1.6
Kawaii,1,2978,2978.0,4.8
Kavya Sweets And Bakery,1,2688,2688.0,1.6
Kavignar Kannadhasan Mess,1,0,1311.0,2.4
Kaveri,1,0,681.0,1.8
Kavanah,1,0,395.0,1.9
Kava Grill And Lounge - Fairfield By Marriott,1,2177,2177.0,3.4
Bikkgane Biryani,1,2149,2149.0,3.0
Bike & Barrel - The Residency Towers,1,1733,1733.0,2.5
Bikano Cafe,1,0,2323.0,2.6
Bikaneri Rasgulla Bhandar,1,0,2955.0,4.2
Bikaner's Sev Bhandar,1,0,1717.0,3.0
Bikaner's,1,0,1563.0,2.3
Bikaner Sweets And Namkeen,1,1318,1318.0,1.7
Bikaner Sweets,1,0,1901.0,4.6
Bikaner Sev Bhandar,1,2881,2881.0,3.0
Bikaner Namkeen Bhandaar And Confectioner,1,902,902.0,2.1
Bikaner Mishthan Bhandar,1,0,2610.0,1.9
Bikaji Bikaner Sweets & Namkeen,1,694,694.0,2.3
Bikaji,1,1803,1803.0,3.1
Bihari Samosa Centre,1,0,1121.0,4.5
Kebabs & Curries Company,1,0,791.0,4.4
Kebabs & Biryanis,1,552,552.0,1.9
Khaas Bagh,1,1507,1507.0,4.2
Keys Cafe - Keys Select Hotel,1,0,1266.0,2.1
Kewal Vaishno Dhaba,1,0,793.0,1.6
Ketofy,1,1198,1198.0,2.9
Keshav Restaurant,1,0,791.0,2.3
Keshav Reddy Sweets,1,0,269.0,1.8
Kesar Da Dhabha,1,0,1036.0,2.6
Kerela Cafe,1,0,1197.0,4.6
Kerala Narial Pani,1,0,796.0,1.4
Kenny Rogers Roasters,1,0,2278.0,4.9
Kenera Coffee House,1,583,583.0,2.8
Kelvin 77,1,0,2523.0,3.3
Kekiz The Cake Shop,1,0,354.0,1.8
Keiba,1,1932,1932.0,3.2
Kedia's Fun Food,1,0,2510.0,1.5
Kebabs And Curries Company,1,4172,2086.0,1.4
Khoja Mukhi,1,0,1885.0,2.8
Khau Galli,1,220,220.0,3.9
Khau Gali,1,0,1529.0,1.6
Khatri Sweet Home,1,0,1257.0,2.1
Khatri Bandhu Pot Ice Cream,1,0,1781.0,2.6
Khatana Dairy & Sweets,1,2832,2832.0,4.7
Khar Social,1,9908,2477.0,3.8
Khansama Non-Veg,1,0,638.0,4.5
Khanna Tandoori Junction,1,0,2387.0,1.0
Khandelwal Pavitra Bhojnalaya,1,0,1429.0,2.2
Khana Shyam,1,0,2569.0,4.7
Khana Khajana,1,273,273.0,1.4
Khan Uncle's Biryani House,1,0,2464.0,2.0
Khamma Ghani,1,0,1780.0,3.0
Khamang Food Truck,1,1569,1569.0,2.7
Khamang ChopatiYASHIKA Chinese,1,1932,1932.0,3.0
Kiranshree Sweets,1,0,1464.0,3.1
Kiran Confectionery & Cakes,1,2402,2402.0,4.3
Kingsway Restaurant,1,0,1658.0,2.2
Kings of Shawarma,1,0,2072.0,3.0
Kingdom Fast Food,1,0,1109.0,3.4
King's Kulfi,1,0,2823.0,3.5
King Cuisine Car,1,0,1352.0,1.3
Kigelia Court - Royal Heritage Haveli,1,299,299.0,3.3
Ki & Ka Cafe & Lounge,1,0,2399.0,4.4
Khyber Cafeteria,1,0,281.0,3.0
Khushi Snacks Store,1,2580,2580.0,3.8
Khushi Food Parcel Point,1,2869,2869.0,1.2
Khushi Fast Food Centre,1,0,1851.0,1.7
Khushi Fast Food,1,210,210.0,4.7
Khushi Dhabha,1,2106,2106.0,2.4
Khullar's,1,0,222.0,1.6
Kishorbhai Ragdawala,1,0,1105.0,1.2
Bihari Dhaba,1,0,900.0,2.1
Bighdey Nawab,1,0,819.0,2.3
Big Wong XL,1,1716,858.0,1.5
Big Wong,1,1499,1499.0,2.7
Big Shot Bar - Country Inn & Suites by Radisson,1,0,1868.0,2.5
Big Fat Momo,1,2562,1281.0,2.0
Big Chef By Khana Khazana,1,375,375.0,2.9
Big Boss Restaurant,1,0,2324.0,4.1
Big Bollywood Adda,1,0,2174.0,4.7
Big Bite,1,0,711.0,2.5
Big Ben Bar,1,1611,1611.0,1.2
Big Bang Grill,1,0,1021.0,1.8
Bhushan Bar & Restaurant,1,1942,1942.0,3.3
Bhupal Sweets,1,0,2340.0,3.7
Kisan Panipuri & Bhelpuri Wala,1,0,861.0,2.3
Kolhapur chicken 65,1,0,2890.0,3.4
Koko Scoop,1,2755,2755.0,3.3
Kokarako Biryani & Fast Food,1,2689,2689.0,3.6
Kohinoor Plaza,1,0,2777.0,4.9
Koffee King,1,0,2192.0,1.8
Kodial Veg Restaurant,1,1727,1727.0,3.7
Knotty Yard,1,0,2032.0,1.8
Knotty Spirits,1,0,2914.0,3.1
Knight Rider Junction,1,0,1814.0,2.6
Knife & Fork,1,326,326.0,4.2
Kks Biryani Cafe,1,0,1633.0,4.7
Kitchens@JP Nagar,1,0,1262.0,4.7
Kitchen on Wheels,1,564,564.0,4.0
Kitchen King,1,0,1037.0,4.5
Kitchen Age,1,1648,1648.0,2.8
Kismat Kathiyawadi,1,0,1325.0,4.2
Kota Kachori - Falahaar,1,0,793.0,1.8
Kota Kachori,1,0,825.0,2.9
Kota Fresh Chicken,1,0,1708.0,3.9
Kosmic Sea Lounge,1,0,623.0,5.0
Kosmic Lounge,1,1063,1063.0,3.2
Koshy's,1,212,212.0,4.5
Kornz,1,2379,2379.0,1.3
Kona Dukan - Stock Exchange Tea Stall,1,815,815.0,1.9
Kona - Nirvana Hotel Banquets Club,1,0,987.0,3.4
Kolkata Sweets,1,1037,1037.0,3.7
Kolkata Royal Biryani House,1,2432,2432.0,4.6
Kolkata Kaati Rolls,1,1255,1255.0,2.0
Kolkata Fried Chicken,1,0,447.0,2.4
Kolkata Famous Kati Rolls,1,0,590.0,1.6
Kolkata Biryani House,1,0,2796.0,5.0
Kolkata Alishaan Biryani,1,1916,1916.0,2.6
Krishna Chat Shop,1,0,2897.0,1.4
Krishna Bhojanalay,1,0,727.0,2.6
Krishna Bhog,1,0,2128.0,1.4
Krishna Arora Shahi Namkeen,1,1572,1572.0,1.9
Krishana Bhojnalaya,1,0,2795.0,1.6
Kream's,1,276,276.0,1.8
Krazzy for Waffle,1,2336,1168.0,1.4
Krazzy For Waffle,1,0,2212.0,4.7
Krazzy Folds,1,0,2560.0,4.4
Krazy For Chocolates,1,0,151.0,3.4
Koyla Meat Bones Veg Restaurant,1,0,296.0,3.2
Koyla Dum Biryanis & Kebabs,1,0,821.0,3.2
Koyla,1,0,2093.0,4.2
Kouzina Mining Co.,1,266,266.0,4.6
Kouzina,1,688,688.0,2.9
Kottavathil,1,0,307.0,4.7
Krishna Sweets And Bakers,1,0,2825.0,1.4
Krishna Sweets,1,0,1205.0,4.8
Krishna Sweet Shop,1,0,1620.0,4.1
Krishna Parotha House,1,0,731.0,1.4
Krishna Palace,1,2451,2451.0,3.6
Krishna Mishthan,1,0,985.0,1.7
Krishna Kripa Seafood Restaurant,1,0,2257.0,3.5
Krishna Juice And Ice Cream,1,0,2949.0,3.7
Krishna Ice Cream Parlour,1,0,2734.0,3.8
Krishna Hotel,1,0,1449.0,4.2
Krishna Ghee Sweets & Home Foods,1,0,2613.0,3.1
Krishna Food Point,1,0,2624.0,2.8
Krishna Food Cottage,1,0,1887.0,1.5
Krishna Family Restaurant,1,0,2573.0,3.5
Krishna Dining,1,2350,2350.0,1.8
Krishna Dal Bati Restro,1,790,790.0,3.7
Kulchas & More,1,0,1469.0,1.6
Kulcha.com,1,0,1541.0,4.3
Kukku Da Dhaba,1,0,1870.0,2.0
Kudrati Kahumbo,1,0,637.0,1.4
Kudla Veg Restaurant,1,0,1552.0,2.7
Kuch Bhi - Siri 18,1,0,2921.0,3.6
Kubir fast Food,1,0,2996.0,4.4
Krystal Foodz,1,0,2331.0,4.3
Krushnai Kshudha Shanti - Poli Bhaji Kendra,1,0,2254.0,1.1
Kronks - Lounge Bar,1,0,569.0,1.4
Kroffee,1,0,1326.0,1.5
Kriyates,1,0,2167.0,3.0
Krishna's Flavour's,1,2846,2846.0,1.2
Krishna Vaishnav Bhoj,1,0,222.0,1.9
Krishna Tea Bhojanalay,1,2300,1150.0,1.9
Krishna Sweets House,1,2132,2132.0,2.3
Bhukhaa,1,0,2376.0,4.3
Bhoomi - Le Meridien,1,0,2366.0,2.1
Bhookkad,1,1901,1901.0,1.3
Bholey Da Dhaba,1,1340,1340.0,4.9
Bholenath Mess,1,2676,2676.0,4.7
Bhole Chature,1,0,1638.0,4.6
Bhole Chat Center,1,2926,2926.0,1.7
Bhola Maharaj,1,0,615.0,3.1
Bhola Bakery,1,0,1095.0,4.4
Bhojohori Manna,1,0,1269.0,1.2
Bhoj Restaurant,1,0,1793.0,1.9
Bhiravnath Bojanalaya,1,0,422.0,1.4
Bhikharam Chandmal,1,0,1576.0,3.5
Bherunath,1,0,2600.0,4.2
Kulfi Depot,1,0,1130.0,4.7
Kulffi,1,0,2560.0,3.2
Kunwarpal Veg Vaishno Dhaba,1,875,875.0,2.1
Kunju's JamRolls,1,2106,2106.0,2.5
Kunj Paneer Kendra The Cake Palace,1,0,2402.0,4.3
Kundanam,1,0,2360.0,1.6
Kundan Namkeen Center,1,659,659.0,1.3
Kundan Da Dhaba,1,0,2631.0,2.5
Kunchi Sweets,1,0,279.0,2.3
Kumbakkarai,1,0,2869.0,4.6
Kumar Sweets and Restaurant,1,0,827.0,2.6
Kumar Sweets,1,0,2878.0,3.0
Kumar Sweet Shop,1,0,1311.0,1.9
Kumar Restaurant,1,0,1473.0,4.5
Kumar Cholay Bhature,1,0,1417.0,2.9
Kumar Bhelpuri & Fast Food Corner,1,3736,1868.0,4.2
Kulfi Heeralal -Tundla Wale,1,0,1261.0,2.4
Bhukkhad,1,171,171.0,2.5
L R Sweet and Farshan,1,0,1419.0,4.7
Kylin Experience,1,0,1710.0,3.0
Kwik Bite Centre,1,2576,2576.0,4.3
Kwality Wall's Humty Dumty,1,590,590.0,3.9
Kwality Wall's Happiness Station,1,0,1705.0,2.1
Kwality Restaurant,1,0,1724.0,3.2
Kwality Juice Bar,1,0,1007.0,1.0
Kwality Cakes N Bakes,1,0,1814.0,2.2
Kutchi Fastfood Shop,1,0,2096.0,1.2
Kushwaha Ji Foods,1,487,487.0,1.9
Kushwah Lassi Corner,1,0,2151.0,2.8
Kurtoskalacs,1,0,637.0,4.7
KurryWheels,1,2245,2245.0,2.4
Kurry Patta,1,2153,2153.0,3.3
Kurry Klub,1,0,1700.0,1.9
Kural Family Fine Dine,1,0,426.0,1.3
Bhaya Ka Vaishno Dhaba,1,0,2670.0,4.1
Bhawani Sweets,1,235,235.0,2.3
Bhawani Foods,1,0,506.0,2.0
Bhawani Chat Pakodi Center,1,604,604.0,4.8
Bhavya Tiffins & Meals,1,2788,2788.0,1.0
Bhavani Jambu,1,237,237.0,1.2
Bhau Omlet Center,1,0,2450.0,3.7
Bhatia Sons Bengali Sweets Palace,1,0,2367.0,3.1
Bhatia Egg Shop,1,0,845.0,2.0
Bhartiya Jalpan,1,0,2438.0,3.2
Bhartiya Chappan Bhog,1,0,2877.0,2.4
Bharkha Devi Ice Cream,1,2220,2220.0,2.0
Bharkadevi Juice Center,1,0,2916.0,2.5
LIT Gastro Pub,1,0,675.0,3.9
LIG Maggi & Pasta,1,0,459.0,3.8
LDH The Old City,1,448,448.0,3.9
La Uppu,1,1908,1908.0,2.4
La Pizza Treno,1,0,1190.0,1.5
La Patron Cafe,1,0,697.0,4.4
La Patisserie and Deli - Taj Bengal,1,2597,2597.0,4.8
La Patisserie 20,1,2801,2801.0,2.4
La Naturelle,1,0,993.0,2.4
La Mensa Ethnic Italian,1,0,213.0,4.1
La Italia,1,0,845.0,1.3
La Gustosa,1,920,920.0,2.0
La Festo's Brawnie & Waffles,1,0,2476.0,1.1
La China Grill,1,2880,1440.0,1.5
La Bouchee d'Or,1,0,823.0,3.1
LSD - Love Sugar & Dough,1,0,2955.0,3.0
LOKL,1,1818,1818.0,2.4
LIV at the Deck - The Landmark Hotel,1,0,483.0,2.6
Bhelpur,1,0,2508.0,4.1
Lakshmi Mess,1,0,1669.0,2.2
Lakhi Egg Roll,1,0,2980.0,4.7
Lake View Restaurant and Cafe,1,0,2613.0,2.4
Lake View,1,0,2176.0,3.2
Lake Shore Restaurant,1,0,979.0,3.6
Lajeez,1,0,2941.0,1.2
Lajawab Dum Biryani,1,2550,1275.0,3.6
Lajawab Biriyani,1,0,2701.0,4.9
Lahore Chowk,1,0,1954.0,2.7
Lagi Lagan Restaurant,1,0,987.0,4.0
Ladpur Restaurant,1,254,254.0,4.2
Laddoos,1,0,195.0,2.8
Laddoo Gopal Sweets,1,0,729.0,4.4
Labbu Shah Kulcha King,1,2251,2251.0,2.3
Laat Saab,1,460,460.0,4.5
La Vita - Urban Chowk,1,0,2952.0,4.9
Lassi N Bites,1,0,897.0,1.0
Lassi King,1,0,2483.0,2.5
Lassi Junction,1,0,2692.0,4.2
Lassi Factory,1,0,869.0,1.5
Lassi Club,1,2007,2007.0,4.9
Larokar Rasoi,1,0,728.0,4.2
Largo Pizzeria,1,797,797.0,1.5
Lalla Biryani,1,0,1040.0,3.6
Lalaji's,1,0,1553.0,1.9
Lalabhai Dabeli,1,0,1510.0,1.5
Lala Hotel,1,0,1189.0,4.9
Lala Chat Corner,1,0,1638.0,1.1
Lal Balti Ki Kachori,1,0,924.0,4.8
Lakshmis Krishna Food Court ,1,1488,1488.0,2.8
Lakshmi's Chappathi Corner,1,0,2491.0,2.0
Lakshmi Refreshment,1,0,1204.0,1.4
Laziz Food Point,1,0,2299.0,2.7
Laziz Family Restaurant,1,0,1978.0,4.3
Lazeez Chick-n-Serve,1,0,862.0,1.4
Layalee,1,0,185.0,2.8
Laxmi Sweets Bhandar,1,0,1422.0,4.4
Laxmi Shudh Shakahari Bhonanlaya,1,1006,1006.0,3.3
Laxmi Sandwich & Pizza Centre,1,3678,1839.0,1.3
Laxmi Hotel,1,0,1884.0,3.3
Laxmi Ganthiya Rath,1,0,964.0,2.3
Laxmi Food Inn,1,194,194.0,3.2
Laxmi Bikaner Mithai Wala,1,310,155.0,4.5
Laxman ki Bandi,1,0,2565.0,3.7
Lavaash By Saby,1,0,218.0,1.8
Latitude - Vivanta Coimbatore,1,0,2854.0,4.8
Latika's Thalia,1,0,1113.0,1.4
Late Night Food,1,0,895.0,1.3
Bharat Ji Ladoo Waale,1,2571,2571.0,1.1
Bharat Foods,1,0,1903.0,3.5
Bharat Coffee House,1,0,2180.0,4.5
Bharat Bhojnalaya,1,885,885.0,2.2
Bhanu Hero' Bakers,1,2506,2506.0,3.9
Bhairavnath Chula Dosa,1,0,2991.0,3.2
Bhagyashree Restaurant,1,0,1264.0,2.2
Bhagwati Pav Bhaji,1,1592,796.0,1.7
Bhagwati Dhaba,1,0,1992.0,3.3
Bhagwant Vaishno Dhaba,1,877,877.0,3.1
Bhagatji Sweets,1,0,2450.0,2.5
Bhadur kulcha corner,1,0,1404.0,1.5
Le Bustaurant - Double Decker Cafe,1,0,2011.0,4.5
Le Bougainvillea - Hotel Clarks Avadh,1,0,2027.0,4.1
Lazzate Nayab,1,0,2439.0,2.5
Lazy Suzy,1,0,2186.0,2.6
Lemon Grass Fine Dine & Lounge Bar,1,0,859.0,1.9
Lemon Chilli,1,0,1374.0,5.0
Lekh Raj fast food,1,908,908.0,4.9
Leisure - Sky Lounge,1,0,186.0,3.9
Leiden,1,0,1457.0,3.1
Legends Of Punjab - By Pepperazi,1,0,692.0,1.3
Legends Barbequeas,1,0,859.0,4.2
Lean On - The Fit Food Hub,1,0,531.0,5.0
Le Rock,1,551,551.0,3.4
Le Petit Amour Patisserie & Bistro,1,1758,879.0,2.7
Le Pain Quotidien,1,920,920.0,1.6
Le Paan,1,0,2305.0,1.1
Le Gaufres,1,2020,2020.0,2.4
Le Cafe - Novotel Hyderabad Convention Centre,1,2255,2255.0,4.5
Bharath Bakers and snacks,1,986,986.0,4.2
Bharat Restaurant,1,1366,1366.0,4.5
Limbu Soda,1,0,1842.0,3.5
Limbu,1,5490,2745.0,4.2
Lil' Heaven Cafe,1,0,2639.0,1.7
Lijjat Khaman,1,0,1604.0,4.2
Light House Cafe,1,0,2048.0,3.2
Life Bakery,1,0,388.0,4.3
Lick N Bite Bakers,1,455,455.0,2.8
Lexxus,1,0,1341.0,1.2
Levels Cafe,1,1452,1452.0,4.2
Let's Refresh,1,0,819.0,4.3
Let's Meet Cafe,1,1690,1690.0,2.6
Let's Eat,1,2247,2247.0,3.8
Leo's Boulangerie,1,0,1073.0,4.3
Leo 89,1,0,2631.0,3.9
Lemon Plaza,1,1885,1885.0,1.1
Lemon Leaf,1,0,989.0,1.9
Live Tawa Icecream,1,0,2500.0,4.2
Live Tawa Ice Cream,1,2638,2638.0,1.7
Little West Pizza,1,730,730.0,3.0
Little Monk,1,0,1195.0,4.9
Little Italiano,1,2796,2796.0,2.5
Little Indian,1,1019,1019.0,4.3
Little Hut,1,0,2998.0,3.7
Little Heart's Cafe,1,0,1873.0,1.3
Little China,1,0,2971.0,1.8
Littil Chinese & Roll,1,0,2518.0,3.4
Liquido,1,944,944.0,4.2
Liquid Lounge,1,0,190.0,3.8
Liquid,1,1073,1073.0,3.9
Lion Restaurant,1,0,552.0,2.4
Linkbite,1,0,448.0,4.9
Linda,1,0,2441.0,3.5
Beto's,1,0,1238.0,2.7
Best Brews - Four Points By Sheraton,1,0,2902.0,2.6
Best Bakers,1,0,1319.0,1.4
Berry 'n' Blossom,1,1024,512.0,1.6
Bento The Snackchat,1,0,469.0,4.1
Bengali Sweets Carnival,1,899,899.0,2.7
Bengali Sweets,1,0,947.0,3.4
Bengali Sweet Shop,1,2673,2673.0,3.4
Bengali Sweet House,1,1021,1021.0,2.7
Bengali Amritsari Naan (Kulcha),1,0,2180.0,4.3
Locale,1,0,1216.0,3.9
Local Gastro Bar,1,0,2633.0,3.1
Lobos Multi Cuisine Restaurant And Bar,1,0,460.0,3.4
Lobby Lounge - The Leela Palace,1,0,517.0,4.4
Lobby Cafe - Radha Regent,1,0,377.0,3.2
Lloyd's Tea House,1,0,1025.0,3.8
Lounge 18,1,0,2425.0,1.4
Lotus Hut,1,2133,2133.0,4.1
Lotus - The Multi Cuisine Restaurant,1,806,806.0,4.7
Lord's Cafe,1,1852,1852.0,3.2
London Street,1,0,1633.0,3.3
London Pizza & Shakes,1,1818,1818.0,4.1
London Muffin,1,0,1624.0,3.2
London Live Restaurant,1,0,992.0,1.4
London Cafe,1,1736,1736.0,1.7
Lonavala Gate - Sagar Dhaba,1,0,1169.0,1.8
Lokmanya's Dhaba Cafe & Shakes,1,6592,1648.0,3.5
Lokal Cafe & Bistro,1,0,2044.0,4.9
Lohon Restaurant,1,2983,2983.0,2.9
Loco Loca,1,0,1124.0,4.5
Bhadauria Restaurant & Sweets,1,0,1045.0,2.6
Beyond Coffee,1,1318,1318.0,2.8
Luqmah Point,1,0,439.0,4.5
Lucky Vegetarian Dhaba,1,0,2922.0,2.5
Lucky Vaishno Dhaba,1,2278,2278.0,2.8
Lucky Snacks & Champs Point,1,2706,2706.0,2.0
Lucky Natural Juice Centre,1,1784,892.0,1.3
Lucky Mango Milk Shake,1,0,294.0,1.9
Lucknowi,1,0,2425.0,4.9
Lucknow Veg Food,1,0,436.0,2.7
Lucknow Nawab Biryani Corner & Fast Food ,1,0,1767.0,3.8
Lucknow Biryani Family Restaurant,1,0,439.0,4.2
Lower Deck,1,0,293.0,2.7
Lovely Bake Studio,1,296,296.0,5.0
Loveleena Juice,1,0,2743.0,2.1
Love Sugar & Dough,1,0,1736.0,2.0
Love Cafetaria Cold Express,1,0,399.0,2.5
Lov momoz,1,2029,2029.0,1.9
MIY Bistro - Make It Yourself,1,0,2842.0,2.0
MHZ Gaming  Cafe,1,0,1412.0,3.0
MH20,1,3516,1758.0,3.6
MH TANDOORI CHAI,1,1985,1985.0,3.3
MAGIC ICE CREAM BY SWEET MAGIC,1,959,959.0,3.4
M2 Food Court Car Khana,1,3000,1500.0,2.8
M.S Fast Food and Sweets,1,638,638.0,1.4
M.R.Dhaba Family Restaurant,1,0,303.0,3.5
M.M.A. Kabab's & Biriyani Center,1,0,2165.0,2.1
M.M. Sweets,1,448,448.0,2.7
M. G. Fast Food,1,2491,2491.0,3.0
M-Terrasse,1,0,226.0,4.3
M's Oven Fresh,1,0,2355.0,4.2
M Cafe - Bengaluru Marriott Hotel Whitefield,1,0,449.0,4.4
Lush Eggless Cookies N Cakes,1,0,2353.0,3.8
Luscious - St. Mark's Hotel,1,0,1738.0,3.5
Bene - Sheraton Grand Bangalore Hotel at Brigade Gateway,1,0,1769.0,4.0
Benaras Burger Corner,1,0,1071.0,4.0
Bemisaal Restaurant,1,859,859.0,2.4
Bemisaal Biryani,1,0,764.0,1.9
Beluga - The Lalit Mumbai,1,0,1799.0,4.3
Belly Treat Food Truck,1,0,1170.0,4.8
Bell Jumbo Restaurant,1,0,282.0,3.4
Bell Food Court,1,2206,2206.0,4.2
Belgians Waffle,1,0,1189.0,3.8
Belgian Waffle Factory,1,0,231.0,4.7
Belfrance Bakers & Chocolatiers,1,0,2431.0,1.5
Being Foodie Express Kitchen,1,0,516.0,4.7
Beijing Bites,1,0,1246.0,3.7
MN Paratha Plaza,1,213,213.0,1.2
MMU's Thali,1,0,2084.0,2.2
MJM Factory,1,0,473.0,4.2
Maan Family Restaurant,1,0,210.0,2.1
Maalwa Ki Daal Bati,1,1279,1279.0,2.4
Maa Vaishnodevi Bhojanalaya,1,0,1537.0,1.9
Maa Sakti Chole Bhature,1,494,494.0,2.8
Maa Mangala Fast Food,1,2727,2727.0,2.6
Maa Ganga Foods,1,0,1170.0,3.7
Maa Durgama Restaurant,1,971,971.0,3.7
Maa Cold Coco & Fruit Salad,1,0,382.0,3.3
Maa Arora Namkeen,1,0,496.0,2.7
Maa Ambey Sweets,1,0,2561.0,5.0
MTB Cafe,1,1305,1305.0,3.1
MRK Tiffins,1,1135,1135.0,3.4
MRF Punjabi Food,1,0,450.0,1.6
MRB (Momo Roll Burger),1,0,654.0,3.5
MOB- The Revolution Lounge,1,0,2541.0,1.2
Bengal Sweets,1,0,2567.0,1.1
Madhuban Pan Shop,1,0,2975.0,3.3
Madhuban Masti Restaurant,1,597,597.0,4.8
Made In Punjab,1,0,300.0,1.1
Made In India - Radisson Blu,1,0,1534.0,1.1
Maddi Refreshment,1,0,942.0,2.7
Mad Tales,1,0,2755.0,3.7
Mad Over Burgers,1,0,2526.0,3.6
Mad House Grill,1,0,2149.0,2.9
Mad Fries,1,0,2358.0,2.2
Mad Fellas,1,0,2047.0,1.8
Mad About Food,1,0,1314.0,1.8
Machaan,1,0,1301.0,1.4
Macazzo,1,0,188.0,4.8
Mabruk - Sahara Star,1,0,2384.0,1.1
Mabho Cafe And Food,1,0,573.0,4.1
Maavadu.in,1,0,368.0,3.4
Madras Spicy,1,0,648.0,4.3
Madras Lassi Shop,1,0,1744.0,4.0
Madras Cafe,1,0,208.0,3.7
Madison & Pike,1,1267,1267.0,2.7
Madina Hotel,1,158,158.0,2.6
Madhushala Restaurant,1,0,2786.0,2.7
Madhushala House of Juices and Shakes,1,0,2313.0,4.4
Madhurima Veg,1,918,459.0,5.0
Madhurima Sweets,1,0,1103.0,3.5
Madhurima Aminabad,1,0,908.0,1.9
Madhuri Restaurant & Bar,1,0,733.0,4.4
Madhuram Sweets & Snacks,1,0,1275.0,3.5
Madhuram Restaurant,1,0,1921.0,1.1
Madhur Mishthan,1,0,1438.0,1.6
Madhur Food Plaza,1,0,1142.0,2.3
Madhumati Bar - Hotel Saurab,1,0,305.0,4.8
Mahadev Tadka Dhaba,1,997,997.0,3.1
Mahabodhi Tiffins,1,0,1037.0,4.5
Maha Laxmi Restaurant,1,0,683.0,1.8
Magnolia,1,0,2667.0,2.0
Magic Oven,1,0,1076.0,1.5
Magic Icecream by Sweet Magic,1,0,1036.0,4.4
Maggi point,1,0,2213.0,4.3
Maffy's - Pan Arabian Bistro,1,0,551.0,3.4
Madurai Saradha Mess,1,0,508.0,2.6
Madurai Pandian Mess,1,0,1378.0,4.8
Madurai Pandian,1,0,832.0,2.8
Madurai Meenakshi Mess,1,0,988.0,3.6
Madurai Kumar Mess,1,214,214.0,4.2
Madurai Jigarthanda,1,0,1931.0,1.5
Madurai Aasai Sweets & Snacks,1,1151,1151.0,3.2
Madrasi Biryani,1,0,301.0,4.0
Beekays,1,0,2510.0,2.8
Bedweiser Cafe,1,1350,1350.0,2.5
Bedi Bakers,1,941,941.0,4.9
Bebash Chinese Momos,1,0,675.0,2.0
Beans n Bites,1,0,1055.0,2.4
Beans and Roots,1,1604,1604.0,2.8
Bean Addiction Cafe,1,0,2656.0,3.8
Beach N Brew,1,0,2693.0,2.2
Bazm - Hotel Shivalik View,1,2488,2488.0,3.4
Bazaar - Zone By The Park,1,0,1136.0,4.2
Bayleaf - Hotel Express Residency,1,1872,1872.0,4.9
Mahakal Fastfood,1,2187,2187.0,4.4
Mahak Veg Fast Food,1,0,2703.0,2.8
Mahajan's Kulfi,1,615,615.0,2.1
Mahajan Chat Bhandar,1,1757,1757.0,2.9
Mahadev Tea & Coffee Point,1,0,2295.0,2.3
Mahima Foods,1,0,1092.0,5.0
Mahi Pan Shoppe,1,2962,2962.0,2.0
Mahey Fast food,1,1821,1821.0,4.5
Mahesh Prasad,1,0,1565.0,4.4
Mahavir Mix Ice Cream,1,0,2247.0,2.3
Mahaveer Rabdiwala,1,0,1397.0,4.3
Mahaveer Pavitra Bhojnalaya,1,949,949.0,1.3
Mahaveer Food Point,1,1673,1673.0,4.9
Maharaja Restaurant,1,0,2808.0,5.0
Maharaja Hotel,1,0,2268.0,1.4
Maharaja Food Factory,1,0,1484.0,3.7
Mahapadam Sweets &amp; Food,1,0,603.0,3.4
Mahalaxmi Pav Bhaji,1,0,406.0,3.2
Mahalaxmi Bhaji Pav,1,0,2837.0,1.4
Beera Chicken House,1,0,595.0,3.7
Beer Club,1,0,1666.0,3.9
Maliban Bakery,1,1154,1154.0,4.5
Malgudi Restaurant,1,0,2698.0,1.1
Malgudi Cafe,1,2644,2644.0,1.5
Malaiappar Mess,1,0,1066.0,1.2
Malabar Mess,1,0,1579.0,1.2
Malabar Kitchen,1,937,937.0,3.7
Malabar Hotel,1,543,543.0,1.9
Makhan Chor Mithaiwala,1,0,2830.0,3.2
Make My Sandwich,1,0,302.0,1.8
Make My Burger,1,0,363.0,2.7
Mak Foodies,1,0,2316.0,4.8
Majlis  E Mughal,1,914,914.0,1.8
Maji & Sons Omlet,1,0,959.0,4.3
Majha flavours,1,0,341.0,1.7
Majha Kolhapuri Vadapao,1,3762,1881.0,4.4
Majestic Sweets,1,769,769.0,1.3
Mamu's Infusion,1,1240,1240.0,4.1
Mamta's Oak Leaf,1,626,626.0,4.3
Mamta Ice Breaker,1,0,1847.0,3.4
Mamta Bakery,1,0,2095.0,4.4
Mammagoto,1,0,2918.0,1.5
Mamledar Misal,1,0,1684.0,3.7
Mami Tiffen Stall,1,0,2678.0,3.6
Mambalam Mess,1,0,1219.0,2.5
Mamaji's Chicken Point,1,0,2873.0,2.0
Mamaji Jalebi Wale,1,0,534.0,4.6
Mama tea house,1,0,968.0,1.7
Mama Ji Ka Dhaba,1,0,2641.0,3.8
Mama Franky House,1,0,2640.0,2.4
Mama Bhanja,1,481,481.0,1.5
Mallika Catering Service,1,0,237.0,2.3
Mallik Food Product,1,0,2469.0,3.0
Manish Electrcal Warud,1,0,1972.0,4.8
Manish Bhojnalya,1,2618,2618.0,2.6
Manis Chettinad Mess,1,0,2197.0,5.0
Mani's Dum Biryani,1,301,301.0,3.3
Mani Dhaba,1,0,1478.0,4.2
Mango Curry,1,0,1584.0,4.3
Manglam Sweets,1,2676,2676.0,4.4
Mangalore Pearl - Seafood Restaurant,1,520,520.0,4.5
Mangala,1,0,2091.0,2.6
Mangal Sweets,1,0,2389.0,1.8
Manbhavan Fast Food Corner,1,0,2157.0,1.9
Manbhari Food Mart,1,0,1827.0,4.7
Manas Klassika - The Cafe,1,0,1207.0,4.2
Manas Bakers,1,0,853.0,3.0
Manakamana Bhojanalya,1,0,1282.0,1.4
Man Vs Food,1,0,2416.0,1.4
Manjiri,1,0,1955.0,1.8
Bayleaf - Courtyard By Marriott,1,0,2995.0,3.4
Bay Leaf,1,0,649.0,2.4
Bay Bay's,1,1377,1377.0,2.2
Bawarchi Restaurant,1,1683,1683.0,1.1
Bawa Juice Corner,1,0,2519.0,2.7
Batulz- Cakes N More,1,0,2216.0,1.7
Batman Delivers,1,159,159.0,2.9
Bathinda Tandoori Chai & Cafe,1,0,2078.0,4.4
Baskin Robbins Ice Cream,1,0,1644.0,3.0
Basilia Pizzas,1,0,277.0,1.9
Bashree,1,0,1947.0,1.9
Basha Hotel,1,0,669.0,1.8
Basant Ice Cream,1,0,1038.0,2.6
Basant Bhojanalaya,1,0,1705.0,4.9
Manish Jaiswal Masahari & Sakahari Bhojnalya,1,0,560.0,2.3
Maquina,1,1862,1862.0,1.3
Manzziare,1,0,2765.0,4.4
Mantra,1,2952,2952.0,2.7
Mansuri Halwa,1,0,701.0,1.2
Mansuk's,1,5728,2864.0,2.7
Mansingh Lounge Bar,1,0,2745.0,4.0
Mansagar - Trident Jaipur,1,0,2662.0,4.6
Manoranjan Bakers,1,268,268.0,4.3
Manoj Bhojnalya,1,2950,2950.0,3.0
Manohar Sweets Cakes & Dry Fruits,1,0,159.0,3.2
Manohar Dairy And Restaurant,1,4964,2482.0,3.8
Manna Biriyani,1,0,1129.0,3.1
"Mann Made Time The Mann""s Cafe",1,2382,2382.0,4.5
Mann Chicken Centre,1,1451,1451.0,2.6
Manju Mamta Restaurant,1,0,1568.0,1.4
Manjit Ice Cream,1,1023,1023.0,4.1
Masahari,1,0,2954.0,1.6
Masafi Restaurant,1,5114,2557.0,2.5
Maruti Nandan Sweets,1,579,579.0,2.3
Maruti Bakers & Icecream,1,2829,2829.0,3.8
Marothiya Pedewala,1,0,233.0,2.4
Marksmen,1,3028,1514.0,1.3
Market Table,1,0,2380.0,3.5
Marine Room - The Piccadily,1,0,1554.0,2.2
Marina Coffee Bar,1,0,1580.0,3.9
Marijuana Hukkah Lounge,1,0,1207.0,1.3
Marigold Bar - Jai Mahal Palace,1,0,2887.0,2.2
Marhaba Restaurant,1,0,957.0,1.3
Marhaba,1,0,2429.0,1.7
Marble Arch - Jai Mahal Palace,1,0,186.0,4.5
Maratha Palace Family Restaurant,1,0,2842.0,4.4
Maratha Express @Urban Chowk,1,0,1075.0,2.2
Masquerade,1,0,1029.0,2.0
Masqati Ice Cream,1,0,1376.0,3.4
Masqati,1,0,1775.0,2.0
Maspa Foods,1,0,2894.0,4.9
Masca Bites,1,0,2693.0,1.1
MasalaBar,1,0,728.0,2.2
Masala Track,1,0,547.0,3.0
Masala Tales,1,0,1019.0,3.7
Masala Library,1,0,693.0,2.2
Masala House,1,0,2968.0,2.4
Masala Grills,1,1086,1086.0,2.5
Masala Darbar,1,0,1433.0,4.5
Masala Dabba,1,1334,1334.0,4.5
Masala Craft - Regenta Central Hotel,1,0,1087.0,1.2
Masala Basket,1,0,2807.0,4.8
Masala,1,0,1204.0,3.1
Matoshree Veg Non-Veg Family Restaurant,1,1909,1909.0,2.4
Matka Matan Corner,1,1927,1927.0,3.7
Mathurawala Restaurant,1,0,831.0,2.4
Mathurawala Chat Chowpati & Bakery,1,393,393.0,4.3
Mathura Chat,1,0,1993.0,1.6
Mathsya,1,0,1882.0,2.5
Matahaari,1,0,1111.0,4.5
Masty Foods,1,1784,1784.0,2.2
Master of Momos,1,0,509.0,4.7
Master Chef Restaurant,1,0,2756.0,2.8
Master Chef,1,266,266.0,2.6
Master Bakery,1,0,236.0,3.5
Mast-Q-Pizza,1,0,209.0,2.5
Mast Punjabi Tadka Dhaba,1,2714,2714.0,3.1
Mast Food Truck,1,0,620.0,1.3
Mast Cafe,1,0,369.0,2.3
Bartistry,1,639,639.0,2.2
Barocks,1,0,1179.0,3.1
Barebones - The Balcony Bar,1,0,1244.0,3.4
Barca The Food Club,1,0,2130.0,3.4
Barbeque Ville,1,0,2937.0,1.6
Barbeque Planet,1,0,2452.0,4.7
Barbeque Nation - Sayaji Hotel,1,883,883.0,3.9
Barbeque Destination,1,0,1108.0,4.9
Barbeque Central,1,316,158.0,4.9
Barbeque Bistro,1,1847,1847.0,3.7
Maya Bar,1,0,1023.0,3.9
Maya - Trident,1,1512,1512.0,4.2
Maurya Bhojnalaya,1,0,1993.0,4.7
Mauli Family Paan House,1,0,1527.0,4.2
Matunga Dabeli,1,0,1968.0,1.6
Matro Shri Bhojnalay,1,0,193.0,2.9
Mealer.in,1,1711,1711.0,1.6
Me Marathi,1,0,1260.0,1.3
Mcdonald's,1,365,365.0,3.4
McDonal's,1,2225,2225.0,4.5
McCafé,1,0,1169.0,1.8
Mc Baker's,1,0,1906.0,1.0
Mazedar Zaika,1,0,841.0,3.5
Mazaali Biryani,1,4400,2200.0,1.8
Mayuri Chat,1,1760,1760.0,4.1
Mayur Pav Bhaji & Juice Bar,1,0,1040.0,1.7
Mayur Bhajiya,1,0,1771.0,2.4
Mayank Chaat Centre,1,0,1082.0,4.5
Maya chats,1,0,2106.0,3.3
Maya Misthan,1,0,2737.0,1.7
Maya Bar & Family Restaurant,1,0,2897.0,3.9
Basant Bakery,1,0,1165.0,2.5
Mehta Chavana & Sweet Mart,1,0,2264.0,4.5
Mehru's,1,0,1472.0,2.7
Mehfil Restaurant,1,0,1517.0,1.5
Mehfil,1,0,1337.0,3.1
Megu Cafe,1,1689,1689.0,2.7
Meet Me There,1,0,2071.0,4.9
Meera Bakers,1,0,2278.0,1.8
Meenambigai Mess,1,2975,2975.0,1.1
Meats and Greens,1,0,1327.0,2.8
Meatatarian,1,0,905.0,1.5
Meat and Eat,1,680,680.0,1.3
Meat & Eat,1,0,612.0,3.1
Meals and Memories,1,0,921.0,2.7
Meals On Wheels,1,0,635.0,1.0
Meals Lab,1,820,820.0,1.1
Meals & Beans,1,742,742.0,3.5
MexiChino,1,0,2463.0,3.1
Mewa Pan Parlour,1,1658,1658.0,2.5
Metro Pub,1,2399,2399.0,2.0
Metro Fruit Juice And Fast Foods,1,2584,2584.0,3.0
Metro Corner,1,0,2227.0,5.0
Metro Bakery,1,1458,1458.0,2.5
Methaas Kulfi,1,0,1822.0,1.4
Messy Bowl,1,1773,1773.0,4.9
Meshi Vegetarian Dhaba Corner Wala,1,2354,2354.0,1.3
Meridian Ice Cream,1,628,628.0,2.3
Meraki-Danny's Coffee Bar,1,0,2818.0,4.5
Meraki The Coffee House,1,865,865.0,4.2
Mera Dhaba,1,0,1999.0,2.1
Menaka - Hotel Palmgrove,1,0,1717.0,4.8
Melange - The Grand JBR,1,0,2237.0,1.5
Mehta Marketing,1,0,2256.0,2.6
Barbecue Kitchen,1,1020,510.0,4.6
Barbecue Bistro,1,175,175.0,2.2
Barbacoa Resto - Lounge,1,0,1233.0,3.1
Barabati Hotel & Restaurant,1,0,2797.0,1.4
Bar One,1,1090,1090.0,1.6
Bar Code - Novotel,1,2149,2149.0,3.5
Bapu Di Rasoi,1,906,906.0,2.6
Bansuri Sweets,1,2604,2604.0,2.1
Bansi Wala Sweets,1,0,2231.0,4.9
Bansi Vaishno Dhaba,1,0,1518.0,1.4
Bansal Sweets,1,0,809.0,4.8
Bansal Bakers,1,0,2704.0,3.4
Banjara Restaurant & Bar,1,0,1780.0,1.8
Mharo Aangan Restaurant,1,0,1578.0,3.1
Mh 05 Dhaba,1,0,2749.0,4.7
Mexicano Griller,1,0,440.0,2.9
Milap Dhaba And Juice Center,1,2077,2077.0,4.1
Milan Restaurant,1,2660,1330.0,3.0
Milan Mithai,1,0,2882.0,2.2
Midtown Bar & Lounge,1,2664,2664.0,3.6
Midpoint Cafe,1,1006,1006.0,3.4
Midnight Madness,1,0,1788.0,2.1
Midnight Hunger Solutions 24/7,1,2349,2349.0,2.1
Midnight Hunger Hub,1,0,2170.0,4.3
Midday Munchies,1,0,1901.0,4.6
MidNight FlowersNcakes,1,0,2611.0,2.8
Michigan Pizza Company,1,0,2384.0,4.2
Michi's Restaurant,1,2485,2485.0,4.3
Miami Juice World,1,0,2478.0,4.0
Mi-a-Mi - JW Marriott Pune,1,0,618.0,3.3
Mhow Kulfi,1,0,1145.0,2.3
Barbenese,1,256,256.0,4.9
Mintleaf Restaurant,1,2440,2440.0,2.6
Mini's Baker's Hub,1,0,2031.0,4.5
Mini Punjab's Lake Side,1,0,1551.0,4.0
Mini Me Bakers,1,0,890.0,3.0
Minarva Restaurant,1,0,327.0,1.6
Million Dollars - The Pub,1,0,1132.0,3.1
Millies Cookies,1,2100,1050.0,2.1
Millie's Cookies,1,718,718.0,3.9
Millie's,1,0,908.0,3.6
Millennium Restaurant,1,0,684.0,2.7
Millenium Cyber Cafe,1,0,1281.0,4.6
Milkyway Ice-Cream,1,1463,1463.0,1.5
Milkshake and Co.,1,0,1778.0,2.8
Milkshake Kulture,1,0,2657.0,2.7
Milkshake Factory,1,0,2163.0,2.8
Milee Droog Cafe & Bistro,1,0,2479.0,3.2
Mithai and More,1,2626,2626.0,2.0
Mithai,1,0,1221.0,3.1
Mist - The Park,1,0,1114.0,3.0
Mishti Mukh,1,2045,2045.0,1.8
Mishthan Bhandar,1,1791,1791.0,3.8
Mishri Sweets,1,0,2048.0,1.4
Mishri Lal Mishtan Bhandar,1,0,389.0,2.3
Mirzapur Sweet Mart,1,0,1423.0,3.9
Mirchi Pure Veg. Restaurant,1,0,1153.0,3.3
Mirchi Fast Food & Roll Corner,1,0,2972.0,4.7
Mirchi Dhaba,1,0,1762.0,2.9
Mirch Masala Restaurant,1,920,920.0,4.5
Mirch Masala,1,0,2406.0,4.5
Miral Bhojnalaya,1,1694,1694.0,3.8
Minus 301 Degrees F,1,0,290.0,2.5
Minty- The Cake Shop,1,2713,2713.0,4.9
Modern Juice Centre,1,2209,2209.0,4.0
Modern Choupati,1,2177,2177.0,2.1
Modern Cafe,1,0,1733.0,3.9
MoMo Cafe - Courtyard By Marriott Pune Hinjawadi,1,0,2567.0,4.3
MoMo Cafe,1,0,1116.0,2.8
Mleko,1,0,1292.0,1.9
Mjr Spice,1,461,461.0,4.9
Mittal Dhaba,1,0,2854.0,1.1
Mitron Da Dhaba,1,0,2862.0,4.3
Mitron - Peninsula Grand Hotel,1,2966,1483.0,1.7
Mitra Da Junction,1,0,2232.0,4.3
Mitra Da Dhaba,1,0,1101.0,1.1
Mithi Restaurant,1,0,589.0,3.3
Mithas 24,1,0,344.0,1.9
Mithas,1,0,697.0,3.9
Mithai by Bhatia,1,614,614.0,1.4
Mom's Cafe,1,240,240.0,3.2
Mom's,1,0,2263.0,3.6
Mohanlal Tulsiram sweets and namkeen,1,841,841.0,2.7
Mohan Khaste,1,0,2183.0,2.5
Mohan Ji Di Hatti,1,2567,2567.0,1.2
Mohan Dhaba,1,1610,805.0,1.6
Mohan Cholafali Centre,1,0,2940.0,1.6
Mohan Bagh - Hotel Narain Niwas,1,2671,2671.0,1.3
Mohalla Khane Ka,1,0,327.0,2.3
Mohadikar Saoji,1,0,2692.0,2.6
Mogli Express,1,2818,2818.0,1.9
Modi Bakers,1,0,2601.0,2.2
Modern sweet,1,0,2639.0,3.6
Modern Sweets And Bakers,1,1898,1898.0,3.4
Modern Restaurant,1,0,2030.0,4.9
Modern Pizza World,1,1510,755.0,1.8
Bangs,1,1785,1785.0,2.4
Banglore Ayyangar Bakery,1,0,2711.0,3.4
Bangla Sweets,1,2172,2172.0,2.4
Bangla Sweet House,1,0,2851.0,1.4
Bangla Sweet Corner,1,216,216.0,1.1
Bangalore Iyengar's Bakery,1,0,2512.0,1.2
Bangalir Bhuribhoj,1,0,2791.0,1.0
Bandwal Restaurant,1,0,1868.0,3.2
Bandigrah,1,1094,1094.0,4.9
Banarsi Bhojnalay,1,0,2967.0,3.5
Banarsi Aggarwal Mishthan Bhandar,1,0,2863.0,3.9
Banarasi Paan Cafe,1,2263,2263.0,3.6
Banarasi Misthan Bhandar,1,807,807.0,4.9
Banarasi Bhandar,1,0,1289.0,4.1
Mom's Thali Restaurant,1,1554,1554.0,4.8
Mom's Thali,1,1538,1538.0,3.0
Monkey Bar,1,0,2125.0,4.0
Monica's Puddings & Pies,1,0,1929.0,1.8
Monica Galaxy,1,0,305.0,2.3
Monginis Cake Shop,1,1628,1628.0,1.1
Monga Bakers,1,0,2267.0,2.3
Monarch Restaurant & Bar,1,988,988.0,4.6
Moms Bakers,1,1515,1515.0,4.9
Momoz Corner,1,0,1141.0,1.7
Momos Villa,1,2809,2809.0,1.7
Momo's Point,1,0,341.0,4.8
Momo's Corrner,1,0,491.0,4.7
Momo's & More,1,2949,2949.0,1.7
Momo Sa-Khang by Kailash Kitchen,1,1599,1599.0,4.9
Momo Factory,1,0,741.0,2.2
Momo Adda,1,1630,1630.0,4.9
Banjara - Goldfinch Hotel,1,0,353.0,3.2
Motorist Inn,1,652,652.0,3.7
Moti Mahal Delux Tandoori Trail,1,1316,1316.0,2.6
Mother's Saoji Kitchen,1,0,835.0,2.0
Mother's Kitchen,1,0,656.0,4.9
Motel Araam,1,0,1032.0,3.1
Moriz Restaurant,1,0,882.0,4.4
Moreish,1,870,870.0,3.6
Moonshine Cafe and Bar,1,0,2409.0,3.2
Moon Light,1,0,861.0,1.2
Moon Bean Cafe & Bar,1,0,1500.0,1.4
Moodies Restro Cafe,1,0,2683.0,4.8
Monu Kulcha Hut,1,0,2588.0,4.6
Monsters Puffs,1,2063,2063.0,4.0
Monsters Kitchen,1,0,2248.0,3.4
Monqo,1,5830,2915.0,3.4
Monkey's Cafe & Grill,1,0,1050.0,1.6
Mr. Puff,1,0,2969.0,4.8
Mr. Pacman,1,0,552.0,1.2
Mr. Fries,1,2981,2981.0,1.7
Mr. Fried Chicken,1,707,707.0,2.3
Mr. Food Shop,1,1880,1880.0,3.6
Mr. Dosa & Mrs. Chutney,1,1869,1869.0,2.1
Mr. Cup Plate,1,0,250.0,4.5
Mr. China,1,0,671.0,2.4
Mr. Brown,1,0,212.0,4.1
Mr. Beans - Home Cafe,1,0,2785.0,2.9
Mr Idli,1,2403,2403.0,2.3
Mr Food,1,1051,1051.0,3.5
Mr Brown,1,0,519.0,3.4
Mr Bean's Pizza,1,0,2083.0,2.6
Movie Magic Deli,1,0,2972.0,2.9
Motu Ke Samose,1,183,183.0,3.3
Banaras Darbar,1,0,1152.0,1.7
Banaras Cafe & Family Restaurant,1,1774,1774.0,1.9
Bamboos Dhaba,1,0,1819.0,3.5
Bamboo Shoot,1,2588,2588.0,2.9
Bamboo & Biryani,1,430,430.0,3.8
Baljees Sweet Shop,1,2091,2091.0,4.1
Balgotra Vaishno Dhaba,1,0,347.0,4.7
Balbeer's Kitchen & Bar,1,1762,881.0,3.7
Balan Dosa,1,0,218.0,2.4
Balaji Tiffin Service,1,1482,1482.0,1.3
Balaji Soya Chaap,1,456,228.0,1.3
Balaji Sandwich,1,1242,1242.0,4.6
Balaji Rajasthan Misthan Bhandar,1,0,2286.0,4.8
Balaji Malai Chap,1,0,1295.0,1.6
Mr. Vandal,1,0,2994.0,4.1
Mr. Tea Cafe - Uper,1,0,738.0,4.0
Mumbai Chaat Wala,1,0,2691.0,4.7
Mumal Chicken Corner,1,796,796.0,4.9
Mukku Kadai K Subbu Moongil Thottam,1,0,2174.0,2.9
Mughlai The Taste,1,0,1365.0,3.8
Mughals,1,0,663.0,3.9
Mughal Zaika,1,0,419.0,2.1
Mughal Darbar Family Restaurant,1,2079,2079.0,4.2
Mughal Bar - Hotel Clarks Shiraz,1,0,929.0,2.3
Mudpipe Cafe,1,1986,993.0,4.8
Muchhad Paanwal & Restaurant,1,0,646.0,4.5
Mubeen's,1,0,2339.0,4.3
Mu Kimchi,1,0,1289.0,2.4
Mrs Wilson's Cafe,1,1992,1992.0,4.7
Mrs Mage,1,0,161.0,2.3
Mr. Wrappee,1,0,2122.0,1.8
Mr. Veg Restaurant - Hotel Udaydeepcas,1,0,1452.0,4.3
My Corn,1,0,2934.0,1.7
My Bar Headquarters,1,0,1860.0,4.7
Mustard Restro Lounge And Bar,1,0,2305.0,2.7
Mustang Bar - Green Park Hotel,1,0,1018.0,2.6
Mustake Multicuisine Restaurant,1,0,674.0,2.2
Muskaan Confectionery With Fast Food,1,1383,1383.0,1.8
Murlidhar Sweets And Farsan,1,0,889.0,2.1
Munna Sweet House,1,0,1670.0,1.6
Munna Bhel Puri House,1,668,668.0,1.2
Munching Room,1,810,810.0,1.3
Munchies Cafe,1,2856,2856.0,2.2
Munchery,1,0,1266.0,2.6
Munchane,1,0,2458.0,3.4
Mumtaaj Pav Bhaji Centre,1,2483,2483.0,4.4
Mumma's Recipe,1,0,412.0,1.3
Mumbai Legacy,1,0,2985.0,3.2
Naadkhula Panipuri,1,0,733.0,1.2
NR's Anand Tiffins,1,0,268.0,1.4
NM Idli Kada,1,0,1636.0,2.1
NH17,1,0,2708.0,1.3
NH 37 Dhaba,1,2648,2648.0,5.0
NCR Kitchen,1,1263,1263.0,1.7
N.S. Bakery,1,0,1529.0,3.0
N.J.P Hotel,1,956,956.0,2.2
N-Dine,1,0,2763.0,3.2
N Y Pizza,1,0,2202.0,2.4
Mystery Cafe And Cake,1,178,178.0,3.8
Myst - Radisson Blu Plaza Hotel,1,0,1371.0,1.7
Myfroyoland,1,2799,2799.0,3.5
My Marathi Shri Mahalaxmi Mahila Gruh Udyog,1,0,748.0,3.5
My Kitchen,1,1147,1147.0,2.5
My Foodiez,1,0,2672.0,1.4
Namaste Foods,1,0,1991.0,2.4
Namami Ice Cream and Juice,1,0,1674.0,1.4
Namak Shamak,1,0,2719.0,3.9
Namak - Sahara Star,1,1583,1583.0,3.7
Nalini,1,0,2171.0,3.2
Nalban Food Park - Nom Nom,1,2407,2407.0,1.4
Nalan's Multicuisine Restaurant,1,0,1405.0,4.7
Nakshatra Condiments,1,697,697.0,4.3
Nakshatra,1,624,624.0,1.7
Nai Delhi,1,0,583.0,4.0
Nagpal Dhaba,1,0,760.0,4.1
Nagarjuna Chimney,1,0,2937.0,2.1
Naga Kitchen,1,0,708.0,2.2
Nadiya Bake and More,1,0,1502.0,3.4
Naaz Restaurant,1,5594,2797.0,3.0
Naatures Scuup,1,0,780.0,2.1
Balaji Ka Dhaba,1,0,237.0,2.3
Balaji Ice-Cream,1,1361,1361.0,4.4
Balaji Grand,1,2014,2014.0,2.1
Balaji Chaat Bhandar,1,0,2219.0,1.3
Balaji Bhojnalay,1,0,417.0,3.5
Balaji Bhojanalya,1,1140,1140.0,1.6
Bala Ji Shud Bhojanalya,1,783,783.0,2.3
Bakstage,1,286,286.0,1.9
Bakista,1,0,724.0,4.3
Baking Bond,1,0,860.0,4.1
Bakerywala,1,0,518.0,1.8
Bakery B by Best Bakers,1,0,1930.0,4.6
"Bakery ""O"" Clock",1,0,913.0,2.6
Bakers Square,1,4672,2336.0,2.5
Bakers Point,1,0,1359.0,4.0
Namaste India,1,158,158.0,3.7
Nasta On Rasta,1,0,1740.0,3.6
Narula's,1,967,967.0,1.9
Narmada Hotel,1,2530,2530.0,3.7
Nargis Biryani,1,0,2528.0,4.9
Narayanbhai Bhelwala,1,0,2136.0,2.2
Narayan Mistanna Bhandar,1,2833,2833.0,2.1
Narayan Jal Paan Grah,1,0,2275.0,4.0
Narayan Hotel,1,0,1569.0,2.5
Narayan Bhandar,1,0,2393.0,4.9
Narang Bakery,1,0,1979.0,1.1
Narain Veg,1,1908,1908.0,4.5
Naples Pizza,1,0,2956.0,3.2
Nanking,1,2354,2354.0,4.1
Nandita Fast Food,1,384,384.0,5.0
Nandhiniee Sweets,1,2872,1436.0,3.0
Namma Chettinadu,1,2218,2218.0,2.3
Nava Durga Nellore Mess,1,843,843.0,4.3
Nav Gomantak,1,0,734.0,4.9
Nav Bharat Ice Cream Parlour,1,0,658.0,2.8
Nature's Pantry,1,0,1864.0,2.0
Nature,1,0,1786.0,2.6
Natural Sip,1,0,2385.0,3.2
Natural Pan,1,1940,1940.0,1.1
Natraj Savour,1,0,1629.0,2.2
Natraj Restaurant,1,0,1967.0,4.4
Natraj Dining Hall & Restaurant,1,0,1206.0,2.3
National Dhaba,1,0,996.0,2.5
National Baker's,1,0,1012.0,4.1
Nathumal & GhudooMal,1,0,2495.0,2.3
Nathu's Sweets,1,0,824.0,4.1
Natha Sahoo Tiffin Sweets,1,0,510.0,3.3
Nasta Tapri,1,0,340.0,1.3
Neelkanth Sweets,1,261,261.0,2.5
Neelkanth,1,0,2565.0,3.8
Neelam Restaurant,1,0,2166.0,1.7
Neel Kamal,1,0,1516.0,2.0
Needs,1,1802,1802.0,1.0
Nawras Seafood Restaurant,1,2220,2220.0,3.6
Nawabz,1,0,1069.0,2.9
Nawabi Zaiqua,1,613,613.0,2.6
Nawab Saheb - Renaissance Hotel,1,0,2503.0,1.9
Nawaab Restaurant,1,0,1014.0,2.5
Navnita,1,0,233.0,3.7
Navjivan Restaurant,1,236,236.0,3.3
Naveen's Bapu Ki Kutia - Ayodhya,1,0,1341.0,3.5
Naveen's Bapu Ki Kutia,1,0,2827.0,1.1
Naveen Juice And Ice Cream Parlour,1,0,390.0,3.0
Navab's,1,0,2489.0,4.9
New Amar Sweets,1,962,962.0,2.9
New Al-Kabir Non Veg Restaurant,1,0,743.0,2.4
New Al- Baike,1,0,1407.0,3.7
New Agrawal Sweets,1,0,584.0,4.5
New Agra Fast Food & Restaurant,1,0,2526.0,4.4
New Agarwal Sweet,1,2154,2154.0,2.4
New Agarwal Bhavan,1,418,418.0,4.1
New 7 Days Restaurant,1,0,1841.0,1.3
Netram Mulchand & Sons,1,0,2097.0,2.3
Netaji Hotel,1,0,365.0,1.3
Nescafe,1,0,1834.0,2.6
Neptune Bar & Lounge,1,0,2764.0,3.2
Neopolitan Pizza,1,1738,1738.0,3.1
Neo Politan Pizza,1,0,2602.0,1.1
Neeta's Inn,1,0,2565.0,3.1
Neenoo's Bar-B-Que Fish-N-Chips,1,0,1082.0,1.3
New Diamond Restaurant,1,0,2410.0,3.7
New Delhi Chat Bhandar,1,0,1782.0,2.2
New Classic Family Restaurant,1,0,1371.0,4.7
New Chik Chik Chicken Corner,1,2477,2477.0,1.3
New Chicken Mall,1,0,1543.0,4.7
New Chand Hotel,1,0,2892.0,2.1
New Brijbasi Mishthan Bhandar And Dairy,1,0,939.0,4.3
New Bombay Pao Bhaji,1,1355,1355.0,3.8
New Biryani Mahal,1,2644,2644.0,4.5
New Bikaner Misthan Bhandar,1,0,2519.0,2.5
New Bhatia Sweet Shop,1,0,2657.0,1.7
New Banjara Bar & Resturant,1,0,2630.0,4.7
New Annapurna Suruchi Hotel,1,0,281.0,3.1
New Anand Vatika,1,0,1732.0,4.5
New Ambika Lunch Home & Parotha House,1,1145,1145.0,1.5
New Amber Cafe,1,2951,2951.0,4.9
Bakers Mine,1,0,1134.0,3.2
Bakers Land,1,0,754.0,4.8
Bakers Hut,1,0,963.0,1.5
Bakers Bunch,1,0,2592.0,4.8
Bakers Brown,1,1714,1714.0,1.3
Bakers 9,1,0,865.0,4.8
Baker's Village,1,1341,1341.0,4.5
Baker's Villa,1,0,432.0,2.5
Baker's Treat,1,0,2725.0,3.5
Baker's Delight,1,0,250.0,4.6
Baker's Craft,1,0,287.0,3.0
Baker's Cafe,1,0,1638.0,3.0
Baker Street Bistro Cafe,1,0,1073.0,1.8
New Firdous,1,5776,2888.0,4.5
New Eat Me Dhaba,1,2465,2465.0,4.6
New Dilli Darbar,1,624,624.0,4.1
New Keshri Dosa Center,1,0,2191.0,2.2
New Kalyan Bhel,1,0,919.0,3.2
New Jodhpur Sweet Home,1,0,936.0,5.0
New Jawahar Pan,1,0,1810.0,2.3
New Janta Vaishno Dhaba,1,0,1051.0,5.0
New Jain Vegetarian,1,2395,2395.0,1.9
New India Hotel,1,3236,1618.0,2.6
New Hyderabadi Biryani,1,0,2693.0,4.9
New Hotel Deluxe,1,0,1999.0,1.5
New Hotel Calcutta,1,0,1831.0,4.2
New Hot Lips,1,0,1188.0,2.8
New Hanuman Pulao,1,1162,1162.0,3.8
New Golden Dragon,1,0,2266.0,4.9
New Gokul Sweets,1,0,2380.0,2.1
Bakers Paradise,1,172,172.0,1.4
Bakers Mocktails and Milkshakes,1,348,348.0,2.1
New Mubeen,1,0,589.0,1.1
New Morya Bhojanalay,1,2250,2250.0,4.2
New Mansuri Halwa Corner,1,2800,2800.0,1.5
New Manoranjan Sweets & Bakers,1,0,2342.0,2.1
New Madras Tiffin,1,2669,2669.0,2.9
New M.S Bakers,1,785,785.0,3.7
New Ludhiyana Dhaba,1,0,2548.0,4.0
New Lucknow Kitchen,1,0,2167.0,1.3
New Limra Hotel & Restaurant,1,0,1482.0,2.1
New Laxman Misthan Bhandar,1,0,879.0,3.6
New Kushwahaji Ki Veg Biryani,1,2043,2043.0,4.5
New Kurji Sweets,1,0,700.0,1.3
New Krishna Sweets,1,0,1138.0,4.9
New Kolkata zik zak roll centre,1,0,1739.0,4.8
New Kolkata Royal Biryani,1,0,2596.0,1.1
New Khusboo Bhojnalay,1,0,969.0,3.3
New Rangeela Dhaba,1,0,2377.0,2.8
New Raksha Sweets,1,2696,2696.0,1.5
New Rajasthan Pani Puri Center,1,2691,2691.0,2.0
New Rajasthan Chat Bhandar,1,0,1868.0,2.6
New Punjabi Dhaba & Restaurant,1,2750,2750.0,2.1
New Punjabi Dhaba,1,0,1994.0,4.5
New Punjab Hindu Hotel,1,5874,2937.0,2.7
New Punjab,1,0,2584.0,2.6
New Poona Bakery Cafe,1,355,355.0,1.8
New Pizza Yum,1,0,1871.0,4.4
New Pizza Point,1,1883,1883.0,1.1
New Persian Durbar,1,2263,2263.0,3.2
New Paul Dhaba,1,0,293.0,2.7
New Paras Sweets,1,2190,1095.0,1.4
New Palace Cafe,1,2132,2132.0,3.9
New Noodle King,1,0,1608.0,3.0
New Us Pizza Express Delivery,1,0,2987.0,4.4
New Tomer Sweets,1,0,681.0,3.2
New Tandoori Point,1,0,379.0,4.8
New Taj Resturent,1,0,1849.0,1.7
New Taj Family Restaurant And Juice,1,218,218.0,2.1
New Standard Sweet Shop,1,0,799.0,2.1
New Sri Krishna Bakery,1,0,1526.0,2.0
New South Indian Cafe,1,0,603.0,1.8
New Shri Ram Dairy Restaurant,1,0,1327.0,2.7
New Shegaon Kachori Centre,1,0,298.0,3.6
New Shalimar Family Restaurant,1,5962,2981.0,3.4
New Sanman,1,0,2041.0,2.0
New Sangam Bhojanalay,1,1350,1350.0,1.1
New Rita Kulfi,1,0,1427.0,1.2
New Restaurant,1,0,2639.0,4.3
New Rasoi Garden,1,0,360.0,1.7
Nihao,1,0,2150.0,1.9
Nihal's Paan World,1,0,2275.0,3.2
Night Owl,1,0,2300.0,3.0
Night Fox Restaurant,1,616,616.0,2.3
Night Food Delivery by TRC,1,0,2935.0,1.1
Nibs Cafe,1,0,190.0,4.2
New shitla mishthan bhandar,1,0,2892.0,1.1
New Zealand Naturals,1,0,1659.0,2.3
New Zayka Chicken Pakora,1,0,1639.0,4.2
New Yadav Biryani Canter,1,0,770.0,2.5
New Wimpy Sweets,1,0,1528.0,4.9
New Ways,1,1600,1600.0,4.7
New Wah ji Wah Champ,1,0,2231.0,2.8
New Wah Ji Wah,1,0,1253.0,4.4
New Vrindavan Pan Bhandar,1,0,2417.0,1.4
New Uttam Hira,1,0,2707.0,3.0
Nityotsava Residency Rooftop Restaurant,1,0,2661.0,2.6
Nitrogen Ice Cream Lab,1,0,2820.0,3.3
Nithya Hotel,1,0,2806.0,1.6
Nithya Amirtham Sweets,1,0,2371.0,2.4
Nite Cuisine,1,0,2164.0,4.5
Nishant Park,1,5360,2680.0,2.2
Niros,1,268,268.0,3.7
Niramish,1,0,1370.0,1.5
Nini's Kitchen,1,1735,1735.0,1.8
Ninety Six - Trident Hyderabad,1,0,884.0,2.9
Nine Eleven Cafe,1,0,810.0,3.3
Nimantran,1,0,2986.0,3.7
Nilas Cake,1,0,275.0,4.2
Nikhil Egg Center,1,0,1348.0,1.6
Nikhat's Food Truck,1,0,1480.0,4.3
Nik Baker's,1,0,602.0,2.2
Bakealicious,1,1810,1810.0,2.5
BakeBerry,1,0,1132.0,2.3
Bake n Bites,1,820,820.0,1.7
Bake Well Bakery Shop,1,0,599.0,1.4
Bake Tree,1,0,519.0,2.6
Bake Studio,1,0,1056.0,3.0
Bake Paradise,1,0,1136.0,2.3
Bake Off!,1,0,1402.0,4.6
Bake N Grill,1,0,2500.0,2.2
Bake My Way,1,0,1402.0,2.1
Bake My Day,1,0,271.0,4.0
Nomad Cafe,1,0,2636.0,2.7
Noir,1,0,1270.0,3.6
Nobin Chandra Das & Sons,1,0,633.0,3.6
Nizam Dhaba,1,0,2846.0,3.1
Nivedita Fast Food,1,0,2604.0,3.8
Nourich,1,0,1311.0,4.6
Nothing But Chicken,1,0,1000.0,1.4
Nostalgia,1,840,840.0,1.4
Nosh-Cafe Lounge & Restaurant,1,0,2579.0,2.1
Nortons Food Co.,1,0,1889.0,4.3
North West Corner,1,0,2343.0,2.3
North East Kitchen,1,0,2320.0,4.5
Norenj Wine Dine & Fresh Beer Cafe,1,0,2591.0,4.9
Norenj Kitchen & Microbrewery,1,0,249.0,1.7
Noorjaha Restaurant,1,2046,1023.0,3.1
Noor's Kitchen,1,2767,2767.0,3.9
Noor Jehan's,1,0,2948.0,2.4
Noodle Heights,1,0,1254.0,4.7
Nonsense Fast food,1,0,1609.0,4.0
Bakeolicious,1,0,463.0,3.5
Bakeddicts,1,224,224.0,4.0
ONE IN A MELON,1,0,2404.0,1.3
OMG Food Court & Gaming,1,0,565.0,3.9
OM Cafe,1,1310,1310.0,4.1
OM Bikaner Misthan Bhandar,1,0,958.0,2.5
O22 Bar Lounge - Trident,1,0,1665.0,4.2
O2 Cafe 24*7,1,0,2934.0,4.5
O15,1,0,2959.0,3.5
O'Guwahati,1,2995,2995.0,1.9
Nyza Bakers,1,2892,2892.0,4.1
Nutri Punch,1,2615,2615.0,3.6
Nuskha,1,0,946.0,1.8
"Nukkad, The Chaitastic Teafe",1,638,638.0,4.0
Nukkad Cafe & Bar,1,2990,2990.0,4.4
Nox Cafe & Bar,1,0,2646.0,2.0
Novelty Pure Veg Restaurant,1,0,1411.0,4.9
Novelty Multicuisine Restaurant,1,426,426.0,4.4
Oh! Jammu Eatery,1,0,2562.0,3.4
Oh Teri! Indian Kitchen,1,0,1725.0,5.0
Oh So Stoned,1,0,1923.0,1.5
Oh My Bong,1,0,513.0,2.1
Offside Lounge,1,0,1402.0,4.8
Office Bar,1,0,2667.0,2.5
Odeon Social,1,0,836.0,5.0
Octant Pizza,1,0,781.0,2.0
Oceanos,1,1624,1624.0,1.4
Oceanic - The Peerless Inn,1,0,2235.0,3.8
Occasion,1,826,826.0,4.4
Oasis - Vivanta by Taj,1,564,564.0,1.8
Oak Leaf,1,0,187.0,3.4
Oadby Oak 60ML Bar,1,2458,2458.0,1.4
OTR 16,1,0,2703.0,1.8
ONYX- Air Lounge and Kitchen,1,2635,2635.0,1.7
Olives Restaurant,1,0,2507.0,2.5
Olive and Basil,1,0,2744.0,2.4
Olive Mithai Shop,1,0,1797.0,5.0
Olive Kitchen,1,2209,2209.0,2.3
Olive Garden Caterer,1,1528,1528.0,4.4
Olive Garden,1,0,866.0,4.1
Oliva Lounge Bar,1,0,2896.0,4.4
Oleev Multicuisine - Hotel The Raso,1,1480,1480.0,2.7
Old Take Away - The Kabab Shop,1,977,977.0,3.5
Old School Cafe,1,0,331.0,1.0
Old Madras Baking Company,1,0,893.0,2.5
Old Ellora's Bakers and Confectioners,1,0,696.0,2.2
Old Champaran Meat House,1,0,2035.0,3.5
Ohri's Serengeti,1,0,1416.0,4.4
Ohh My Food,1,0,1716.0,4.5
"Oh, Cheat Day",1,1522,761.0,2.0
Om Sakthi Amma Biriyani,1,0,2573.0,2.4
Om Sai Restaurant,1,0,1711.0,3.2
Om Sai Lassi And Juice Corner,1,1922,1922.0,2.5
Om Sai Ka Dhaba,1,562,562.0,2.7
Om Sai Baba Mess,1,0,2504.0,1.6
Om Sahu Swami Dosa Point,1,0,801.0,3.8
Om Restaurant,1,0,1506.0,4.2
Om Juice Bar,1,0,2161.0,3.0
Om Janta Sweets,1,0,1707.0,1.3
Om Gurudev Bhelpuri Centre,1,0,1124.0,2.3
Om Dhaba & Caters,1,0,1912.0,1.6
Om Chaat Bhandaar,1,0,1511.0,4.8
Om Bakers Point,1,0,1395.0,3.4
Om  Misthan Bhandar,1,0,2463.0,2.8
Oll My Tea,1,0,2946.0,3.1
Olivia,1,0,2156.0,1.9
Ooh La La,1,0,1710.0,4.5
Only Parathas,1,0,2393.0,4.6
One Two Ka Four,1,2539,2539.0,4.2
One Street,1,0,1741.0,4.3
One Bite More,1,0,2157.0,1.6
One Bite,1,0,918.0,4.5
Once Upon A Time at Nahargarh,1,0,1233.0,2.5
On The House,1,426,426.0,1.6
Omkar Food Point,1,0,497.0,3.7
Omi's corner,1,0,2202.0,4.0
Omi Dhaba,1,0,688.0,2.5
Om cake shop,1,0,602.0,4.2
Om Sweets,1,0,2841.0,4.5
Om Shree Ram Bhandar,1,0,1876.0,4.0
Om Shanthi - Hotel Siddhartha,1,0,2193.0,4.2
Om Shakti Saoji Bhojnalaya,1,0,2821.0,4.9
Open Affairs,1,1001,1001.0,1.5
Bake Brown,1,2797,2797.0,2.6
Bake A Wish,1,0,2762.0,1.8
Bajaj Juice Centre,1,0,2573.0,3.2
Bailey's The Cake Shop,1,0,831.0,2.2
Bahadur Restaurant,1,1132,1132.0,3.1
Baghone Restaurant,1,0,295.0,4.8
Bademiya,1,1913,1913.0,2.8
Badal Kawab,1,0,1625.0,2.0
Backstage,1,0,347.0,3.7
Backhouse Restaurant,1,0,1028.0,5.0
Baburchi Hotel,1,0,1091.0,4.6
Babumashai Restaurant,1,0,599.0,1.9
Babubhai's Sweets,1,1291,1291.0,4.1
Opal,1,0,2704.0,2.2
Ooze The Brauhaus,1,0,2734.0,4.9
Osmium Lounge,1,0,2050.0,1.7
Oryza - The Ethnic Kitchen,1,0,1226.0,2.8
Oru Pothichoru,1,0,916.0,3.7
Ornamental Mithai,1,0,2019.0,3.0
Originals Ice Cream by Fathy & Zara's,1,1403,1403.0,3.4
Oriental Bay,1,1026,1026.0,3.3
Orient Blade - Park Plaza,1,0,1175.0,2.0
Organic Food Facktory,1,0,1081.0,4.2
Organic Andhra Mess,1,413,413.0,3.9
Order Fresh,1,0,2313.0,2.0
Orchid Lounge,1,0,2268.0,3.5
Orchid - Fortune JP Palace,1,868,868.0,2.3
Orbango,1,2604,1302.0,3.9
Orange Wok,1,0,627.0,4.6
Orange Juice Bar,1,0,2720.0,2.5
Opium,1,0,825.0,3.3
PEFE,1,0,1269.0,1.7
Oyster Bay,1,0,688.0,1.1
Oye Teri - The Kulcha Kulture,1,2048,1024.0,2.5
Oye Brownies,1,0,1330.0,1.1
Oxygin Lounge & Bistro,1,0,1251.0,4.2
Over the Top,1,503,503.0,4.1
Over the Flow,1,1756,1756.0,1.3
Over The Top - Radisson Blu,1,0,987.0,3.4
Over The Moon Brew Company,1,2191,2191.0,3.9
Ovenly Bakery Cafe,1,0,429.0,2.6
OvenFresh,1,0,2450.0,3.6
Oven in the Mountain,1,1974,1974.0,3.3
Output Bengaluru,1,1505,1505.0,3.1
Outer Limit Bar & Restaurant,1,1995,1995.0,2.1
Out Of The Box,1,0,611.0,2.9
Out Of The Blue,1,0,832.0,2.6
Pahalwan Juice Stuff,1,0,417.0,3.7
Paghan- Hotel Bhargav Grand,1,453,453.0,1.6
Padharo,1,0,1160.0,2.5
Pabrai's Fresh and Naturelle Ice Cream,1,5102,2551.0,2.5
Pabrai's Fresh & Naturelle Ice Creams,1,0,2354.0,1.2
Pabrai's Fresh & Naturelle,1,1680,1680.0,2.6
Pablo Farms,1,2336,2336.0,1.3
Paasham Cakes,1,2900,2900.0,4.8
Paara,1,2387,2387.0,3.0
Paapipet,1,2589,2589.0,4.9
Paani Drinks Ka Destination,1,0,324.0,3.6
Paan Shop,1,570,570.0,4.6
Paan Cafè,1,0,2400.0,1.6
Paal Ice,1,0,2055.0,4.8
Pa Pa Ya,1,3400,1700.0,4.1
PK Coffee Shop,1,0,2561.0,3.7
Babu Vada Pav,1,0,2489.0,3.0
Babji Bakers,1,158,158.0,4.1
Babai Idly & Idly,1,0,2647.0,4.8
Baba di Hatti,1,0,2576.0,4.7
Baba Sweets & Namkeen,1,1385,1385.0,4.1
Baba Shree Paan,1,0,551.0,1.4
Baba Sai Bakers,1,0,2940.0,5.0
Baba Restaurant,1,316,316.0,3.7
Baba Parotha House,1,0,1298.0,3.9
Baba Ka Dhaba,1,479,479.0,2.2
Baba Juice Bar,1,0,1279.0,4.4
Baba Hotel,1,0,1075.0,3.7
Baba Dhaba & Restaurant,1,0,1064.0,4.0
Pajju Dosa Chole,1,0,2663.0,3.9
Pahunchar,1,0,2575.0,2.4
Pahalwan Lassi,1,0,2021.0,3.1
Panchami Tiffins,1,0,2331.0,2.5
Pancham,1,3912,1956.0,4.0
Panchajan Hotel,1,0,1053.0,1.7
Panbucks,1,2588,2588.0,1.0
Pan World Cafe,1,0,1941.0,1.1
Palsaniya Baker'z & Confectionery,1,0,1256.0,4.6
Palmtree,1,2949,2949.0,3.6
Palladium Social,1,1324,1324.0,3.5
Palar Restaurant,1,0,890.0,4.2
Palak Hotel,1,1381,1381.0,1.4
Pal da Dhaba,1,0,2597.0,3.9
Pal Dhaba,1,0,1466.0,4.2
Pakwan Chennai,1,4094,2047.0,3.3
Pakora Point,1,1487,1487.0,1.2
Pakiza Restaurant,1,0,2908.0,4.5
Pakeeza,1,1489,1489.0,4.3
Panj Tara Dhaba,1,0,2615.0,5.0
Pani Weds Puri,1,917,917.0,3.6
Pandit ji Chotiwale,1,0,1659.0,4.7
Pandit Zayka,1,0,578.0,1.4
Pandit Sweets,1,0,920.0,4.3
Pandit Pav Bhaji,1,2184,2184.0,4.6
Pandit Ji Parantha Hut,1,2312,1156.0,2.7
Pandit Ji Ki Chaat,1,0,1058.0,2.1
Pandit Ji Di Hatti,1,0,2133.0,4.2
Pandit Ji De Paranthe,1,0,1998.0,2.1
Pandit Ji Chat Vaat,1,0,1241.0,1.8
Pandari's Biriyani,1,327,327.0,4.4
Pandan Asian Eats,1,532,532.0,4.9
Panda Junction,1,0,2478.0,4.7
Panchmukhi Restaurant,1,0,2393.0,1.3
Panchhi Petha Store,1,2361,2361.0,1.9
Baar Union,1,2081,2081.0,2.7
Baap No Bagicho,1,0,1580.0,3.1
BUBBLEPOP!,1,2118,2118.0,1.5
BSGulati's Punjabi Swad,1,0,1097.0,1.1
BOATS - Based On A True Story,1,0,317.0,1.8
BNB Live Grill,1,0,932.0,4.2
BLOCK 22,1,0,1094.0,4.6
BK's Punjabi Rasoi,1,2694,2694.0,1.8
BIG Bite Chaat Corner,1,0,823.0,1.2
Papa Di Hatti,1,500,500.0,1.9
Pantry d'or,1,0,1012.0,1.3
Panthanivas,1,2978,2978.0,3.8
Panshikar,1,0,2884.0,4.5
Panorama Rooftop Restaurant,1,0,1964.0,3.5
Panorama - Park Plaza,1,2695,2695.0,4.4
Panna Lal Pakode Wala,1,0,2453.0,2.6
Paratha Point,1,0,868.0,3.9
Paratha King,1,0,931.0,3.3
Parampara Restaurant,1,1079,1079.0,4.2
Paramhans Pure Veg,1,0,2410.0,2.5
Parambriym,1,0,1242.0,4.2
Paragon,1,0,430.0,3.7
Paradise Kitchen Hyderabadi Biryani,1,0,2739.0,3.3
Paradise Confectioner,1,0,2422.0,3.5
Paputtys Valsa Cafe,1,0,961.0,1.9
Paps Premium Lounge,1,1508,1508.0,3.5
Paprika Park,1,0,2018.0,1.8
Pappu Samose Wale,1,0,2802.0,1.1
Papa Pesto,1,2514,2514.0,4.8
Papa Ji Di Hatti,1,0,631.0,1.9
Baba Bhojnalya,1,0,2297.0,4.6
Baatla House,1,0,2240.0,2.5
Pastry House,1,1682,1682.0,5.0
Pasta Street,1,0,2924.0,1.0
Pasta Mexican,1,2140,1070.0,2.6
Party Time,1,461,461.0,4.2
Parth Fast Food,1,0,2765.0,2.6
Parmanand Sweets,1,2047,2047.0,4.5
Parkash Dhaba,1,0,1065.0,2.4
Parkash Bakery,1,2483,2483.0,2.3
Park View,1,1402,1402.0,2.4
Paris Cafe,1,0,2212.0,1.9
Parika Restaurant,1,1246,1246.0,2.6
Parika Juice,1,0,1341.0,1.0
Parihaar Sweets,1,0,714.0,4.4
Paridhi Restaurant And Fast Food,1,0,2832.0,4.3
Pardesi Pan Shop,1,1459,1459.0,4.9
Paratha Treat Veg,1,2307,2307.0,4.2
Pavilion - The Destination,1,0,1412.0,2.2
Pavilion,1,0,1110.0,4.7
Pavan,1,0,2329.0,4.8
Pav Bhaji Wala,1,0,1638.0,4.9
Patisserie Nitash,1,2044,2044.0,2.2
Patisserie - The Cake Shop,1,747,747.0,1.3
Patisserie,1,874,874.0,3.3
Patio The Bakehouse,1,0,2371.0,1.4
Patil Juice Centre,1,0,760.0,2.2
Patil Juice Center,1,0,872.0,3.2
Patiala Shahi Tandoori Night,1,2548,2548.0,1.5
Patiala House,1,2988,2988.0,3.2
Patiala Eating Point,1,2745,2745.0,1.3
Patel ice cream,1,306,306.0,4.5
Patel Vihar Restaurant,1,0,2054.0,1.2
Pastry Palace,1,0,2571.0,3.2
Petals Restaurant,1,892,892.0,2.9
Pet Pujo,1,1969,1969.0,1.4
Persian Darbar Qureshi Mandhi,1,0,957.0,5.0
Persia Darbar,1,288,288.0,3.6
Perfect Cravings,1,0,1248.0,4.8
Peppermill Bistro,1,0,1823.0,3.4
Pepperazzi -The Diner,1,0,2884.0,2.0
Peppa Zzing,1,0,507.0,4.0
Peking,1,0,2168.0,2.6
Pehalwan Paratha Point,1,618,618.0,1.7
Peacock Rooftop Restaurant,1,0,679.0,2.4
Peacock - Le Meridien,1,2925,2925.0,3.7
Peacock,1,0,2098.0,2.2
Payasam Kada - Taste Trees,1,1707,1707.0,4.3
Pavitras,1,0,449.0,4.2
Pavitra Dairy Foods,1,0,766.0,1.9
Petuk,1,0,958.0,1.1
BIB-Breakfast In The Box,1,0,2244.0,2.0
BFF 2.0,1,0,2189.0,3.9
BEBE DE PARATHE,1,1216,1216.0,3.0
BBQ World,1,0,2928.0,3.8
BBQ Ride India,1,0,2390.0,4.3
BBQ,1,302,302.0,4.7
BBH Restaurant & Cafe,1,674,674.0,2.2
BARBEQUEEN RESTAURANT (New Bus Stand),1,2874,2874.0,1.8
BARBEQUE - N,1,0,2456.0,1.7
B4 Veg & Nonveg Dhaba,1,0,2614.0,2.4
B.S Bubby Flavour Of Mutton & Chicken,1,0,2590.0,4.2
B.Bakers And Fast Food,1,187,187.0,4.4
B-4 Cafe & Rooftop Restaurant,1,1501,1501.0,1.3
B'lore 45 The Bar - Courtyard by Marriott,1,624,624.0,3.1
Petchiamman Veg Restaurant,1,2129,2129.0,3.2
Pints & Shots Sports Lounge,1,604,604.0,4.7
Pintail Lounge - Sheraton Grand,1,0,2002.0,2.8
Pint'z Sweets,1,0,1234.0,4.8
Pinky sweets,1,0,1789.0,3.3
Pinki Bhojnalaya,1,1710,1710.0,5.0
Pink Pasta,1,152,152.0,4.9
Pin Me Down,1,0,169.0,4.1
Pikkle,1,976,976.0,2.0
Picnik Restaurant,1,2798,1399.0,1.1
Pick a Pizza,1,2872,2872.0,3.1
Piatto Dessert Studio || Cafe,1,0,778.0,3.0
Phul On Gabru,1,0,986.0,3.9
Pho King,1,4714,2357.0,2.5
Phillauri Sweets,1,0,1457.0,3.5
Ph Se Food,1,2883,2883.0,1.2
Petuzzz,1,1561,1561.0,3.5
Pizza Den,1,0,1378.0,1.3
Pizza Da Dhaba Cafe,1,5292,2646.0,4.0
Pizza Da Dhaba,1,3472,1736.0,3.4
Pizza Country,1,0,456.0,4.0
Pizza Club 99,1,0,553.0,2.8
Pizza City,1,2157,2157.0,4.1
Pizza By The Bay,1,3336,1668.0,2.0
Pizza Burst,1,985,985.0,2.9
Pizza Bite's,1,0,1350.0,1.0
Pitstop,1,0,2129.0,4.7
Pitcher (s),1,0,2619.0,3.5
Pita Pit,1,0,1184.0,3.3
Pit Stop - Welcom Hotel Rama International,1,3854,1927.0,4.1
Pishori Restaurant,1,0,734.0,4.9
Pishori Dhaba,1,1132,1132.0,5.0
Pipal,1,0,1122.0,4.8
Plated,1,0,1470.0,4.7
Plan B,1,2005,2005.0,1.2
Pizzaz,1,1198,1198.0,1.9
Pizzaria N Cafe,1,0,2312.0,3.7
PizzaExpress,1,494,247.0,4.8
Pizza Xpress,1,0,2596.0,1.0
Pizza X'Press,1,0,2502.0,1.6
Pizza World,1,0,2046.0,2.4
Pizza Village,1,0,309.0,3.0
Pizza Time,1,0,327.0,2.4
Pizza Studio,1,1088,544.0,3.3
Pizza On Fire,1,1820,1820.0,3.3
Pizza King,1,0,2399.0,1.6
Pizza Inn,1,0,558.0,3.7
Pizza Hut Delivery,1,610,610.0,3.2
Pizza Hub,1,863,863.0,2.9
Poonam Dhosa,1,1353,1353.0,2.5
Poona Chat Bhandar,1,0,1240.0,3.3
Pooja Sweets,1,0,1435.0,2.8
Pooja Kanchan Pan,1,612,612.0,3.5
Pooja Juice Shop,1,0,820.0,4.9
Pooja Di Rasoi,1,0,772.0,4.9
Polo Restaurant,1,0,2982.0,1.3
Pol 21 - Hotel Binori,1,0,2599.0,1.1
Pokket cafe,1,0,295.0,2.1
Pohewala,1,0,315.0,3.1
Poha Delight,1,0,468.0,1.6
Poetry by Love and Cheescake,1,0,1112.0,2.0
Plush Retreat,1,1165,1165.0,3.9
Please Don't Talk,1,1633,1633.0,1.8
Plaza Bakery,1,0,1865.0,2.1
Playboy Beer Garden,1,1194,1194.0,2.9
Pop Hop,1,0,2881.0,2.8
B&W Bar - Courtyard By Marriott,1,0,812.0,2.1
B DAZZLD,1,2401,2401.0,3.8
B 64 - Ramada By Wyndham,1,0,2715.0,4.9
Azam Hotel,1,2804,1402.0,1.0
Azad Sweets,1,1862,1862.0,3.4
Azad Hind Dhaba,1,1640,1640.0,1.2
Ayyar's Cafe,1,0,2402.0,1.8
Ayya Chettinad Mess,1,0,198.0,4.3
Ayush Veg Restaurant,1,0,1509.0,3.1
Awaam Jaag Rahi Hai,1,0,1061.0,2.7
Avtar Vaishno Dhaba,1,0,2298.0,4.6
Avil Milk shake,1,0,1758.0,2.3
Avi Egg Roll,1,0,851.0,4.2
Poorvanchal Bhojnalay,1,0,2365.0,2.7
Poonam Ice Cream & Kulfi,1,0,1351.0,4.7
Prasadam,1,2901,2901.0,1.7
Pranal's,1,0,2069.0,3.1
Pranaam Fine Dine & Bar,1,0,1216.0,2.6
Prana,1,3051,1017.0,5.0
Pramod Sweets,1,0,795.0,3.0
Prajapati Mishtan Bhandar,1,0,2812.0,2.0
Pragati Tiffin Center,1,0,1380.0,3.2
Pradeep Doodh Bhandar,1,0,197.0,4.0
Praddy's Diner,1,0,2551.0,4.8
Prachin Asli Chotiwala,1,331,331.0,1.1
Pracheen Petha,1,1832,1832.0,3.5
Prabhath Bakery,1,0,2357.0,1.7
Portland Steakhouse & Cafe,1,352,352.0,4.9
Popular Fresh Momos and More,1,0,2746.0,1.8
Poppi,1,0,2241.0,3.5
Pop Tate's,1,1444,1444.0,4.6
Prem's,1,2681,2681.0,3.3
Prem Punjabi Rasoi,1,2023,2023.0,3.4
Prem Paratha,1,1128,1128.0,2.3
Prem Mevad Ice Cream,1,0,2452.0,4.3
Prego - The Westin,1,2412,2412.0,3.5
Preeti Vyanganam,1,0,1923.0,3.5
Preet Fast Food,1,340,340.0,2.3
Preet Bakers And Dairy,1,2435,2435.0,3.2
Preach,1,2885,2885.0,3.9
Prayag Food Plaza,1,0,408.0,3.3
Prayag Biryani House,1,1428,1428.0,4.1
Praveen Fast Food Centre,1,421,421.0,3.0
Pratape Foods,1,0,926.0,1.7
Pratap Lunch Home,1,0,1671.0,3.7
Prashant Corner,1,0,2638.0,1.5
Prashaanti Restaurant,1,0,2758.0,2.7
Pritam's Global Cuisine,1,0,1886.0,4.2
Pritam Dhaba,1,0,225.0,2.8
Pritam Da Dhaba,1,0,481.0,2.0
Prince Sweets,1,0,2607.0,2.1
Prince Fast Food,1,1041,1041.0,2.8
Prime Street Cafe,1,0,2538.0,4.3
Prime Bakes,1,0,1407.0,3.1
Pride Kitchen Hydrabadi Biryani,1,11100,2775.0,5.0
Pride Inn Tantra Restaurant,1,403,403.0,2.6
Pride Bakes,1,0,857.0,3.5
Prems Juices and Fast Food Centre,1,0,421.0,3.8
Premji Mithaiwale,1,934,934.0,4.9
Premio Gelato,1,611,611.0,2.6
Premier's Cake Walk,1,0,2698.0,2.5
Premacha Chaha And Snack Centre,1,1163,1163.0,2.8
Prema Vilas,1,0,237.0,1.7
Puja Mithai & Rasoi,1,0,1016.0,4.4
Puff Corner,1,0,1532.0,3.8
Publiq,1,1038,1038.0,1.3
Public - The Rooftop Bar And Kitchen,1,0,2298.0,1.1
Pubg Ice Cream Parlour,1,327,327.0,3.5
Pt.Kanhaiyalal & Durga Prasad Dixit Paranthe Wale,1,0,500.0,3.9
Pt Badri Prasad Narayan Prasad Halwai,1,0,2201.0,1.1
Pruthvi Bar & Restaurant,1,0,2224.0,2.0
Project Naan,1,0,2866.0,4.8
Project Biryani Kolkata,1,837,837.0,3.7
Priya Restaurant,1,0,1963.0,4.9
Priya Bakers,1,711,711.0,2.4
Priya,1,2879,2879.0,1.7
Privy Ultra Lounge,1,0,277.0,3.8
Privee',1,0,2886.0,1.2
Prithvi Cafe,1,0,268.0,2.8
Punjabi By Nature Express,1,0,1686.0,4.1
Punjab's Tadka,1,4000,2000.0,5.0
Punjab Sind,1,0,2104.0,4.5
Punjab Province- Hyatt Regency Amritsar,1,0,499.0,1.8
Punjab Malwa,1,0,2557.0,1.7
Punjab King,1,1274,1274.0,3.1
Punjab House,1,1810,1810.0,1.7
Punjab Grill,1,0,825.0,1.4
Punjab Da Pind,1,0,1856.0,2.7
Punjab Cafe,1,0,2703.0,1.4
Puneri Swad,1,978,489.0,1.4
Puneet Bar & Restaurant,1,0,1647.0,1.1
Pummy's Pizza,1,0,2577.0,4.2
Pulp Fiction,1,4380,2190.0,4.1
Pulav,1,0,2034.0,4.9
Pukhtaan - The Royal Taste Of India,1,0,2987.0,4.2
Punjabi Times,1,0,1307.0,2.7
Punjabi Swad Restaurant,1,0,208.0,4.7
Punjabi Spicy Dhaba,1,0,2060.0,2.3
Punjabi Sonu Soya Chaap,1,0,1444.0,3.5
Punjabi Roll Corner,1,2230,2230.0,3.5
Punjabi Rasoi,1,0,1233.0,4.7
Punjabi Puri Wala,1,0,1483.0,4.5
Punjabi Kadhai,1,0,631.0,2.2
Punjabi Junction The Food Zone,1,0,1876.0,1.5
Punjabi Hut,1,1255,1255.0,2.5
Punjabi Hotel,1,0,1975.0,1.1
Punjabi Grill,1,0,1103.0,4.3
Punjabi Flavours,1,1441,1441.0,4.2
Punjabi Family Bhojnalaya,1,518,518.0,1.0
Punjabi Delight,1,520,520.0,4.5
Punjabi Chaska Restaurant,1,991,991.0,1.0
Q-Bar - The Quarter Club,1,2968,2968.0,2.4
Pyare Lal Pan Shop,1,2258,2258.0,3.0
Pushpanjali Restaurant,1,0,689.0,2.0
Pushkar Sweets,1,0,2691.0,1.7
Purso Restaurant,1,2878,2878.0,3.6
PurpleBasil,1,0,1438.0,1.6
Purple Greene,1,0,164.0,3.8
Purohit Thali,1,0,2066.0,4.5
Purohit Sweets,1,880,880.0,1.4
Purohit Ji Garma Garam Poha,1,1729,1729.0,4.7
Purnabramha Poli Bhaji Center,1,0,1188.0,2.1
Purepur Kolhapur,1,0,717.0,4.9
Pure Madrasi dosa,1,0,1208.0,1.5
Purani Dehli,1,2560,2560.0,4.7
Puran Phalahari,1,1684,1684.0,2.9
Punjabi Virsa @Urban Chowk,1,1965,1965.0,1.1
R Ali & Son,1,2139,2139.0,2.7
Quorum - Sayaji Hotel,1,236,236.0,1.3
Quikbites,1,2645,2645.0,4.5
Quick Pick,1,0,2251.0,2.1
Quesso Ristorante,1,0,1625.0,3.8
Quench Cafe,1,0,649.0,4.8
Queens,1,0,537.0,4.4
Queen's Ice Cream,1,2270,1135.0,3.4
Que Cafe,1,2295,2295.0,4.8
Quattro Ristorante,1,0,2520.0,1.7
Quality Kababs,1,0,899.0,3.5
Quality Juice Centre,1,0,2447.0,3.6
Quality Foods,1,0,1507.0,1.9
Quality Cool Cafe And Cold Drink,1,0,2198.0,3.9
Qb Lounge Bar,1,1569,1569.0,3.4
Qabil-E-Tareef,1,0,1349.0,5.0
R K Agarwal's Sweets & Snacks,1,2515,2515.0,2.8
Avadh Foods,1,1020,510.0,4.1
Autograph - Armoise Hotel,1,0,2842.0,4.0
Aurum Brew Works,1,151,151.0,4.6
Aura - The Claridges,1,0,2537.0,3.0
Aunty's Cafe,1,0,2261.0,4.1
Aum Food Products,1,0,2396.0,3.7
August Cafe,1,0,2325.0,4.5
Aubree,1,2570,2570.0,2.5
Atulit Milk Dairy And Sweets And Namkeen,1,0,1286.0,1.5
Atul Icecream,1,0,680.0,1.2
Atul Bakery,1,1778,1778.0,3.5
Attic Lounge,1,1486,1486.0,4.1
Atsui - Radisson Blu,1,1343,1343.0,4.4
Atmosphere,1,0,2843.0,4.6
R Chef,1,0,2488.0,3.2
RVO Pizza Bistro,1,0,2848.0,2.6
RR's Joints,1,1879,1879.0,1.8
RP's Pizzeria,1,906,906.0,1.8
ROYAL PLAZA,1,0,575.0,3.9
ROFL,1,450,450.0,4.1
RK and Sons,1,0,521.0,1.0
RK Juice & Ice Cream Parlour,1,1662,1662.0,3.3
RJ21 Ramawat Juice and Fast Food,1,2334,2334.0,1.4
RJ Brothers Paan,1,0,615.0,2.5
RHR Idly Kadai,1,0,1085.0,2.1
RDX Lounge,1,0,2097.0,3.3
RDX Food Plaza,1,0,425.0,1.9
RD Brew,1,1573,1573.0,3.5
RCK - The Lounge Bar,1,561,561.0,2.0
R.D Egg Wala,1,0,2434.0,3.9
R R Fast Food Corner,1,0,2650.0,3.8
Raghvendra Juice Centre,1,0,329.0,4.5
Raghuvanshi Restaurant,1,0,2477.0,1.1
Raghuram Restaurant,1,0,1095.0,1.8
Rage Chocolatier,1,1036,1036.0,3.6
Ragam Cake Shop,1,962,962.0,3.1
Radhika Dining and Tiffin Service,1,1416,1416.0,3.8
Radhika Bhel,1,0,617.0,1.5
Radhika Amrit Sweets,1,0,883.0,3.5
Radhey Shyam Bhatia Paneer Waley,1,0,1718.0,4.0
Radhey Bakers,1,0,731.0,3.3
Radhe Puri Kachori,1,0,1523.0,2.4
Radhe Ice Cream Parlour,1,0,769.0,1.7
Radha Krishna,1,832,832.0,1.9
Radha Ki Rasoi,1,0,1881.0,1.5
Radha Amrut Dairy,1,2186,1093.0,1.1
Raaj Bagh,1,0,1327.0,2.7
Raj Grill,1,0,2442.0,4.7
Raj Fresh,1,0,2114.0,2.9
Raj Darbar Family Restaurant,1,2409,2409.0,1.4
Raj Chicken Corner,1,0,2692.0,3.9
Raj Bhog,1,0,410.0,4.2
Raj Bhandar,1,0,888.0,1.9
Raipur Dhaba,1,1933,1933.0,3.9
Rainbows,1,0,1192.0,1.0
Rainbow Bar,1,0,647.0,1.4
Rai Bhojnalay,1,0,1928.0,4.8
Rahul Sweets,1,0,2951.0,3.1
Rahul Restaurant & Bar,1,0,720.0,2.0
Rahmeth Hotel,1,2128,2128.0,3.6
Rahmaniya Kethel's Chicken,1,0,941.0,4.4
Rahman Biriyani,1,1563,1563.0,2.5
Rahman Alam Muradabadi Chicken Biryani Corner,1,0,2476.0,4.0
Rajasthan Bikaner Mithaiwala,1,4196,2098.0,4.5
Rajashree Family Food Corner,1,0,415.0,1.7
Rajan Bar & Restaurant,1,721,721.0,3.6
Rajadhani Family restaurant,1,2852,2852.0,1.5
Rajadhani Biryani,1,0,2671.0,3.5
Rajabal Pan mandir,1,2745,2745.0,2.7
Raja Vaishno Dhaba,1,0,1696.0,1.5
Raja Rani Ruchulu,1,0,1742.0,4.4
Raja Chicken,1,1041,1041.0,3.7
Raja Chick Chicken,1,0,1014.0,3.3
Raja Chat Corner,1,2953,2953.0,3.5
RajMandir Icecream,1,3816,1908.0,3.0
Raj Sweet House,1,0,1044.0,4.3
Raj Spanish Cafe,1,2113,2113.0,4.6
Raj Sandwich Point,1,2465,2465.0,2.7
Raj Paubhaji,1,1224,1224.0,2.8
Atithi Restaurant & Dining Hall,1,364,364.0,3.4
Atithi Delight,1,0,953.0,2.4
Atithi,1,0,2530.0,4.8
Atho Kadai,1,0,352.0,1.9
Athithi Restaurant,1,0,2520.0,4.3
Ateease Sweet House,1,0,1890.0,4.8
At Seven,1,0,745.0,4.0
Aswathi Bakery,1,0,2132.0,4.3
Aster,1,1291,1291.0,2.4
Assal Gaonkari,1,0,1489.0,1.3
Asoka Bakery,1,2652,2652.0,2.4
Asli Madrasi Dosa,1,0,2304.0,3.3
Aslam Chicken,1,0,1889.0,1.8
Rajasthan Kulfi House,1,0,1857.0,2.9
Rajasthan Ice Cream Parlour,1,0,1593.0,2.6
Rajasthan Fruit Juice & Shakes,1,0,1585.0,3.8
Rajpoot Bar & Restaurant,1,2636,2636.0,4.7
Rajnandini Restaurant & Banquet,1,0,1624.0,3.0
Rajmithas,1,170,170.0,1.4
Rajlaxmi Bakery,1,0,951.0,2.1
Rajhans Thali,1,0,1384.0,4.7
Rajhans Restaurant,1,963,963.0,1.4
Rajesh Kulfi Faluda,1,2737,2737.0,1.1
Rajdhani Thali Restaurant,1,3906,1953.0,1.1
Rajdhani - Snacklet,1,0,2005.0,3.8
Rajbari Rasoi,1,2082,2082.0,3.0
Rajbandhu Sweets,1,0,2061.0,3.7
Rajasthani Daal Baati Churma,1,0,1813.0,3.8
Rajasthani Chat Bhandar,1,0,2730.0,2.2
Rajasthani Bhojanalaya,1,0,570.0,3.0
Rajasthan Namkeen And Sweets Bhandar,1,2310,2310.0,4.4
Atlantic Foods,1,0,2703.0,1.6
Ram G Samose Wala,1,0,596.0,4.4
Ram G Samosa Wala,1,0,2785.0,4.4
Ram Bhandar,1,0,1598.0,1.6
Ram Bagh Restaurant,1,520,520.0,4.6
Rajwara Grills,1,0,698.0,3.4
Rajwana Foods,1,0,2789.0,1.1
Rajwadi Zannat,1,1952,1952.0,1.2
Rajwada Bites,1,0,558.0,4.1
Rajvadi Bhojnalay,1,2168,2168.0,4.3
Rajusheth Misalwale,1,0,2214.0,4.5
Raju Uncle Kitchen,1,0,241.0,2.3
Raju Food Restaurant,1,808,808.0,3.6
Raju Fast Food & Chaat Bhandar,1,0,2727.0,3.5
Raju Fast Food,1,0,964.0,1.5
Raju  Paratha Corner,1,0,1010.0,4.1
Rajshree Mithai & Chats,1,682,341.0,1.0
Randhan Restaurant,1,151,151.0,1.3
Ranaji,1,0,1710.0,1.7
Ramu Juice Stall,1,0,1527.0,4.8
Rammadhi Khaman House,1,0,488.0,4.9
Ramlal Vaishno dhaba,1,1306,1306.0,4.5
Ramkrishna Bakery,1,1515,1515.0,4.5
Rameshweri Paan and Cold Drinks,1,0,2535.0,1.6
Rameshwaram Bakery,1,0,876.0,1.0
Ramesh Dhaba & Chinar Sweets,1,953,953.0,1.3
Ramdeep Sweets & Bakers,1,0,805.0,3.0
Ramcharan Chaat Bhandar,1,2300,2300.0,3.1
Ramchandra Kulfi & Juice Center,1,0,1233.0,4.8
Rambabu Parantha Bhandar,1,0,463.0,4.7
Rama Krishna,1,0,490.0,2.6
Ram Lal Ji Ke Chole Bhature,1,0,770.0,2.7
Ram Haveli,1,0,844.0,3.0
Rasoi,1,0,2555.0,2.8
Rasobongo,1,0,897.0,3.1
Rasika Lounge & Bar - The Amayaa,1,841,841.0,4.3
Rasa,1,1121,1121.0,1.4
Ras Bahar Restaurant & Sweets,1,0,2273.0,3.0
Rappai's Restaurant,1,0,2073.0,4.8
Rangoli Restaurant & Banquet Hall,1,0,1627.0,3.2
Rangoli Ice-cream,1,0,1975.0,4.3
Rangoli Ice Cream,1,0,915.0,4.7
Rangoli,1,0,2330.0,4.1
Rangla Punjab,1,0,2227.0,2.7
Rangila Tadka Restaurant,1,0,1170.0,4.0
Rangila Dabeli & Vadapav,1,0,301.0,2.2
Rangalaya Royal,1,0,617.0,4.8
Rang Mahal - Hotel Ajay International,1,0,1173.0,4.5
Rang De Basanti Dhaba,1,2130,2130.0,4.3
Rasooi Magic,1,0,1362.0,2.0
Asiatique,1,0,825.0,3.5
Asiatic Restaurant,1,0,2016.0,4.7
Asian Town,1,0,1038.0,1.3
Asian Meal Box,1,0,948.0,1.5
Asian Fun,1,0,1409.0,4.5
Asian Chef,1,0,2823.0,2.9
Asia Kitchen By Mainland China,1,2894,1447.0,2.5
Ashwani's Lassi,1,0,1556.0,2.0
Ashu Amritsari Nutri Kulcha,1,1117,1117.0,2.7
Ashpura Dalpakwan,1,1824,1824.0,2.2
Ashoka Bar,1,0,2700.0,2.6
Ashok bhavan,1,0,1159.0,3.5
Rasoi Thali,1,0,2009.0,4.5
Rasoi Restaurant,1,0,1225.0,4.5
Rasoi Ghar,1,1568,1568.0,4.6
Raymond Bakery,1,222,222.0,3.3
Rawalpindi Sweet Shop,1,2377,2377.0,3.2
Raw Cube,1,0,1362.0,1.8
Ravisha's Bake Room,1,2034,2034.0,2.6
Ravindra's Dhaba,1,0,1342.0,1.4
Ravindra Omlete,1,0,2408.0,1.4
Ravindera Chat House,1,0,940.0,3.4
Ravi's Kitchen,1,0,1626.0,1.0
Ravi Patties Corner,1,0,2493.0,2.6
Ravi Mehra's Delhi Hotel,1,0,917.0,2.4
Ravi Chicken Corner,1,0,2143.0,3.6
Rathina,1,0,1631.0,3.9
Ratan Hotel,1,0,2682.0,3.7
Rasta Cafe,1,480,480.0,4.7
Rasranjan,1,0,2738.0,4.8
Rasraj Sweet Corner,1,2575,2575.0,1.6
Redham Vadapav,1,1784,1784.0,3.2
Redel-World of Desserts,1,0,2698.0,1.5
Redberrys,1,0,2051.0,1.8
Red Velvet Cafe,1,2475,2475.0,1.6
Red Spice Fast Food & Restaurant,1,0,1588.0,3.5
Red Panda,1,203,203.0,4.3
Red Hott - The Taste of Mewar,1,1869,1869.0,3.3
Red Hot Chilli Pepper,1,0,1786.0,1.5
Red Eye Dragon - The City Food Court,1,0,569.0,2.5
Red Dragon,1,0,625.0,2.4
Red Chilli Snacks & Bakes,1,1568,1568.0,3.6
Recovery Lounge,1,2622,2622.0,4.7
Real Juice,1,5960,2980.0,1.3
Real Cake Place,1,2399,2399.0,2.5
Real Arabia,1,0,2350.0,1.6
Raza Chicken and Chowmine Centre,1,0,1633.0,3.8
Retro Town,1,2509,2509.0,2.3
Retro Bistro,1,0,2191.0,4.0
Restaurant Pamm,1,0,2497.0,4.0
Resco Restaurant And Cafe,1,887,887.0,4.8
Renu Restaurant And Mess,1,0,1929.0,3.5
Rendezvous - Hotel Howard Plaza,1,0,1629.0,4.3
Relish Restaurant,1,1849,1849.0,1.9
Relax Pure Veg,1,0,2869.0,1.2
Reise All Day Bar & Kitchen,1,0,979.0,4.8
Reiki Foods,1,168,168.0,4.6
Reggae Chilli,1,0,1495.0,4.0
Regal Sweets,1,0,2807.0,1.4
Refuel,1,0,600.0,4.8
Refresh Mocktail,1,0,233.0,1.2
Refresh Eat & Drink,1,0,637.0,1.8
Reflexion,1,0,2297.0,1.3
Rim Naam - The Oberoi,1,0,1670.0,4.0
Right Choice Juice Centre,1,2130,1065.0,2.3
Riding Chefs,1,0,738.0,1.6
Ridhi Sidhi Chaska Fast Food,1,0,944.0,4.4
Riddhi Siddhi Nasta,1,0,1579.0,4.8
Riddhi Siddhi Farm,1,2803,2803.0,2.2
Richie Veg,1,2490,2490.0,1.6
Rich n Creamy,1,3462,1731.0,2.9
Rice N Fish,1,1831,1831.0,3.3
Rice Cravings,1,0,1753.0,3.9
Rhythm N Brews,1,0,2318.0,3.9
Rhythm & Blues,1,1813,1813.0,4.1
Revelry -The Cake House,1,0,2087.0,4.1
Revathy,1,0,205.0,3.4
Reva Food Industries (Guru Namkin),1,0,1499.0,2.3
Retro-The Dine & Sports Arena,1,0,2683.0,1.6
Roar,1,0,1104.0,1.8
Roadster Meal,1,0,1685.0,2.1
RoadHouzz,1,2414,2414.0,2.7
Riya dairy & fast food,1,0,1646.0,1.6
Riya Restaurant,1,0,829.0,2.2
Rivoli Restaurant,1,0,1647.0,4.6
Riviera Coffee Shop,1,2814,2814.0,2.4
Riviera,1,0,2513.0,3.4
Riveria - The Blue Lagoon Premium,1,2972,2972.0,1.9
Rivayat,1,1983,1983.0,1.6
Ritz Cafe,1,2893,2893.0,2.2
Rishi Vaishno Dhaba,1,0,2395.0,3.1
Rishi Fast Food,1,0,2808.0,3.6
Ripples - Mansingh Palace,1,0,1778.0,3.5
Rinku Vaishno Dhaba,1,0,700.0,2.7
Rinku Famous Juise Center,1,0,2156.0,3.4
Roll Baby Roll,1,0,1627.0,3.3
Roll & Roll,1,0,182.0,4.4
Roji Roti Mess,1,2485,2485.0,2.2
Rohit Wadewale,1,0,2732.0,5.0
Rohit Dosa Corner,1,0,844.0,1.7
RocoMamas,1,2360,2360.0,2.8
Rocky Star Cocktail Bar,1,1679,1679.0,1.1
Rocky Road Amul Parlour,1,0,2435.0,2.3
Rockville Deli,1,0,2085.0,1.9
Rock the Salt,1,2249,2249.0,3.2
Rock n' Roll,1,0,937.0,4.4
Rock n Roll,1,2739,2739.0,5.0
Rock Stone,1,2704,2704.0,3.8
Rock Star D J Cafe And Lounge,1,0,1776.0,2.5
Rock House,1,1975,1975.0,3.8
Robot,1,0,2260.0,5.0
Rooftop Restaurant,1,0,1035.0,4.8
Roof 9,1,0,1658.0,3.9
Roma's Café Diner,1,0,394.0,2.4
Rollz By the Way,1,2373,2373.0,2.1
Rolls Square,1,0,2945.0,3.7
Rolls Nation,1,2930,1465.0,4.0
Rolls Hub,1,0,448.0,4.2
Rolls Express,1,0,302.0,2.6
Rollover Icecream Handcrafted,1,547,547.0,1.8
Rollicks,1,0,1593.0,2.4
Rollen Hearts,1,2589,2589.0,1.4
Rollacosta,1,0,328.0,2.8
Roll n Chill,1,0,2617.0,2.0
Roll Wala.Com,1,0,723.0,1.8
Roll Point,1,2768,2768.0,2.7
Roll Call,1,0,169.0,1.1
Ashok Jalpan,1,2239,2239.0,1.3
Ashok Fruit Shop,1,177,177.0,1.0
Ashiyana Restaurant,1,2638,2638.0,2.1
Ashish Sandwich Spot,1,0,546.0,1.2
Ashish Lal Dhaba,1,0,2839.0,4.5
Ashirwad Village Restaurant,1,0,218.0,2.8
Ashirwad Grand,1,0,2140.0,1.6
Ashirwad Bhojnalaya,1,0,1882.0,3.0
Asharfi Kulfi,1,0,1140.0,1.1
Ashapura Restaurant,1,0,2599.0,2.5
Ashapura Parotha House,1,0,961.0,2.3
Ashapura Bhajipav Corner,1,2961,2961.0,1.1
Arzoo - The Coffee Shop,1,0,717.0,1.4
Aryan Family's Delight,1,0,461.0,2.3
Aryaas,1,0,1533.0,1.5
Arya Vyshya Ruchi Tiffin Centre,1,0,585.0,3.7
Royal Bhojnalay,1,1283,1283.0,1.2
Royal Bakery and Food Court,1,1019,1019.0,2.8
Royal Bakery,1,0,2255.0,1.8
Royal Bakers and Restaurant,1,0,2129.0,1.3
Royal Afghan - ITC Windsor,1,1275,1275.0,3.5
Roxy Cafe,1,0,1004.0,3.5
Route 04,1,0,2571.0,1.2
RoundHouse,1,0,2808.0,4.1
Rotti Mane,1,0,226.0,3.9
Rotiwala Dhaba,1,0,1230.0,3.8
Roti Wala,1,0,631.0,2.8
Roti Boti,1,0,1536.0,2.3
Rose Wood,1,0,2964.0,1.1
Roots,1,0,1918.0,3.1
Rooster Flavours,1,822,822.0,4.9
Rooster Delights,1,0,631.0,1.8
Royal Rasoi,1,0,1016.0,1.8
Royal Punjabi & Chinese,1,0,2283.0,2.6
Royal Punjabi,1,0,1477.0,2.1
Royal Pizza Hub,1,2235,2235.0,2.1
Royal Palate,1,0,1356.0,1.5
Royal Nawaab,1,357,357.0,3.8
Royal Mess,1,0,213.0,4.7
Royal London Restaurant,1,0,2047.0,4.5
Royal Juice Bar,1,2931,2931.0,3.7
Royal Food Corner And Restaurant,1,1676,1676.0,1.9
Royal Family Bhojnalaya,1,1427,1427.0,3.2
Royal Dine Restaurant & Banquet,1,0,1249.0,1.4
Royal Dine Restaurant,1,0,866.0,4.3
Royal Darbar- Restaurant & Banquet,1,0,2030.0,3.7
Royal Daawat,1,0,2958.0,4.5
Royal China,1,3510,1755.0,4.2
Rural Flame,1,0,2015.0,3.1
Rupam Jalpan,1,552,552.0,4.3
Rungneel - The Boutique Cafe,1,1599,1599.0,3.5
Rule The Rolls,1,463,463.0,1.1
Rudraksh- Chase the Flavours,1,1558,779.0,3.3
Rudra Saoji Bhojanalay,1,0,1243.0,2.4
Rudra Cafe & Restaurant,1,950,950.0,2.6
Ruchira Snacks,1,0,1344.0,5.0
Ruche Foods,1,2263,2263.0,4.0
Ruby's Cream Parlour,1,0,1275.0,1.3
Rozy Sweets & Snacks,1,0,2197.0,1.3
Royal Treat,1,0,1752.0,1.1
Royal Tara Pan Center,1,1262,631.0,1.8
Royal Sweets & Juice,1,1557,1557.0,3.0
Royal Sky,1,0,778.0,4.0
Royal Rasoi - Hotel Grand Kailash,1,0,1155.0,2.7
S3 Foods,1,2471,2471.0,1.1
S.S. Delicious Juice,1,946,946.0,3.4
S.R Briyani,1,0,1316.0,4.8
S.N Juice,1,1412,1412.0,1.9
S. R Briyani,1,1941,1941.0,3.1
"S. B, Sons Dry Fruits & Bakery",1,0,945.0,1.7
S P Juice Center,1,5554,2777.0,1.8
S N Refreshments,1,0,2893.0,4.2
S Kumar Wadewale & Premacha Chaha,1,0,1237.0,1.7
S Kumar Wadewale,1,0,1861.0,4.2
Rutba,1,2820,2820.0,3.7
Rusty Beans,1,0,1816.0,4.3
Rustic Haus,1,0,2044.0,4.9
Russh Gastropub,1,0,805.0,4.7
RushHrs,1,351,351.0,1.9
Rusbury Fresh Sweets And Savouries,1,0,2462.0,4.0
SV Amritsari Naan Point,1,2038,2038.0,4.6
STAX - Hyatt Regency Mumbai,1,2148,2148.0,2.2
STARLIGHT,1,0,396.0,3.5
SST Cakes & Cookies,1,0,1544.0,2.4
SS Karaikudi Chettainadu Mess,1,1707,1707.0,2.6
SRH'S Dhum Dhum Biriyani,1,1003,1003.0,2.1
SPS Rana Family Restaurant (KAKU),1,0,1182.0,3.0
SOSE - Suryan Organic Store & Eatery,1,0,322.0,3.4
SNT Tahari House,1,0,2013.0,4.6
SLV Refreshment,1,2723,2723.0,2.8
SLK Dum Biryani,1,1798,1798.0,2.5
SKY 180,1,0,2998.0,2.4
SHREE BAKERS,1,1007,1007.0,4.0
SHAYAMLI SWEETS,1,0,409.0,3.6
SGM(Sanjay Guest House),1,0,2999.0,1.3
SAFFRON MUGHAL DARBAR,1,1941,1941.0,1.7
Arya Restaurant,1,554,554.0,3.1
Arya Bhawan,1,0,591.0,3.3
Arunachala,1,5232,2616.0,2.8
Arun Ice Cream,1,2206,2206.0,2.1
Arun Home Mess,1,0,241.0,5.0
Arul Jothi,1,0,1732.0,3.4
Artsy,1,2242,2242.0,2.5
Artistry Restaurant,1,1431,1431.0,4.0
Arti Bhojnalay,1,0,2595.0,1.3
Arthur's Theme,1,0,2467.0,3.0
Arsalan Biryani,1,1704,1704.0,1.3
Around The Corner,1,1141,1141.0,2.2
Arora's Delicious,1,2245,2245.0,3.3
Arora's,1,0,2764.0,4.5
Arora Sweets,1,0,249.0,4.9
Arora Restaurant,1,2467,2467.0,1.1
Safa Bakery,1,0,1041.0,2.4
Saezal,1,0,2863.0,4.7
Sadhna Foods,1,1757,1757.0,4.0
Sadhana Juice Corner,1,543,543.0,3.3
Sadda Rangla Punjab,1,0,539.0,4.2
Sadar Wala,1,0,2367.0,1.8
Sachus Kitchen,1,1463,1463.0,3.1
Sachin Sweet House,1,2007,2007.0,4.4
Sachin Bakery,1,0,902.0,2.5
Sabroso,1,0,1015.0,3.8
Sabitri Mistan Bhandar,1,0,2190.0,4.8
Sabita's Kitchen,1,0,2528.0,3.7
Sabas Cafe,1,0,1939.0,1.4
Sabari Juice Junction,1,0,1425.0,4.5
Sab Kuch,1,1078,1078.0,4.3
SWAD - Desh Videsh Ka,1,0,1641.0,2.7
Sahib Confectionery,1,0,439.0,1.6
Sahib Burger,1,0,1724.0,2.2
Sahara Restaurant,1,0,2209.0,1.3
Sahara Hotel,1,0,1484.0,1.3
Sahaja Family Restaurant,1,0,943.0,4.6
Sagra,1,0,889.0,1.1
Sagars Kebab & Biryani Food Truck,1,1006,1006.0,1.9
Sagar Restaurant - Hotel Ashrey,1,1131,1131.0,2.2
Sagar Juice Centre,1,0,2320.0,1.5
Sagar Gaire Fast Food - Awadhpuri,1,1105,1105.0,1.5
Sagar Family Restaurant,1,0,1210.0,4.8
Sagar Chat Corner,1,0,697.0,3.2
Sagar Biryani,1,2167,2167.0,1.3
Saffron Multi-Cuisine & Sea Food Restaurant,1,0,1592.0,4.8
Saffron Family Restaurant,1,2879,2879.0,2.8
Saffron - Jaipur Marriott Hotel,1,0,2577.0,3.4
Sai Leela Delights,1,310,310.0,5.0
Sai Juice,1,0,2686.0,4.3
Sai Ji Ka Dhaba,1,0,1194.0,1.8
Sai Fast Food,1,0,1070.0,5.0
Sai Datta Andhra Mess,1,0,1080.0,4.8
Sai Chinese Corner,1,0,1853.0,2.5
Sai Chinese Centre,1,0,1966.0,4.4
Sai Chinese & Momos,1,0,2107.0,1.0
Sai Cakes,1,0,523.0,2.1
Sai Bhoj,1,0,1519.0,3.3
Sahuji Ka Dhaba,1,0,2744.0,1.7
Sahu Nashta Centre 2.0,1,0,1476.0,4.5
Sahu Gajak And Juice Centre,1,0,2197.0,4.4
Sahni's Bakery and Restaurant,1,0,1961.0,2.5
Sahni Dhaba,1,0,2015.0,2.6
Sahib Swadisht food,1,0,2927.0,2.8
Saini Sudh Bhojanalya,1,524,262.0,4.1
Saini Dhaba,1,2914,2914.0,3.8
Sainath Alupuri And Khawsa,1,2545,2545.0,3.5
Saify Family Restaurant,1,0,2184.0,1.4
Saideep Dabeli Corner,1,0,335.0,3.7
"Sai's Café ""Rhythms Of Food",1,708,708.0,2.1
Sai leela family Pan shop,1,0,934.0,4.8
Sai fast food,1,0,336.0,1.7
Sai Vilas,1,0,1088.0,1.7
Sai Veg World,1,0,2158.0,4.5
Sai Temptations,1,0,500.0,1.7
Sai Sagar,1,0,840.0,3.8
Sai Rangoli Icecream Parlour,1,0,890.0,3.6
Sai Ram Andhra Mess,1,0,781.0,4.8
Sai Prasad Pure Veg Restaurant,1,0,437.0,4.4
Sai Manogna Restaurant,1,2898,2898.0,3.1
Aroo-de Waffles,1,0,1762.0,3.7
Aromas Cafe & Bistro,1,0,2932.0,3.8
Aromas Cafe,1,658,329.0,3.8
Aromas - Kenilworth Hotel,1,0,987.0,2.3
Aroma Sweets & treats,1,0,2759.0,4.3
Aroma Restaurant,1,0,956.0,2.2
Aroma Bakery,1,0,2599.0,1.0
Arogya Ahaara,1,0,1062.0,1.7
Arneja's Hot n Cool,1,0,304.0,1.9
Area 78,1,792,792.0,1.5
Arcot Bar - Trident,1,2616,2616.0,3.6
Arbab Cafe,1,1516,758.0,2.1
Arbab,1,0,2957.0,2.1
Aravalli - The Trident,1,0,687.0,2.6
Saket Restaurant,1,0,465.0,4.4
Saini's Kachoriwala,1,0,2130.0,3.9
Samanyu Juice Point,1,0,2437.0,2.4
SamBar Pub & Kitchen,1,7482,2494.0,3.2999999999999994
Sam's Burger And Fries,1,0,865.0,4.8
Salvation Dream's,1,1227,1227.0,4.5
Saluja Fast Food,1,0,1367.0,3.7
Saltlick by Gallop,1,0,1119.0,3.4
Salt and Pepper,1,2460,2460.0,2.2
Salt The Restaurant,1,0,401.0,3.6
Salt Restaurant,1,0,701.0,2.4
Salt Lake Dhaba,1,0,1425.0,2.7
Salt & Pepper,1,0,2139.0,3.3
Salsa Fast Food & Restaurant,1,0,1637.0,4.0
Salad Republic,1,0,298.0,2.0
Sakoon,1,0,2159.0,2.5
Arora Namkeen,1,0,2906.0,4.1
Arora Chat & Fast Food,1,0,1824.0,1.3
Sandesh Sweet and Restaurant,1,2278,2278.0,2.7
Sandeep Restaurant & Bar,1,0,459.0,2.0
Sandburg Shakes,1,1947,1947.0,4.9
Samudra,1,0,2261.0,1.6
Sams Pizza,1,0,2520.0,4.2
Samrat Regency Restaurant,1,0,2558.0,1.8
Samrajya,1,2618,2618.0,3.3
Samosas and Snacks,1,330,330.0,1.5
Samosa Point,1,2072,2072.0,4.6
Samosa Hub,1,618,309.0,2.5
Samosa House,1,0,1362.0,4.9
Samdareeya Food Court 2.0,1,0,1838.0,2.0
Samco,1,0,2409.0,4.2
Samarth Tea On Wheels,1,0,1273.0,1.3
Samarth Eatery,1,0,1698.0,2.8
Samarat - Hotel Chanakya,1,1628,1628.0,4.7
Santosh Pakodewala,1,1284,1284.0,3.5
Santoor Restaurant,1,0,1769.0,2.5
Santiago Burritos,1,0,1295.0,4.0
Santhi Social Services Canteen,1,0,649.0,3.6
Sanskar Hotel Restaurant,1,0,1460.0,4.0
Sanjay Food Corner,1,0,2382.0,3.7
Sanhotra Dhaba,1,0,2637.0,2.8
Sangeetha Fast Foods,1,0,493.0,4.5
Sangam Sweets,1,360,360.0,2.4
Sangam Bhojanalaya,1,2068,2068.0,1.2
Sandya Hotel,1,0,402.0,2.5
Sandy's Chocolate Laboratory,1,3512,1756.0,1.7
Sandy's Bistro,1,0,197.0,1.4
Sandwich Square,1,0,623.0,2.0
Sandwich Shop,1,0,2169.0,3.5
Sandoz,1,0,1374.0,4.1
Arambagh's Chicken,1,0,588.0,2.1
Aramana Restaurant,1,0,2099.0,4.4
Aram Dining,1,475,475.0,4.3
Arabica Cafe & Restaurant,1,0,1579.0,3.6
Arabian Palace,1,0,2703.0,2.0
Arabian Kitchen,1,0,2899.0,4.6
Arabian Broost Chicken,1,0,478.0,2.8
Arabi Cafe,1,2223,2223.0,3.4
Aquasis Restaurant And Cafe,1,679,679.0,4.4
Aqua Lounge,1,2228,2228.0,3.5
Aqua Java Zasu,1,0,982.0,4.6
Aqua Java Decibel,1,0,2129.0,3.6
Aqua Grill,1,0,2791.0,4.0
Aqua Fumes,1,282,282.0,4.8
Aqua - Sun N Sand Hotel,1,0,442.0,1.8
Santoshi Chinese,1,0,2233.0,2.2
Saravana Bhava Hotel,1,648,648.0,4.2
Saraswati Sweets And Food Court,1,0,2269.0,2.9
Saran Tea Stall,1,1931,1931.0,3.3
Sara's Matka Kulfi,1,0,818.0,4.1
Saqi,1,0,425.0,2.6
Sapthagiri Tiffins,1,2794,2794.0,2.9
Sapphire,1,0,1450.0,3.7
Sapna Chinese Corner,1,0,188.0,2.4
Sanvariya Seth Ka Jayaka,1,0,878.0,3.1
Santushti Shakes and More,1,0,938.0,1.6
Santushti Shakes And More,1,0,1048.0,1.7
Santushti Restaurant,1,0,1705.0,3.5
Santushti Mess,1,1916,1916.0,5.0
Santushti Dining Hall & Restaurant,1,0,2020.0,3.8
Santushti,1,0,2053.0,4.0
Santrupthi Restaurant,1,0,1472.0,4.8
Sarvottam Restaurant,1,1667,1667.0,2.9
Sarvodaya Pure Veg,1,380,380.0,2.2
Sartaj Muslim Dhaba,1,2835,2835.0,2.3
Saroj Bakery,1,0,1241.0,3.5
Sarma Sweets and Fast Food,1,0,895.0,3.7
Sarika's Rasoi,1,0,1454.0,1.9
Sardarji Ki Rasoi,1,1580,1580.0,4.4
Sardarji Ke SPL Chole Bhature,1,1787,1787.0,4.1
Sardarji Ka Dhaba,1,0,1229.0,1.8
Sardarji Di Rasoi,1,0,390.0,4.1
Sardar Ji Ke Mashoor Chhole Bhature,1,0,1913.0,2.6
Sardar Ji Dhaba,1,233,233.0,2.0
Sardar Ji Amritsari Vaishno Dhaba,1,0,2909.0,2.4
Sardar Jalebi,1,0,2467.0,1.2
Sardar A Pure Meat Shop,1,0,1733.0,3.1
Sarda's Food Mantra,1,0,1314.0,3.1
Savi Sagar,1,0,1792.0,1.8
Savanna Cafe & Mocktail,1,2933,2933.0,4.6
Saurashtra Dairy Farm,1,0,1214.0,3.3
Satyam Restaurant,1,0,1251.0,2.1
Satva - Grand Uniara,1,0,2177.0,2.9
Sattolala Food Court,1,0,2856.0,3.7
Satnam Cake &  Bakers,1,0,854.0,4.8
Satkar Rice Plate House,1,0,416.0,3.4
Satkar Hotel-Pure Veg Restaurant,1,884,442.0,2.0
Satguru Shudh Bhojanaalya,1,0,701.0,1.5
Sat Soham Dinning Hall,1,1430,1430.0,3.8
Sasu Vahu No Handvo,1,2161,2161.0,2.5
Sassy Teaspoon,1,0,1084.0,1.3
Sassanian,1,0,2378.0,2.0
Sass & Guff,1,2525,2525.0,1.5
Sarvpriya,1,0,1571.0,2.9
Screamery - Softies N Shakes,1,2140,2140.0,4.8
Scott And A Barrel,1,0,1588.0,4.6
Scossa,1,0,1918.0,2.1
Score - The Sports Bar & Grill,1,0,2267.0,4.4
Scooter On The Wall,1,2546,2546.0,1.1
Scoops Ice Cream Cafe,1,0,2531.0,1.3
Scoopp Shop,1,0,874.0,1.4
Scoop & Smile By Ice Valley,1,0,1528.0,1.7
Schezwan Express,1,0,2491.0,2.6
Sbarro,1,0,888.0,2.9
Sawaliya chat center ( prashant garden) ,1,2773,2773.0,2.2
Savoury Sea Shell,1,0,2711.0,2.3
Savour Flavour,1,2671,2671.0,3.9
Savji Biryani Corner,1,0,1074.0,4.5
Savitri Rasoi,1,0,2008.0,3.2
Savitha Bakery and Hotel,1,2393,2393.0,1.4
Sethi Ice Cream & Fast Food,1,601,601.0,2.1
Sethi Bakers & Confectioners,1,1919,1919.0,2.6
Semul Dairy and Sweets,1,2199,2199.0,1.7
Selvi Mess,1,0,2276.0,2.2
Sector 7 Café,1,0,1213.0,4.2
Secretrait,1,0,875.0,3.8
Seasoning,1,0,2632.0,3.8
Season's Bar - Taj Krishna,1,0,560.0,3.4
Season 4 - By Fetch,1,2241,2241.0,4.5
Season 3,1,0,1304.0,1.1
Seafort,1,0,1573.0,4.3
Sea Lions BBQ & Grills,1,0,2046.0,2.9
Sea Emperor's Night Kitchen,1,0,2743.0,3.4
Se7en Beans Cafe,1,0,1045.0,2.1
Scrunch And Munch Restaurant,1,2124,2124.0,2.4
Scrummys,1,0,262.0,4.8
Apsara Paan,1,2108,2108.0,1.7
Apple Garden Club,1,2429,2429.0,1.9
Apple Cafe & Bakery,1,0,1026.0,1.5
Apple Cafe,1,1947,1947.0,4.4
Appetite The Food Truck,1,0,2658.0,1.0
Apotheca - Hotel Royal De Casa,1,0,834.0,4.5
Apollo Restaurant,1,0,329.0,1.6
Apni Rasoi,1,508,508.0,3.7
Apni Nighi Rasoi,1,0,275.0,2.4
Apna Sweets,1,0,1378.0,1.9
Apna Punjab Parattha,1,395,395.0,4.6
Apna Chulla Dhaba,1,0,293.0,3.2
Aparna Sweets And Restaurant,1,0,2215.0,4.7
Sethi's Bakery,1,1429,1429.0,1.7
Sethi's,1,1307,1307.0,3.1
Sethi Sweets,1,0,745.0,2.2
Shahi Naad,1,2965,2965.0,2.4
Shahi Kachauri,1,0,1272.0,4.7
Shahi Grill,1,0,1446.0,3.3
Shahi Dahi Bhalla,1,0,1308.0,3.5
Shah Sweets,1,773,773.0,3.5
Shagun Sweets,1,0,1946.0,4.5
Shagun,1,0,964.0,2.1
Shafiyan Bakers,1,962,962.0,2.3
Shafali - Hotel Yuvraj Palace,1,2773,2773.0,2.3
Shack Pool Bar & Grill - Crescent Spa & Resorts,1,0,884.0,2.0
Shabana's Herbs & Spices,1,0,1699.0,4.5
Shabana's Afzal Bakery,1,0,1611.0,1.5
Shabana Bakery,1,0,2945.0,2.4
Shaan-e-Punjab Dhaba,1,0,1236.0,3.1
Shaan-E-Bhopal,1,2171,2171.0,3.6
Sevilla Restaurant - Club Paraiso,1,0,568.0,2.6
Shakti Sweet s,1,0,2096.0,4.0
Shakti Sweet Shop,1,0,2584.0,2.4
Shakti Om Vegetarian Dhaba,1,0,2119.0,2.8
Shakti,1,0,2123.0,2.5
Shakes & Sundaes,1,1452,1452.0,4.2
Shakers & Snackers,1,2802,2802.0,1.0
Shake Smith,1,0,1674.0,3.4
Shake Shook Cafe,1,0,1185.0,2.3
Shake Sahab,1,1483,1483.0,3.8
Shake Palace,1,0,215.0,4.2
Shake O Holic,1,0,2211.0,2.7
Shake Lovers,1,0,2442.0,3.6
Shake Factory,1,3516,1758.0,2.9
Shake Chilly,1,734,734.0,2.1
Shake Chilli,1,0,523.0,2.0
Shaina Diner,1,1435,1435.0,4.3
Shant Shree Sadaram Bapa Aashram,1,2258,2258.0,2.0
Shankar Vada Pav & Dabeli,1,0,2859.0,3.0
Shankar Dhaba & Garden,1,0,2967.0,4.9
Shankar Bhojnalaya,1,2518,2518.0,4.1
Shankar Bhojnalay,1,2609,2609.0,5.0
Shanghai Hut,1,0,822.0,2.8
Shanaya's  Vadapav Kendra,1,970,970.0,4.3
Shan E Hind,1,2805,2805.0,2.0
Shamsundar Restaurant,1,0,2260.0,1.4
Shamma Caters,1,0,2540.0,4.1
Shamiana - The Taj Mahal Palace,1,0,1102.0,1.5
Shambys Pizza Cafe,1,1757,1757.0,4.7
Shalini Fast Food,1,1388,1388.0,4.3
Shalimar Snacks Bar be que,1,2106,2106.0,1.4
Shalimar Juice Centre,1,2945,2945.0,3.2
Shaligram sweets,1,0,1615.0,4.8
Apache Fluid Lounge,1,0,2141.0,3.8
Any Time Meals,1,0,1608.0,2.5
Anwar Restaurant,1,0,1954.0,3.5
Anushka Juice Centre,1,0,1696.0,4.0
Anupam Sweet,1,2140,2140.0,4.9
Anupam Bar & Restaurant,1,2636,2636.0,2.7
Anupam,1,2500,2500.0,3.3
Anshu Cafe,1,4290,2145.0,3.6
Anshika Sweets,1,0,1333.0,5.0
Anoop Bhojanlaya,1,0,1500.0,2.2
Annpurna Veg. Dhaba,1,0,640.0,1.6
Annpurna,1,2392,1196.0,4.8
Shape Of You,1,335,335.0,1.9
Shape Cafe,1,0,2530.0,2.2
Shanti Niketan Sweets,1,326,326.0,2.6
Shantai Dhaba,1,0,1106.0,1.9
Sharmila's Kitchen (Home made food),1,2934,2934.0,2.6
Sharmas Fast Food Centre,1,0,2679.0,3.0
Sharman Jain Sweets,1,730,730.0,4.2
Sharma and Sons,1,2590,2590.0,4.7
Sharma Tea Stall,1,1047,1047.0,3.7
Sharma Sweets and Namkeen,1,355,355.0,4.1
Sharma Shudh Vaishno Khana,1,0,2473.0,4.2
Sharma Shudh Vaishno Dhaba,1,0,1833.0,4.8
Sharma Restaurant,1,0,1127.0,3.6
Sharma Naan House,1,1806,903.0,1.0
Sharma Ji Shud Bhojanlya,1,1222,1222.0,3.1
Sharma Ice Cream and Pav Bhaji,1,567,567.0,2.5
Sharma Dhaba,1,0,418.0,4.3
Sharma Chai,1,4806,2403.0,3.8
Sharda Sweets Restaurant,1,0,831.0,3.8
Apache High Street,1,2044,2044.0,2.0
Sher E Punjab Dhaba,1,0,2100.0,4.6
Sher E Punjab,1,0,1562.0,4.4
Sheikhupurian Da Vaishno Dhaba,1,0,2057.0,1.4
Shehra Tiffin Service,1,185,185.0,4.2
Sheetal Vaishnu Dhaba,1,0,2004.0,2.6
Sheetal Restaurant,1,0,2143.0,2.3
Sheetal Grille - Royal Inn,1,0,955.0,1.8
Sheesh Mahal Multi Cuisine Restaurant,1,0,1162.0,1.9
Sheenu Restaurant,1,0,802.0,1.5
Shee Chinese,1,0,956.0,4.2
Shayni Foods,1,0,826.0,4.8
Shawarmaa Hut,1,2655,2655.0,1.3
Shawarma Station,1,2130,2130.0,1.1
Shawarma King,1,0,2190.0,2.3
Shawarma Kadai,1,4372,2186.0,1.9
Shawarma Express,1,444,444.0,3.4
Shisha Jazz Cafe,1,0,1209.0,4.2
Shingar Restaurant,1,2693,2693.0,4.9
Shine Lucky Vaishno Dhaba,1,0,171.0,1.4
Shimla Delhi Darbar,1,0,285.0,2.5
Shillong Point,1,0,915.0,4.0
Shillong Momo,1,2884,2884.0,2.6
Shijim Kitchen & Bar,1,576,576.0,4.6
Shift,1,0,2594.0,3.4
Shifa Bakery,1,0,680.0,3.4
Shi-Wu Corner,1,0,1178.0,1.4
Sheroes Hangout,1,0,2753.0,3.1
Sherlock's Pub,1,0,2827.0,4.6
Shergar Bar - Jehan Numa Palace,1,0,2504.0,4.1
Shere Punjab Resorts,1,156,156.0,1.9
Shere Punjab,1,2092,2092.0,1.8
Sher-e-Punjab,1,0,502.0,4.9
Shiv T.M Sharma Fast Food,1,2022,2022.0,3.8
Shiv Shankar Poha Bhandar,1,0,1922.0,2.5
Shiv Shankar Pavitra Bhojanalya,1,0,602.0,2.2
Shiv Shankar Bhojnalaya,1,2937,2937.0,2.4
Shiv Shankar Bakery,1,0,1065.0,3.4
Shiv Shambhu Bhojnalay,1,0,546.0,2.3
Shiv Shakti Misthan Bhandar,1,0,1832.0,3.5
Shiv Shakti Ice Cream,1,1134,1134.0,2.4
Shiv Shakti Dalbati,1,0,2611.0,1.1
Shiv Pan House,1,2744,2744.0,2.5
Shiv Paan shop,1,0,2669.0,2.7
Shiv Mishthan Bhandar,1,1559,1559.0,3.7
Shiv Kirpa Dairy & Departmental Store,1,0,1912.0,3.7
Shiv Food Service,1,1750,1750.0,2.7
Shiv Assram,1,2913,2913.0,2.1
Shiv - Keri No Rass,1,0,757.0,1.1
Shivam Restaurant & Parcel Point,1,2871,2871.0,3.0
Shivam Restaurant,1,1666,1666.0,4.9
Shivam Pav Bhaji And Pulav Centre,1,0,1248.0,3.7
Shivam Fastfood,1,1993,1993.0,1.0
Shivam Fast Food,1,925,925.0,2.6
Shivam Daining  Hall,1,0,1764.0,2.5
Shivam Cake Parlour,1,0,1119.0,3.9
Shivam Bhojnalay,1,0,1069.0,4.8
Shivaansh Cafe,1,2236,2236.0,4.2
Shiva's Shakti The Sandwich & Pizza Shop,1,2898,2898.0,3.1
Shiva's Restaurant,1,0,662.0,2.0
Shiva's Cafe And Multicuisine Restaurant,1,0,952.0,3.2
Shiva Veg Corner,1,1433,1433.0,3.3
Shiva Sweets,1,2178,2178.0,4.4
Shiva Sagar Bar & Restaurant,1,0,511.0,4.9
Shiva Paan,1,0,2352.0,3.0
Anni Bhai ki Biryani,1,0,663.0,2.8
Annavilaas,1,0,522.0,3.5
Annashri Foods South Indian,1,0,1023.0,3.2
Annapurna South Indian,1,964,964.0,1.9
Annapurna Kitchen,1,0,2101.0,1.3
Annapurna Foods,1,160,160.0,3.1
Annapurna Dhaba,1,0,2491.0,2.0
Annapurna Daal Bhaat Kendra,1,0,656.0,2.4
Annapurna Bhojnalaya & Restaurant,1,0,1216.0,2.6
Annapurna Bakers,1,0,1056.0,3.8
Annam Cafe,1,0,514.0,3.9
Annam,1,1824,1824.0,2.9
Shivshakti Chinese Fast Food,1,0,2210.0,3.4
Shivaz Restaurant,1,0,893.0,1.4
Shivam's Little India,1,0,1082.0,3.3
Shivam Sweets,1,0,1273.0,2.2
Shree Balaji Pavitra Bhojnalya,1,1870,1870.0,3.9
Shree Balaji Maharaj,1,0,163.0,2.2
Shree Balaji Dosa House,1,0,2410.0,3.9
Shree Baba Sweets,1,1688,1688.0,1.6
Shree Ashapura Restaurant,1,0,1742.0,3.9
Shree Arti Sweets,1,0,1349.0,4.6
Shree Anjani Nandan,1,1870,1870.0,1.0
Shree Akshaya Bhavvan,1,0,807.0,1.1
Shree Agarwal Caterers,1,0,375.0,4.3
Shree Aayojan's Idli Stop,1,5382,2691.0,2.8
Shraddha's Healthy House ,1,0,1031.0,2.4
Shraddha Cold Drinks,1,0,1773.0,1.9
Shraddha Chinese  Point,1,0,2056.0,2.6
Shooters - Ramada Palmgrove,1,0,579.0,3.7
Shoaib Tambolis Biryani N More,1,1207,1207.0,1.1
Annkut,1,2517,2517.0,3.2
Shree Ghanshyam Live Cake,1,1334,1334.0,4.2
Shree Ganesh Gujarati Thali,1,0,742.0,1.9
Shree Ganesh Chienese,1,0,382.0,3.8
Shree Ganesh Bhojnalaya,1,0,2451.0,4.5
Shree Ganesh Bhojanalaya,1,0,2471.0,2.3
Shree Gajanan Dugdhalay,1,0,622.0,4.4
Shree Dosa Point,1,1962,1962.0,3.4
Shree Dharmanandan Bakery,1,493,493.0,1.9
Shree Datta Bhel,1,0,2421.0,1.8
Shree Dakshin,1,0,517.0,4.0
Shree Charbhuja Maggi & Pasta Centre,1,0,1627.0,1.7
Shree Cafe Corner,1,510,510.0,4.0
Shree Bansal Petha Bhandhar,1,1220,1220.0,2.6
Shree Bankey Bihari Misthan Bhandar,1,0,2815.0,2.2
Shree Balaji South Indian Fast Food,1,0,1326.0,2.3
Shree Balaji Restaurant,1,0,2676.0,3.8
Shree Paripoorna Bhojnalay,1,1167,1167.0,1.5
Shree Panwari Poha Center,1,0,1472.0,2.4
Shree Paan Dhaba,1,674,674.0,1.4
Shree Naresh Baker's,1,0,1584.0,3.2
Shree Momai Cold Center,1,0,616.0,5.0
Shree Manmohan Kharek Centre,1,0,506.0,4.8
Shree Laxmi Sweets,1,0,2573.0,4.6
Shree Lakshmileela Bhojanalay,1,0,1824.0,4.2
Shree Krishna Foodie Pure Veg,1,5396,2698.0,3.4
Shree Krishna Bhojnalay,1,0,1867.0,4.3
Shree Kathiyawadi Khadki,1,1525,1525.0,2.4
Shree Jodhpur Sweets,1,0,2438.0,3.7
Shree Ji Kulcha Hut,1,0,733.0,4.2
Shree Janta Ice Cream,1,0,2464.0,4.6
Shree Hari Ice Cream,1,0,541.0,2.2
Shree Goyal Juice Center,1,2260,2260.0,1.4
Shree Umiya Bhojanalay,1,2886,2886.0,3.2
Shree Thali,1,2514,2514.0,3.5
Shree Swastik Bakery,1,2111,2111.0,4.9
Shree Surti Bakery,1,0,702.0,2.3
Shree Shivay,1,1973,1973.0,2.0
Shree Shakti Sev,1,1802,1802.0,2.2
Shree Satya Vijay Patel Icecream,1,0,497.0,2.6
Shree Sadguru Juice Center,1,2717,2717.0,2.0
Shree Rathnam,1,2091,2091.0,2.8
Shree Ram Sweets,1,0,293.0,1.3
Shree Ram Restaurant,1,0,530.0,3.6
Shree Ram Bhojnalay,1,0,690.0,4.9
Shree Ram Bhojanalaya,1,822,822.0,4.5
Shree Rajbhog Thali Restaurant,1,0,2093.0,4.1
Shree Rajasthan Kulfi House,1,2887,2887.0,2.4
Shree Parshwanath Pan Sadan,1,0,1243.0,3.1
Shri Balaji Juice Bhandar,1,0,1229.0,1.9
Shri Balaji Dhaba,1,0,769.0,4.6
Shri Balaji,1,2753,2753.0,2.8
Shri Ann Bhojnalay,1,1675,1675.0,2.2
Shri Anandhas Coffee Shop,1,0,467.0,1.3
Shri Anand  Sakahari Bhojan,1,0,2182.0,2.3
Shri Amarlal Ice Cream,1,0,593.0,4.9
Shri Agarwal Chat House,1,2265,2265.0,3.8
Shreemaya Celebrity,1,0,2665.0,3.4
Shreeleela Bhojnalaya,1,0,173.0,1.9
Shreeji Namkeen and Sweets,1,1897,1897.0,2.1
Shree ram dairy farm,1,0,2234.0,2.6
Shree Vraj Family Snacks Corner,1,0,1075.0,1.2
Shree Vishnu Thatte Idli,1,0,778.0,4.1
Shree Vineeth's,1,1358,1358.0,3.0
Shree Vatika Restaurant,1,2461,2461.0,2.9
Shri Krishna Cold Drinks,1,2375,2375.0,3.6
Shri Kachodi Corner,1,0,303.0,2.9
Shri Jalaram Parotha House,1,0,2303.0,3.1
Shri Jagdish family dhabha,1,0,2102.0,2.2
Shri Hari Paan Bhandar,1,0,2816.0,1.5
Shri Guru Nanak Lasi,1,0,2615.0,4.9
Shri Gupta Masala Dosa,1,0,1364.0,4.7
Shri Ganesh Sweets,1,0,2771.0,3.5
Shri Deepali South Indian,1,0,366.0,4.3
Shri Dauji Sweets,1,1520,1520.0,2.7
Shri Datta Cafe,1,0,260.0,3.9
Shri Choubey Ji Fast Food,1,0,1762.0,3.0
Shri Bikaner Sweets,1,0,1724.0,3.3
Shri Bhomiya Ji Namkeen,1,0,1914.0,3.4
Shri BheruNath Mix Icecream,1,0,2804.0,1.4
Shri Balaji Snack Point,1,1149,1149.0,4.5
Shri Shyam Baba Shudh Ras Bhandar,1,0,2791.0,4.5
Shri Shakti Parotha Centre,1,0,2139.0,3.9
Shri Shah Baker,1,0,1158.0,1.8
Shri Sai Paratha,1,910,910.0,4.0
Shri Restaurant,1,0,722.0,2.7
Shri Raunak Fruit & Juice Corner,1,2317,2317.0,2.5
Shri Ram Restaurant,1,0,2514.0,2.8
Shri Ram Poori Wale,1,0,1174.0,3.6
Shri Ram Paties Corner,1,1884,1884.0,2.8
Shri Ram Namkeen And Sweets,1,2243,2243.0,1.7
Shri Prakash Sweets,1,0,2320.0,2.9
Shri Nath Ras Bhandar,1,1815,1815.0,2.9
Shri Mohan Sweets,1,497,497.0,1.9
Shri Mahal Dhaba,1,0,1338.0,1.8
Shri Krishna Sweets Farsan,1,0,2875.0,1.8
Shri Krishna Sweets And Snacks,1,2811,2811.0,3.8
Anna Punjabi,1,2536,2536.0,2.5
Anmol Pal Hotel,1,0,1630.0,1.1
Anmol Mohit Patiala,1,1346,1346.0,2.4
Anmol Fast Food Corner,1,868,868.0,2.3
Ankut Da Dhaba,1,1430,1430.0,3.4
Anka's Cakes n Cuisines,1,0,2193.0,3.3
Anjappar,1,0,2639.0,1.8
Anjani Bhojnalay,1,0,1935.0,1.1
Anjali Sweets & Baker,1,0,2675.0,3.9
Anjali Ice Cream Parlour,1,2279,2279.0,4.1
Anjali Food Corner,1,0,1257.0,4.7
Anjali Fast Food,1,0,881.0,4.6
Anjali Dhaba,1,0,2493.0,1.7
Anjala Caterings,1,0,1413.0,3.2
Shri Shyam Pavitra Bhojanalaya,1,0,1856.0,4.3
Shri Shyam Ji Shakahari Bhojnalaya,1,804,804.0,2.9
Sid's Bake House,1,0,560.0,3.5
Sichuan,1,534,534.0,1.1
Shyam Sundar,1,0,2910.0,1.9
Shyam Darbaar,1,0,1204.0,1.0
Shukla Snacks Restaurant,1,0,2524.0,1.4
Shuchi Namkeen & Sweets,1,0,2354.0,4.7
Shubham Chinese Point,1,0,1829.0,3.3
Shubh Sweets,1,1844,1844.0,1.5
Shubh,1,0,2987.0,1.5
Shruti Veg Restaurant,1,0,1068.0,2.5
Shrinath Pav Bhaji & Pulav Center,1,0,2361.0,2.8
Shrimanti Misal And Snacks,1,0,725.0,4.5
Shriajab Sweets,1,0,2867.0,2.9
Shri's Cake Zone,1,0,2012.0,4.2
Shri Thakur Ji Misthan Bhandar,1,2816,2816.0,1.0
Shri Shyam Ratna,1,2736,2736.0,3.8
Simply Fish - Hotel Airlink Castle,1,2494,2494.0,2.5
Simon Tasteland,1,0,2986.0,4.9
Silver Spoon Mess And Tiffins,1,2140,2140.0,4.4
Silver Oak Restaurant,1,0,313.0,2.8
Silver Inn,1,0,2081.0,3.7
Silver Icecream and Fastfood,1,0,1281.0,2.1
Silly Chilly,1,0,1362.0,1.5
Silli Chilli,1,0,169.0,4.8
Silk Route,1,1359,1359.0,4.6
Silk Bar,1,624,624.0,4.1
Sighri,1,1026,1026.0,1.8
Sidhu Nonveg Point,1,2362,2362.0,2.1
Siddhivinayak Restaurant,1,0,537.0,4.7
Siddhi Vinayak Family Restaurant,1,2078,2078.0,3.4
Siddhi Dosa Center,1,2071,2071.0,1.7
Siddharth Dhosa,1,0,1935.0,4.6
Singh's Tandoor,1,0,1025.0,2.4
Singh's Delight Restaurant,1,0,364.0,4.7
Singh's Chicken 2 Nite,1,0,992.0,3.8
Singh Sahib,1,2518,2518.0,1.3
Singh Saab,1,371,371.0,2.9
Singh Restaurant,1,0,1440.0,1.2
Singh Foods- By Hotel Singh Regency,1,2523,2523.0,2.3
Singh Fast Food,1,0,2426.0,1.8
Singh Darbar,1,2528,2528.0,4.1
Singh Chaat Corner,1,0,316.0,2.9
Singh Bakery,1,826,826.0,4.5
Sindhi Sweets,1,0,661.0,1.3
Sindh Restaurant,1,0,1832.0,1.9
Sindh Punjab Dhaba,1,826,826.0,4.7
Sind Pani Puri House,1,0,1111.0,1.2
Simply Madras,1,0,2517.0,1.7
Sizzling Joe,1,0,1428.0,1.0
Sizzling Corner,1,0,635.0,1.8
Sizzling Bite,1,3124,1562.0,2.7
Sizzles Cafe,1,2606,2606.0,2.0
Sizzlers Cafe,1,0,729.0,2.1
Sizzlers,1,0,517.0,3.7
Size Zero Sandwich And Shake,1,0,1258.0,4.6
Sitaram Mishtahan Bhandar (Lathi Mohal),1,2564,2564.0,1.9
SitaRam's,1,0,2571.0,1.1
Sita Ram Bture Wala,1,2004,2004.0,2.2
Sita Ram & Sons,1,0,1812.0,4.4
Sita Manor Restaurant,1,0,1174.0,2.9
Sirocco,1,0,254.0,1.7
Sippers,1,0,1664.0,3.0
Sip N Breww,1,0,633.0,1.6
Sion Lunch Home,1,2930,2930.0,3.9
Ani Bar And Restaurant,1,0,2413.0,2.4
Angrezi Dhaba,1,1418,709.0,2.2
Anghithi Hot Drive,1,0,1461.0,1.4
Angeethee Restaurant,1,2548,2548.0,3.0
Angaraa,1,655,655.0,4.1
Aneja Fast Food,1,0,2670.0,2.8
Andhra Spice,1,0,2918.0,4.7
And It Was Called Yellow,1,0,1072.0,1.2
Anarse Samosewale,1,0,2916.0,1.1
Ananya Bakery,1,2184,2184.0,1.2
Sky Train Restaurant,1,1126,1126.0,1.9
Sky Lounge- #6 Hotels,1,334,334.0,4.3
Sky Lounge - Chenthur Park,1,0,506.0,1.9
Sky High Cafe,1,0,1993.0,1.3
Sky Corner,1,1320,1320.0,1.5
Sizzling Sizzler,1,778,778.0,1.1
Smoothie Drive,1,0,276.0,4.2
Smoky Brew,1,0,1188.0,3.1
Smokin Joe's,1,0,2390.0,4.1
Smokin Grills,1,0,863.0,3.7
Smoki Ice The Bubble Tea Shop,1,0,880.0,2.9
Smoke N Grill,1,0,1583.0,2.2
Smoke House Deli,1,0,2471.0,2.2
Smoke - The Sizzler House,1,223,223.0,3.8
Smily Veg Snacker,1,0,566.0,4.5
Smiley Bakers,1,0,2353.0,4.7
Small Bites,1,2246,2246.0,1.4
Slice of Heaven,1,0,2700.0,4.1
Slice Of Lime,1,0,151.0,3.6
Skylit - Citrus Hotels,1,0,459.0,2.9
Skylight Restaurant,1,4072,2036.0,2.8
Anil Juice Centre,1,0,1862.0,4.2
Anand Shree Fruit Bonanza & Cafe,1,1227,1227.0,2.9
Anand Dairy,1,0,2305.0,2.6
Anaicha's Restaurant & Banquet,1,2228,2228.0,1.3
Anadi Cabin,1,0,894.0,3.1
Ana's & Andyz,1,0,2323.0,1.7
Amutham Jigarthanda,1,0,2298.0,1.1
Amul Ice Cream Parlour,1,0,998.0,2.9
Amul Ice Cream,1,2497,2497.0,4.6
Amrutha Veg Restaurant,1,2453,2453.0,4.8
Snowberry Cafe,1,0,711.0,4.6
Snow Bucks,1,0,2648.0,2.4
Snacks Time,1,0,2448.0,3.9
Snacks Point,1,0,2298.0,4.9
Snackies Cafe,1,0,1585.0,3.7
Smuggler's Aroma,1,0,2703.0,1.8
Sms Food Villa,1,0,211.0,4.3
Sona Jee Sweets,1,0,635.0,1.2
Son Of Swad,1,0,339.0,1.1
Solterra - The Gateway Hotel,1,2641,2641.0,3.3
Solitaire,1,2395,2395.0,2.8
Solanki Sweets,1,0,1843.0,2.6
Sol Lounge,1,0,1485.0,4.5
Sohan Vegetarian Dhaba,1,2826,2826.0,1.2
Softy Corner,1,0,1715.0,4.0
SodaBottleOpenerWala,1,2484,1242.0,4.0
Social Lounge,1,2368,2368.0,2.0
Social Adda,1,0,2241.0,1.8
Sochosa,1,1884,1884.0,2.1
Soccer Cafe,1,0,1355.0,4.5
Snowera - Korean Dessert Cafe,1,2114,2114.0,2.3
Ananta-Tara Rooftop Restaurant,1,0,1679.0,1.1
Anand Snacks,1,0,2475.0,2.7
Soul Sugar Bakery & Patisserie,1,2059,2059.0,2.9
Soul Garden Bistro,1,0,1371.0,3.3
Soul Curry,1,0,2986.0,3.7999999999999994
Soul Craft Cafe,1,0,845.0,4.4
Sothewala Sweets,1,0,1009.0,2.3
Sorriso- Marriott Suites Pune,1,1194,1194.0,2.8
Sorgam Bar,1,1231,1231.0,4.5
Sophiya Laurance Betal Shop,1,2215,2215.0,4.5
Soo Foody by Vinod's Cafe,1,0,2822.0,4.9
Soni Dairy,1,0,256.0,2.3
Soni Bakers,1,2171,2171.0,2.0
Sonargaon - Taj Bengal,1,0,2872.0,2.0
Sonali Restaurant,1,309,309.0,3.9
Sonal Fast Food & Mess,1,648,648.0,2.0
Sonal Bakers,1,0,1800.0,3.2
Sona Mithai Wala,1,0,2131.0,2.6
Special Pav Bhaji And Pizza Centre,1,1952,1952.0,2.7
Special Chicken Dum Biryani,1,0,947.0,3.6
Spazio Restaurant,1,0,1837.0,3.5
Space Chef,1,0,2020.0,1.0
Space,1,1263,1263.0,3.6
Soyu Chicken Biryani Corner,1,0,1939.0,2.4
Soy Soi,1,0,1287.0,4.1
Southpoint Carnival,1,0,179.0,1.2
South Snax,1,0,916.0,3.9
South Kitchen,1,0,2448.0,3.6
South Indiz,1,842,842.0,1.4
South Indian Madrasi Dosa Wala,1,0,943.0,2.8
South Indian Dosa Wala,1,0,271.0,2.1
South Indian & Chinese Point,1,0,2240.0,3.2
Sound Garden,1,0,1548.0,3.6
Soulmate - Make Moments Memorable,1,0,1349.0,1.8
Spice Veg Restaurant,1,1860,930.0,4.9
Spice Route - Nirvana Hotel Banquets Club,1,0,2443.0,2.7
Spice Route,1,0,2485.0,1.7
Spice Roof By Verma's,1,1897,1897.0,3.6
Spice O Holics,1,497,497.0,2.2
Spice Kitchen - JW Marriott Pune,1,2901,2901.0,4.9
Spice India,1,0,1873.0,4.0
Spice House,1,2517,2517.0,4.5
Spice Haat - Hyatt Regency,1,0,2409.0,4.6
Spice Garden Restaurant,1,0,613.0,1.4
Spice Factory,1,0,1531.0,4.7
Spice Cafe,1,0,2170.0,1.5
Spice Affair Restaurant,1,3890,1945.0,3.9
Spice Aangan,1,0,2077.0,3.2
Spice & Ice,1,0,2976.0,4.2
Spezia Bistro,1,0,1662.0,1.0
Sports Bar - Le Meridien,1,0,888.0,4.4
Spoofo Party Lounge,1,922,922.0,4.1
Splash- Country Inn By Carlson,1,0,150.0,2.3
Spirits N Spices,1,2177,2177.0,3.8
Spindrift,1,0,1253.0,1.1
Spicy Wing,1,496,496.0,4.2
Spicy Village,1,0,2914.0,2.5
Spicy Tree - The City Food Court,1,656,656.0,2.6
Spicy Restaurant,1,0,756.0,4.2
Spicy Grillz 2,1,1892,1892.0,4.5
Spicy Family Restaurant,1,0,1652.0,2.7
Spicy China Green,1,0,838.0,4.0
Spicy Bite,1,0,580.0,1.5
Spices Affairr,1,0,1783.0,1.2
Spices & Herbs,1,0,1207.0,4.8
SpiceKlub,1,0,1230.0,4.0
Sree Seethamba Hotel,1,0,833.0,2.7
Sree Renukambiga Mess,1,1600,1600.0,4.5
Sree Muruga cafe,1,0,2171.0,1.3
Sree Hari Mistanna Bhandar,1,0,1550.0,1.6
Sree Ganesha Fruit Juice Centre,1,0,910.0,4.2
Sree Annapoorna Sree Gowrishankar,1,0,1240.0,3.7
Sree Annapoorna Sree  GowriShankar,1,0,2015.0,2.2
Sree Anjapper Hotels,1,0,1644.0,4.7
Sree Akshayam Sweets & Bakers,1,0,1560.0,2.3
Sree Akshayam,1,2552,1276.0,2.3
Square Meal,1,0,167.0,2.4
Spru's Pizza cafe 1,1,1509,1509.0,1.7
Sprinkles Cafesserie,1,0,2851.0,1.4
Sprinkles Bakery & More,1,2983,2983.0,1.4
SpringSprouts,1,0,807.0,3.2
Spring Cafe,1,961,961.0,1.2
Sri Krishna Bhavan Sweets,1,2289,2289.0,1.5
Sri Kasturi Sweets,1,0,684.0,1.4
Sri Hari's,1,0,2746.0,1.1
Sri Hari Juice Centre,1,1660,1660.0,2.5
Sri Devi Grand,1,0,1960.0,4.0
Sri Devar Mess,1,0,1051.0,3.8
Sri Dauji Mishthan Bhandar,1,0,2884.0,3.6
Sri Chennai Hot Puffs,1,0,384.0,1.4
Sri Brijwasi,1,0,2188.0,3.0
Sri Bhavani Sankar Andhra Mess,1,0,255.0,4.1
Sri Balaji Best Biriyani Kadai,1,0,938.0,1.3
Sri Balaji Andhra Mess,1,0,2813.0,3.0
Sri Arya Bhavan,1,1926,1926.0,1.7
Sri Agarwal Sweets And Namkeen,1,2285,2285.0,3.9
Sreevatsa Lunch Box,1,0,2849.0,3.7
Sreeraj Lassi Bar,1,0,1372.0,1.2
Amruta,1,0,752.0,4.2
Amrut Restaurant,1,0,1960.0,4.6
Amritsari kitchen,1,0,275.0,4.8
Amritsari Shahi Nutry Kulcha,1,2941,2941.0,4.1
Amritsari Naan,1,0,1902.0,4.4
Amritsari Lassi,1,0,2808.0,1.1
Amritsari Kulcha Hub,1,1229,1229.0,2.9
Amritsari Kulcha,1,0,1193.0,4.5
Amritsari Hot Bite,1,1609,1609.0,3.8
Amritsari Chicken,1,0,2054.0,1.0
Amritsari Bite,1,0,2691.0,3.5
Amritsar Grand Restaurant,1,0,2790.0,3.0
Amritsar Express,1,0,1289.0,2.8
Amrit Sweets,1,0,2726.0,3.5
Sri Krishna Dhaba,1,0,496.0,2.1
Sri Krishna Cool Center,1,0,1693.0,1.1
"Sri Veda Sweets, Bakery & Fast Food",1,1822,1822.0,4.3
Sri Vaishnavaa's Chat Shop,1,0,2579.0,1.5
Sri Vaari Hotel,1,1112,1112.0,3.2
Sri Selvi Chettinad Mess,1,0,1031.0,1.8
Sri Sankara Vilas,1,0,1660.0,1.0
Sri Sakthi Meenakshi Bhavan,1,0,2822.0,2.2
Sri Sai Swagath Andhra Mess,1,0,1865.0,3.3
Sri Sai Durga Tiffins Center,1,2108,2108.0,2.4
Sri Ram Modern Foods,1,0,435.0,1.3
Sri Punjabi Dhaba,1,0,749.0,4.1
Sri Periyanayagi Amman Chettinad Hotel,1,0,1785.0,3.9
Sri Nath Pav Bhaji Centre,1,0,1012.0,3.3
Sri Monisha Tiffin Centre,1,0,1274.0,3.8
Sri Mahalakshmi Bakery,1,173,173.0,1.5
Sri Madurai Meenakshi Hotel,1,0,1453.0,3.6
Sri Krishna Sweet,1,0,1929.0,2.9
Stark  Cafe | Restaurant,1,0,271.0,2.2
Stardust,1,0,2157.0,1.6
Starco Junction,1,0,409.0,2.7
Star Rocks,1,0,1920.0,3.0
Star Briyani,1,0,1682.0,1.1
Standard Bakers,1,0,1765.0,2.7
Stacks And Racks,1,0,2907.0,4.7
Srushti's Family Restaurant,1,0,1259.0,2.3
Srishti Juice & Shakes,1,379,379.0,2.2
Srinivasa Tiffin Centre,1,0,2709.0,1.5
Sri sakthi chat house,1,2659,2659.0,1.1
Sri Vishnu Vilas,1,0,241.0,2.0
Sri Vinayaga Fast Food,1,0,2220.0,1.1
Sri Vilas,1,0,1344.0,3.9
Sri Venkateshwara Sweet Meat Stall,1,0,750.0,2.9
Sri Venkateshwara Andhra Mess,1,2126,2126.0,4.9
Amoeba Sports Bar,1,0,325.0,1.5
Amman Veg Restaurant,1,1926,1926.0,2.7
Amman Mess,1,0,1549.0,3.1
Amma's Pastries,1,0,1417.0,2.7
Amma ki choupati,1,0,552.0,1.7
Amigos Grill,1,2599,2599.0,1.8
Amigo's Cafe,1,0,472.0,1.8
Amidhara Restaurant,1,2289,2289.0,2.4
American Fried Chicken Restaurant - AFC,1,442,442.0,4.5
Stick With It,1,0,2324.0,3.5
Step Inn,1,0,1720.0,1.8
Steaming Mugs Cafe,1,0,609.0,4.2
Steam - Taj Rambagh Palace,1,0,1649.0,1.1
Steam - Food Zone,1,0,1365.0,1.1
Steam & Sip,1,0,356.0,3.8
Starstruck,1,0,2092.0,1.4
Stripcheese,1,0,283.0,1.4
Striker,1,419,419.0,4.8
Strictly Street,1,0,843.0,4.7
Street Treat,1,2445,2445.0,1.7
Street Stopper,1,0,666.0,4.2
Street Food Junction,1,0,2391.0,4.2
Street Corner,1,0,1541.0,1.5
Streat Food,1,0,2478.0,2.5
Stream Restaurant,1,0,1199.0,5.0
Strawberry Live Ice Cream Cafe,1,0,2564.0,1.1
Strawberry,1,0,574.0,3.6
Straight Drive,1,0,1371.0,1.9
Stories,1,0,167.0,3.4
Stone,1,494,494.0,2.6
Amrit Shri Ice Cream Parlour,1,1300,1300.0,2.3
Amrit Sagar,1,0,2894.0,2.0
Sugar Threads,1,0,866.0,5.0
Sugar Rush,1,0,2511.0,2.6
Sugar Free Cafe and Bakers,1,0,2590.0,4.0
Sugar Cup,1,1753,1753.0,4.1
Sugar Bowl,1,0,869.0,1.1
Suganya Parotta Kadai,1,0,2996.0,1.8
Sudha Iced Exclusive,1,0,1767.0,2.8
Suchali's Artisan Bake House,1,0,1952.0,1.3
Suburbia - The Empire,1,0,1901.0,1.1
Subhash Juice Bar,1,0,406.0,2.0
Subhan Bakery,1,0,384.0,1.6
Subbayya Gari Hotel,1,0,2708.0,2.0
Studio - The Slate,1,0,2176.0,3.8
Student's Lassi,1,0,1578.0,3.4
Student's Biryani House,1,2345,2345.0,2.9
Student Choice,1,419,419.0,3.9
Sundew - Ramada,1,0,1681.0,1.6
Sunder Kewat Litti Chokha,1,0,748.0,4.1
Sunder Hotel,1,0,2666.0,2.4
Summer Park,1,0,2444.0,4.7
Suman Sagar Restaurant,1,1725,1725.0,1.5
Sumadhu Pure Veg,1,0,711.0,3.1
Sultthan Biriyani,1,0,2743.0,2.0
Sulthan Restaurant,1,0,782.0,4.3
Sulaimani Bakers and Food Court,1,0,1035.0,1.4
Sukoon Restaurant,1,0,2836.0,4.1
Sukhsagar,1,0,2706.0,1.2
Sukham Sweet Shop,1,0,949.0,4.8
Sukh Sagar Sweets,1,0,2779.0,2.5
Sukh Sagar Fast Food And Restaurant,1,0,2540.0,4.6
Sukh Sagar Express,1,1356,1356.0,2.7
Suhani Arora Namkeen & Sweets,1,0,2474.0,3.2
Super Donuts,1,5076,2538.0,3.1
Super Cremica Sweets,1,2179,2179.0,4.5
Super Chatwala,1,0,1631.0,3.2
Sunshade Ice Cream Parlour,1,0,2128.0,2.5
Sunset Terrace,1,0,2960.0,3.7
Sunset Bar - Sarovar Portico,1,0,2725.0,1.6
Sunrise Restaurant,1,0,2461.0,3.1
Sunrise Motel,1,0,1843.0,4.4
Sunrise Bakery,1,0,254.0,3.1
Sunrise Bakers,1,2501,2501.0,3.9
Sunny's Restaurant,1,0,1029.0,4.3
Sunny Misthan And Chat Corner,1,0,218.0,3.7
Sunny Fast Food,1,1701,1701.0,1.8
Sunny Di Hatti Amritsari,1,0,2005.0,4.8
Sunny Champ Point,1,1206,1206.0,4.3
Sunil Chat Corner,1,0,1779.0,2.1
Suro Treehouse Resort,1,2431,2431.0,2.4
Surindera Dhaba Veg & Non-Veg,1,1237,1237.0,2.4
Suresh Kulfi And Gajak,1,1609,1609.0,4.8
Sure stay Hotel by Best Western,1,0,964.0,2.2
Surbhi Sweets,1,0,1627.0,2.2
Suraj chat Bhandar ,1,0,2502.0,4.6
Sura Vie by TYC,1,0,2110.0,3.3
Sura Vie,1,1486,1486.0,3.8
Supriya Andhra Restaurant,1,4704,2352.0,2.3
Supreme Corner,1,0,588.0,2.3
Supreme Cafetaria,1,0,987.0,3.3
Suprabhatam Restaurant,1,0,1486.0,4.7
Supr Baker,1,0,1250.0,4.2
Supper Hero's Food Truck,1,0,499.0,3.2
Superstar Pizza,1,0,2035.0,1.9
Super Hemant Petha Store Sweets And Namkeen,1,0,2105.0,1.6
Swaraj Restaurant,1,0,1265.0,2.6
Swamy's Sweets And Snacks,1,0,1899.0,3.8
Swaggers,1,0,196.0,3.6
Swagat Restaurant,1,0,1105.0,4.5
Swadisht Chana Masala Kendra,1,470,470.0,4.4
Swadeshi Milk Products And Namkeen,1,0,882.0,4.6
Swad Restaurant,1,0,2307.0,4.4
Swad Desh,1,1242,621.0,1.9
Swad,1,354,354.0,3.9
Svarga Residency,1,0,1754.0,1.1
Sutra Gastropub,1,0,654.0,4.0
Sutra - The Lalit Ashok Bangalore,1,340,340.0,1.6
Sushi Junction,1,2023,2023.0,3.7
Sushi In A Box,1,0,2731.0,3.3
Suryoday bhojnalay,1,0,1422.0,1.6
Suryawanshi,1,433,433.0,3.7
American Bawarchi,1,2829,2829.0,2.7
Amer Bakery Hut (ABH),1,0,1997.0,5.0
Ambur Dum Biryani,1,0,2408.0,3.8
Ambrosia The Bake Shop,1,0,1935.0,3.6
Ambrosia Restaurant & Bar,1,904,904.0,4.3
Ambrosia Restaurant,1,0,2409.0,1.5
Ambi Baba Dosa,1,2731,2731.0,3.1
Amber- Amet Haveli,1,2318,2318.0,3.9
Amber Hotel,1,2321,2321.0,4.9
Ambar Family Restaurant,1,1437,1437.0,2.3
Ambar Cool And Food Zone,1,0,1825.0,2.2
Amba Bhawani Hotel,1,0,804.0,2.0
Amazon Jungles,1,0,1198.0,4.0
Sweet Home,1,2534,2534.0,2.3
Sweet Affairs,1,0,518.0,3.2
Swastik Khana Bhandar,1,0,1843.0,1.4
T Time,1,0,588.0,3.8
Symposium,1,0,646.0,3.2
Symphony - Ramada,1,0,1237.0,4.8
Swissyum Concept Foods,1,0,2921.0,1.8
Swiss Bakes,1,0,1759.0,3.2
Swig,1,0,1410.0,3.3
Sweets Corner,1,0,2074.0,2.0
Sweet Waters,1,0,2048.0,3.3
Sweet Tomatoes,1,0,2551.0,4.3
Sweet Sensations,1,1887,1887.0,2.0
Sweet N Slice,1,2494,2494.0,2.0
Sweet Mart,1,0,2618.0,4.4
Sweet Magic Sweet's & Baker's,1,0,421.0,3.5
Sweet Magic Mithai Shop Restaurant,1,0,2474.0,1.1
Sweet Luscious,1,0,1572.0,4.9
Sweet Hut and Bakers,1,0,1547.0,3.0
Tabbakh,1,0,2262.0,3.4
Taaza Tiffins,1,0,1559.0,4.8
TIB - The Ice-Cream Bakery,1,2881,2881.0,4.2
THE BABA SHOP,1,0,543.0,1.5
TGIH - Thank God It's Healthy!,1,0,954.0,3.3
TGI Fridays,1,0,1711.0,1.0
TGB Cafe n Bakery,1,0,1213.0,4.4
TFT Chinese Food,1,0,958.0,1.4
TFL,1,0,1455.0,1.9
TEST RESTAURANT,1,1789,1789.0,3.1
TBC - The Boat Club,1,0,2090.0,3.1
TAP,1,0,947.0,5.0
TADO - The Artisan Deli and Oven,1,1757,1757.0,3.9
TAAVA,1,1705,1705.0,3.2
T.M.O,1,0,858.0,2.2
T.I.F. Ice Cream Parlour,1,0,2697.0,2.8
Tamarind Restaurant,1,0,799.0,3.3
Talli Turmeric,1,4098,2049.0,3.5
Talk Of The Town,1,0,1599.0,1.1
Tales & Spirits,1,0,163.0,2.6
Talented Kadai,1,2843,2843.0,1.2
Talab Paan Parlour,1,0,2768.0,2.7
Takshila - Hotel Chanakya,1,0,1552.0,4.0
Take 2,1,0,383.0,2.9
Tak Heng,1,0,1797.0,2.1
Tajj Catering,1,0,1407.0,4.1
Taj Mahal - Taj Mahal Hotel,1,0,2213.0,2.7
Taj Icecream,1,0,1998.0,4.7
Taj Darbar,1,0,2252.0,4.2
Taj Chikan Corner,1,0,2903.0,2.2
Taco Ice Cream,1,0,676.0,2.5
Tabbu's,1,2664,2664.0,2.4
Amazon Food court,1,0,1483.0,4.2
Amarjeet Punjabi Dhaba,1,0,1827.0,2.2
Amaravathi Multi Cusinie Family Restaurant,1,2505,2505.0,1.8
Amaravathi Food Court,1,0,1518.0,1.4
Amaravathi Coffee Corner,1,0,987.0,3.6
Amar Sons Refreshment,1,0,1023.0,1.1
Amar Juice Centre,1,0,797.0,4.0
Amar Bhojnalya,1,0,2489.0,2.5
Aman's Barbecue,1,0,2046.0,1.4
Aman Chicken,1,0,594.0,4.9
Altitude - Hyderabad Marriott Hotel & Convention Centre,1,0,2534.0,4.1
Alpine Restaurant & Banquet,1,0,1838.0,1.2
All Season - Hotel Manor,1,4038,2019.0,2.2
Tanatan Corner,1,0,757.0,2.1
Tamr Cafe,1,5078,2539.0,4.2
Tamil Nadu House Canteen,1,0,1548.0,1.4
Tanjore - Enter the Deccan,1,0,1997.0,2.2
Tanishqua Enterprises ( Foodbux vada pav),1,2012,2012.0,2.9
Tanishq Cafe,1,1014,1014.0,3.7
Tanish Dining and Cafe,1,0,861.0,4.3
Tani Fast Food,1,0,2266.0,2.4
Tangerine Cafe - Ramada Palmgrove,1,763,763.0,2.8
Tangerine,1,0,310.0,1.5
Taneja Sweet Shop,1,2773,2773.0,1.0
Tandooriwala,1,1032,1032.0,4.1
Tandoori Taal Restaurant,1,0,2770.0,1.9
Tandoori Night,1,0,2983.0,2.3
Tandoori Hut,1,802,802.0,4.9
Tandoori Hub,1,0,2197.0,4.7
Tandoori Flames Cafe & Restaurant.,1,0,1001.0,4.5
Tandoori Dhaba & Family Restaurant,1,0,634.0,2.9
Tandoori Club,1,1981,1981.0,1.0
Tasty Hub Cafeteria,1,1043,1043.0,2.1
Tasty Bite Fast Food Corner,1,1616,1616.0,3.0
Taste of Tibet,1,618,618.0,3.5
Taste of Jhansi,1,0,1191.0,1.4
Taste Of Punjab,1,0,2201.0,4.8
Taste Of Nawab,1,0,2734.0,2.1
Taste Of India,1,0,492.0,4.7
Taste Mates,1,173,173.0,4.4
Taste Mafia,1,0,1224.0,4.9
Taste In,1,2609,2609.0,1.8
Tastation,1,0,879.0,4.7
Tarts,1,0,518.0,3.5
Tarkarli The Taste Of Malvan,1,0,1497.0,4.1
Tara Pan Center,1,0,2741.0,2.2
Tapri By The Corner,1,0,2278.0,2.4
Tapree House,1,0,2176.0,4.2
Tea Culture,1,1648,1648.0,2.3
Tea Connect Cafe,1,2686,2686.0,1.2
Tea Club,1,0,1144.0,3.9
Tea Break,1,0,2618.0,2.3
Tauby's,1,722,722.0,1.7
Tattlers,1,263,263.0,1.3
Tathastu,1,622,622.0,3.4
Tata Cha,1,0,334.0,2.6
Tastyland.in,1,0,2412.0,4.7
Tasty farm - Bakery,1,0,196.0,2.7
Tasty Vadapav,1,2319,2319.0,1.4
Tasty Tweets,1,0,1178.0,4.0
Tasty Treat,1,2589,2589.0,4.2
Tasty Trails,1,0,508.0,4.6
Tasty Sandwich & Pizza Corner,1,0,1165.0,3.1
Tasty Land Bakers,1,2130,2130.0,3.7
Alankar Restaurant,1,0,1103.0,2.6
Tegu Mess,1,1585,1585.0,3.9
Teekha,1,392,392.0,2.8
Techies Time to Tea,1,1523,1523.0,4.0
Tease - Vivanta Coimbatore,1,0,364.0,1.8
Teameats,1,703,703.0,3.9
Tealogy,1,329,329.0,2.8
TeaQuila - A Fashion Cafe,1,0,2095.0,4.3
Tea break,1,0,1017.0,1.6
Tea Time,1,962,962.0,2.9
Tea Talks,1,0,2074.0,1.6
Tea Square,1,1407,1407.0,2.7
Tea Room Café,1,1456,1456.0,2.2
Tea Positive,1,267,267.0,4.7
Tea Mate,1,2406,2406.0,4.0
Tea Diaries,1,0,428.0,3.9
Tehal Singh's Dhaba,1,0,827.0,2.0
All Elements,1,0,2372.0,2.9
All Aromas,1,0,1931.0,2.4
Alishan Restaurant,1,0,1593.0,1.9
Alishaan Darbar,1,0,2660.0,3.8
Alfresco by Bene -Sheraton Grand Bangalore Hotel at Brigade Gateway,1,0,1500.0,4.5
Alfresco - The Quorum,1,1414,1414.0,4.0
Alfresco - The Lalit Great Eastern,1,0,2408.0,2.9
Alfredo's,1,0,1154.0,1.9
Alfa Irani Cafe,1,2891,2891.0,3.6
Alfa Bakers,1,0,2144.0,4.9
Alchemy - The Chancery Pavilion,1,0,2192.0,3.6
Alba - JW Marriott Bengaluru,1,1312,1312.0,2.9
Alav,1,2902,2902.0,3.6
Alankrutha,1,0,1418.0,4.5
Alankar Sweets & Bakers,1,512,512.0,4.4
Thai Pizza,1,0,1239.0,3.2
Texas Tower,1,0,374.0,2.6
Texas Cafe,1,0,2327.0,2.1
Tewary's kulfi,1,0,1826.0,1.4
Test,1,0,2606.0,4.8
Terrazza 9,1,769,769.0,4.7
Terrazo Bar,1,0,1332.0,4.7
Tephra Lounge,1,0,1231.0,4.1
Tender Fresh,1,0,1744.0,2.3
Ten Twisters,1,0,279.0,1.2
Ten 11 Grand,1,0,1964.0,1.3
Ten 11 Foods,1,0,200.0,4.6
Temptation,1,976,976.0,3.9
Telangana Ruchulu,1,0,2123.0,1.5
Tejas Dum Biryani,1,0,1628.0,4.0
Tejas Dhaba,1,1891,1891.0,3.3
The Abhiras- Radisson Jodhpur,1,0,351.0,3.9
The 7's cafe,1,0,1221.0,3.4
The 1st Brewhouse - The Corinthians,1,243,243.0,4.9
Tharavadu Family Restaurant,1,0,2311.0,4.2
Thaqwa Biryani,1,1244,1244.0,4.0
Thanmayi Inn,1,0,1879.0,2.7
Thangu Cake Shop,1,0,2517.0,4.1
Thangabali,1,3374,1687.0,2.0
Thancos Natural Ice Cream,1,0,207.0,4.3
Thanco's Natural Ice-Cream,1,0,2659.0,1.8
Thanco's Natural Ice Cream,1,3546,1773.0,2.5
Thambbi,1,1866,1866.0,1.3
Thali Master,1,1348,1348.0,4.7
Thakur Pan & Soda,1,0,2758.0,2.9
Thakkar Motiharji Mithaiwala,1,1236,1236.0,2.3
Thakkar Moti Harji Mithaiwala,1,2805,2805.0,4.3
The Barni House,1,0,1785.0,2.7
The Barn Grill,1,0,2131.0,1.5
The Barkhana,1,2291,2291.0,1.9
The Bark,1,0,1584.0,4.9
The Barbeque Company,1,0,2148.0,3.6
The Bangalore Cafe,1,0,1484.0,1.0
The Bandra Project by PizzaExpress,1,0,1986.0,4.0
The Bali's Cafe,1,0,2190.0,2.0
The Baking Room,1,0,2326.0,4.7
The Bakers,1,0,2453.0,3.1
The Baker's Nook,1,0,1935.0,1.4
The Baker's Home,1,0,252.0,3.3
The Backbenchers,1,0,1725.0,1.1
The Awadh Restaurant,1,0,2229.0,2.1
The Angry Chef,1,2814,2814.0,3.1
The All American Diner,1,0,2524.0,1.8
Al-Faiz Zaika Food Corner,1,1951,1951.0,4.3
Al-Bek,1,0,265.0,1.0
Al-Bake Chowk,1,2136,1068.0,4.2
Al-Baik Fried Chicken,1,0,1992.0,4.9
Al- Baik,1,0,2193.0,3.9
Al safaa Aappa kadai,1,0,1804.0,4.6
Al Zam Zam Veg Non-Veg Restaurant,1,1077,1077.0,3.4
Al Saad Fast Food,1,2117,2117.0,3.1
Al Osra,1,2542,2542.0,4.5
Al Majeed Agro Product,1,0,2416.0,1.2
Al Habeeb Restaurant,1,0,2814.0,3.0
Al Cafe Coffee d'Lite,1,2409,2409.0,1.0
The Beeda Specialist,1,0,1469.0,3.3
The Beanshot Cafe,1,0,2570.0,2.2
The Bean Journal,1,0,1085.0,3.4
The Basant Bahar,1,0,1098.0,2.4
The Blue Bar Cum Snacks,1,1721,1721.0,4.5
The Black Pearl,1,0,824.0,4.7
The Biryani Kitchen,1,347,347.0,3.8
The Biryani Inc.,1,0,2296.0,3.6
The Bing's,1,0,1890.0,1.0
The Bihari Dhaba,1,944,472.0,2.8
The Big Tamaasha Cafe,1,0,316.0,3.3
The Big Fuzen,1,3900,1950.0,4.7
The Big Falooda,1,0,2807.0,4.4
The Big F,1,0,2027.0,1.5
The Big Cup Theory,1,0,1207.0,1.5
The Big Chill Cafe,1,0,1265.0,2.2
The Bhanvi,1,2358,2358.0,2.5
The Benchmark,1,0,2451.0,4.1
The Belgian Waffle Co,1,2369,2369.0,2.3
The Belgian Fries Company,1,1471,1471.0,3.4
The Brownie Bakery,1,0,2122.0,1.0
The Brothers,1,0,2083.0,4.3
The Brooks Restaurant,1,263,263.0,2.9
The Bridge - Clarks Inn Grand,1,0,2025.0,3.1
The Brew Kitchen,1,1424,1424.0,4.3
The Brekkie Shop,1,0,713.0,1.1
The Breakfast Story,1,2960,1480.0,1.1
The Break Room,1,0,2363.0,2.5
The Branch Cafe,1,0,917.0,3.9
The Boston Cupcakery,1,0,2256.0,3.9
The Boston Butt,1,789,789.0,3.1
The Boring Cafe',1,2872,2872.0,2.8
The Bon Bon Bakers,1,0,2701.0,3.2
The Bombay Kitchn & Sanjha Chula,1,0,561.0,1.9
The Bombay Cartel,1,0,518.0,1.4
The Blue Diamond,1,0,1895.0,1.6
The Cake Factory,1,422,211.0,1.5
The Cake Express,1,930,930.0,1.8
The Cake Corner,1,203,203.0,2.0
The Cake Company,1,0,1994.0,3.4
The Cake Boss Bakers,1,0,732.0,3.4
The Cafe Baraco,1,0,2830.0,4.9
The Buzz Cafe,1,0,1354.0,3.2
The Butter Kitchen,1,0,1051.0,3.2
The Burger Time,1,0,1522.0,3.7
The Burger Lab,1,948,948.0,2.4
The Burger Factory @Urban Chowk,1,0,921.0,1.3
The Burger Club,1,0,726.0,2.2
The Burger Barn Cafe,1,736,368.0,3.8
The Bukhara,1,408,408.0,2.0
The Brunch House,1,0,695.0,3.4
The Brownie Club,1,0,1479.0,1.8
Al  Karim fast food,1,2179,2179.0,3.7
Akshay Sweets,1,0,2243.0,3.2
Akbar Soda,1,0,347.0,2.7
Akbar Mess,1,905,905.0,1.3
Akash Sweets Bakers And Restaurant,1,0,2613.0,2.0
Akash Fast Food and Restaurant,1,0,879.0,2.0
Ajjus Panchayat,1,0,1425.0,1.8
Ajit Khalsa Dhaba,1,0,2024.0,4.7
Ajeet Restaurant,1,0,1768.0,3.6
Ajay's,1,1908,1908.0,3.7
Ajay Khaste,1,0,2029.0,1.9
The Cake World Duetche Bakery,1,0,341.0,1.9
The Cake Story,1,0,2538.0,2.5
The Cake Smith,1,0,1789.0,2.8
The Cake Shop Bakery,1,1081,1081.0,3.6
The Cake Fiesta,1,2449,2449.0,4.6
The Cocktail,1,0,1978.0,4.0
The Clay Oven,1,0,567.0,3.7
The Cinnamon,1,978,978.0,3.5
The Chole Bhature Shop,1,0,1404.0,4.0
The China Kitchen,1,0,1723.0,2.8
The Chicken House,1,0,2558.0,1.2
The Cheesy Bond Cafe,1,2924,1462.0,3.3
The Cheese Truck,1,0,425.0,2.7
The Checkers,1,1649,1649.0,3.8
The Chacha's Biryani,1,0,945.0,2.0
The Centurion,1,0,1435.0,4.1
The Ccharcoal Chimney,1,386,386.0,4.5
The Casserole Of Happiness Cafe,1,393,393.0,2.0
The Cakewalk,1,2230,2230.0,3.2
Al Bake,1,0,1970.0,2.0
Al Ahad Muslim Biriyani,1,0,2148.0,1.0
The Daily Grinds,1,0,1249.0,4.0
The D Pizza,1,2182,2182.0,1.1
The Cycle Gap,1,0,587.0,3.0
The Cupcakery,1,0,1425.0,3.7
The Cupcake Company,1,0,2808.0,3.3
The Cube - Hotel Effotel,1,0,2274.0,2.0
The Crust,1,0,1762.0,2.0
The Crunch Box,1,0,2094.0,4.2
The Crunch Affair,1,0,893.0,3.0
The Crown Patisserie Cafe,1,2103,2103.0,2.0
The Creek - The Den Bengaluru,1,0,2096.0,3.4
The Creams,1,0,630.0,2.2
The Cookout Leauge,1,0,1946.0,4.0
The Cook,1,0,1735.0,3.0
The Colony Gastropub,1,0,1579.0,4.5
The Coffee Bar,1,0,1757.0,1.0
The Eatery - Four Points By Sheraton,1,327,327.0,4.9
The Eatery,1,0,2176.0,4.0
The Eaters,1,0,907.0,4.0
The EBR Cafe,1,0,748.0,3.7
The Drunken Monkey,1,0,2152.0,4.6
The Drunk Horses Pub,1,0,2940.0,2.9
The Drowning Street,1,0,1391.0,4.2
The Donuts,1,2135,2135.0,4.5
The Diet Studio,1,1124,562.0,2.4
The Dhosa.com,1,0,739.0,3.3
The Dhaba Cafe,1,0,1033.0,2.8
The Dhaaba,1,0,2153.0,3.1
The Dezzert Story,1,0,2423.0,4.1
The Deli - Taj Club House,1,0,2011.0,3.4
The Delhi Kitchen,1,0,2096.0,2.4
The Darjeeling,1,0,2860.0,1.6
The Food Studio - All Day Dining & Banquet,1,0,775.0,1.9
The Food Space,1,0,957.0,3.2
The Food Safari,1,0,2466.0,4.0
The Food Mood,1,0,1901.0,3.4
The Food Festival,1,0,2495.0,2.1
The Food City,1,0,919.0,1.6
The Flying Saucer Cafe,1,4492,2246.0,1.9
The Flint House,1,1275,1275.0,2.7
The Fit Kitchen,1,0,2420.0,3.9
The Fisherman's Wharf,1,0,2826.0,3.5
The Feast House,1,0,1759.0,1.8
The Feast,1,2324,2324.0,2.0
The Eyry,1,2758,2758.0,2.6
The Electric Room - The Lodhi,1,2997,2997.0,3.2
The Edition - Library Bar - The Residency Hotel,1,0,2216.0,4.3
The Eatery - Four Points by Sheraton,1,2664,2664.0,1.9
The Gossip Mill,1,3428,1714.0,3.2
The Good Food Co.,1,0,1371.0,3.4
The Gol Chakkar Cafe,1,5714,2857.0,3.7
The Goal Post,1,0,1023.0,4.7
The Globe Grub,1,0,922.0,2.3
The Glassy Junction,1,0,237.0,3.2
The German Bakers,1,1249,1249.0,2.1
The Ganache,1,0,273.0,2.1
The Gajkesari Multi Cuisine Restaurant,1,460,460.0,3.3
The Fry Box,1,0,2902.0,2.1
The Fruit Juicery,1,0,2881.0,3.9
The Fresh Express,1,0,2976.0,2.5
The French Door Cafe & Restaurant,1,2516,1258.0,4.3
The Fox Cafe,1,889,889.0,2.8
The Foundry- Industrial Bar & Sport,1,0,2968.0,3.6
The Forest,1,1298,1298.0,4.6
The Groove's Cafe,1,0,1627.0,3.1
The Grill Room - The Taj Mahal Hotel,1,0,2900.0,3.2
The Grill Room - The Lalit New Delhi,1,0,2523.0,3.7
The Grill Lab,1,0,1925.0,4.7
The Grill Avenue,1,0,2810.0,2.8
The Grill - The Gateway Hotel,1,0,2732.0,2.5
The Greedy Panda,1,0,1871.0,3.6
The Great Wall - The Leela Mumbai,1,0,1184.0,2.1
The Great Kabab Factory - Radisson Blu Marina,1,0,2791.0,1.1
The Great Kabab Factory - Radisson Blu,1,0,2479.0,1.9
The Great Kabab Factory,1,4452,2226.0,2.9
The Great Indian Kitchen,1,0,757.0,3.9
The Great Grand PA Cafe,1,231,231.0,4.8
The Great Bear,1,0,2233.0,4.5
The Grand Thakkar Restaurant,1,1651,1651.0,1.3
The Grand Regency-Dhola Maru,1,0,265.0,4.3
The Happiness Corner,1,0,1136.0,4.7
Ajay Dhaba,1,0,2463.0,3.5
Ajanta Cafeteria and Restaurant,1,0,2982.0,1.5
Aj Baker's,1,0,621.0,1.1
Aishwarya Drive Inn,1,0,2631.0,3.0
Aioli,1,0,1682.0,2.9
Aieroc  Resto Cafe,1,0,1120.0,1.7
Ahuja Icecream and Nutri Kulcha,1,2751,2751.0,4.6
Ahuja Chana Bhatura,1,0,1947.0,4.7
Ahaar Multicuisine Restaurant,1,0,1938.0,2.6
Ah So Yum,1,4454,2227.0,4.3
Agrawal Sweets,1,2588,2588.0,2.6
Agrawal Ji Ke Namkeen,1,0,1209.0,3.8
Agrawal Icecream,1,0,1088.0,2.6
Agrawal Chat,1,2529,2529.0,1.9
The Grub,1,0,2461.0,3.2
The Imperial Chaat,1,0,237.0,2.4
The Ice Cream Hub Amul,1,0,667.0,4.2
The Ice Cream & Coffee Bar,1,0,1963.0,5.0
The Hyderabad Times Cafe,1,0,2143.0,4.1
The Hyde-out Cafe,1,4100,2050.0,1.7
The Humming Tree,1,0,2699.0,4.4
The House Of Misal,1,0,1021.0,4.1
The Host,1,0,626.0,3.2
The Hook,1,0,386.0,1.4
The Hobbit Cafe,1,0,2377.0,3.2
The Hideout Bistro,1,0,1774.0,1.7
The Hide Out,1,0,838.0,1.3
The Hidden Lounge,1,0,2168.0,2.2
The Healthy Stop,1,0,2837.0,1.6
The Health Password,1,1809,1809.0,3.2
The Happy Feast Co,1,1446,1446.0,1.4
The Kati Roll Shop,1,0,946.0,2.6
The Kathi Roll Shop,1,0,473.0,4.7
The Kathi Crossing,1,439,439.0,2.9
The Kalika Hut,1,0,975.0,2.1
The Junkyard Cafe,1,2878,2878.0,3.6
The Jazz,1,0,215.0,2.7
The Jalalpur Cafe,1,1649,1649.0,1.1
The Jail Cafe,1,1537,1537.0,1.9
The Jacks,1,1952,1952.0,3.8
The Italian Hub,1,1733,1733.0,4.4
The Irani Cafe,1,0,2778.0,3.6
The Indiana Chief - Cafe & Restro,1,250,250.0,4.3
The Indian Tandoor,1,848,848.0,2.4
The Indian Spice,1,1698,1698.0,1.1
The Indi Grill,1,0,2986.0,2.4
The Imperial Tea Garden,1,550,550.0,4.4
Aggrawal Restaurant,1,0,2536.0,5.0
Aggarwal Misthan Bhandar And Catters,1,0,2283.0,1.5
Aggarwal Jalebi Wale,1,0,1534.0,3.1
Agarwal Lassi,1,565,565.0,2.8
Agarwal Kachora Bhandar,1,1597,1597.0,3.4
Agarwal Caterers,1,2095,2095.0,4.1
Agarwal Bhavan,1,1252,1252.0,4.6
Agadbam,1,0,2355.0,3.2
Afraa Deli,1,1566,1566.0,3.0
The Kudla Cafe,1,512,512.0,3.8
The Konkan Cafe - President,1,0,2170.0,2.1
The Konkan - Seafood Restaurant,1,0,709.0,4.8
The Kings Rolls n Shakes,1,0,2222.0,3.0
The Kerala Cafe,1,0,764.0,3.0
The Kebab's & Biryani,1,1292,1292.0,3.7
The Kebab Village By New Majestic,1,2164,2164.0,1.0
The Lounge,1,2015,2015.0,2.5
The London Shakes Cafe,1,2973,2973.0,3.9
The London Shakes & Chaat Chatore,1,0,2868.0,1.2
The London Curry House - The Royale Senate Hotel,1,0,438.0,1.2
The Locals Bar & Cafe,1,2256,2256.0,4.0
The Lobby Cafe - Hotel Radha Regent,1,448,448.0,3.7
The Little Easy,1,0,1907.0,5.0
The Little Door,1,0,1575.0,3.6
The Liquor Industry,1,0,1856.0,4.2
The Lemon Tree,1,0,1839.0,4.8
The League Sports Bar Lounge,1,0,1089.0,1.5
The Leafee,1,0,1751.0,1.9
The Laughing B,1,773,773.0,2.8
The Lassi Treat,1,0,1325.0,5.0
The Lassi Lounge,1,0,2273.0,4.2
Agra Zayka Family Restaurant,1,2674,2674.0,2.4
The Momos Nation,1,329,329.0,4.8
The Momo Panda,1,1783,1783.0,4.2
The Mist,1,0,609.0,4.7
The Mint Leaf Restaurant - Hotel Shiva Residency,1,0,1179.0,4.9
The Mini Punjab,1,0,1170.0,2.4
The Mill,1,2690,2690.0,2.2
The Mexicana - Ramada Resort,1,2489,2489.0,3.6
The Meadows,1,2036,1018.0,4.8
The Me 'N' U Cafe,1,0,503.0,2.2
The Masterchef Restaurant,1,1861,1861.0,3.0
The Mandarin,1,0,2809.0,2.2
The Maggi Center,1,0,2452.0,2.0
The Magari,1,0,362.0,1.6
The Madras Diner Multicuisine Restaurant,1,0,2918.0,2.2
The MaMa Shop,1,2851,2851.0,1.6
The Lounge Bar,1,1213,1213.0,2.2
The Oven Chef,1,0,1413.0,2.4
The Oriental Express- HHI,1,264,264.0,1.6
The Options Family Restaurant,1,0,1274.0,4.0
The Open Box,1,0,1237.0,3.9
The Only Place,1,2531,2531.0,3.8
The Old Cart,1,0,1272.0,2.7
The Oakwood Bar - Radisson Hotel,1,0,2975.0,1.8
The Nutrition Cafe,1,2794,2794.0,2.4
The Nukkad Cafe,1,2199,2199.0,3.9
The Nook - Aloft,1,2567,2567.0,4.5
The Night Spot,1,0,2519.0,2.2
The Night Jar,1,1469,1469.0,4.0
The New Dolphin Family Restaurant,1,0,2624.0,4.9
The Mughal's Dastarkhwan,1,864,864.0,2.2
The Mud Shakes,1,2621,2621.0,3.6
The Monarch - Terrace,1,0,1148.0,3.1
The Piano Man Gurugram,1,1159,1159.0,2.2
The Phoenix Club,1,0,1194.0,1.1
The PentHouse,1,0,1441.0,1.6
The Peg,1,0,1277.0,2.4
The Peddler's,1,0,401.0,4.8
The Pearl Gourmet Food,1,2643,2643.0,1.4
The Pavilion - The Renai Cochin,1,0,590.0,2.3
The Pavilion - Sarovar Portico,1,2689,2689.0,4.4
The Parries Hotel,1,0,1938.0,1.5
The Paratha Place,1,0,2485.0,4.2
The Paratha Factory,1,244,244.0,4.6
The Papad House,1,0,2913.0,4.8
The Pan.Com,1,0,1052.0,3.6
The Palate - Ramada Plaza,1,0,1767.0,3.9
The Palace View Restaurant,1,0,996.0,2.8
The Oven Classics,1,1325,1325.0,1.3
The Polo Bar - Sujan Rajmahal Palace Hotel,1,1367,1367.0,4.6
Advieh,1,2669,2669.0,1.3
Adiyodadi Cafe,1,1537,1537.0,1.8
Aditya Mishthan Bhandar,1,0,1591.0,4.6
Adhibagavan's Sweets & cakes Hotel,1,1533,1533.0,2.5
Adda Restaurant Cum Bar,1,0,576.0,3.4
Adarsh Bakery,1,0,1481.0,1.1
Acshayaa Homely Variety Meals,1,0,1504.0,4.5
Achanak Juice,1,0,1213.0,1.6
Accord,1,0,1788.0,3.8
Absolute Cafe,1,2629,2629.0,2.3
Abiss Restaurant,1,0,905.0,4.6
The Place - Touche The Sizzler,1,0,2002.0,2.6
The Pizza Dine,1,0,2731.0,3.0
The Pirates,1,0,1339.0,4.2
The Piano Man Jazz Club,1,2477,2477.0,3.0
The Roastery Coffee House,1,0,636.0,3.8
The Road House,1,0,673.0,3.6
The Road Chef,1,776,776.0,4.5
The Riverfront Grill,1,0,1371.0,4.9
The Riffing Cult,1,1041,1041.0,1.7
The Red Restro,1,0,319.0,3.4
The Real Cafe,1,2557,2557.0,3.0
The Rasoi Ghar,1,0,2834.0,2.8
The Raipur Kitchen,1,2775,2775.0,3.4
The Quick Wok,1,0,2993.0,4.6
The Punter House,1,0,2271.0,4.5
The Punjabis Swag,1,0,2955.0,3.2
The Punjabi Rasoi,1,754,754.0,2.9
The Pulp Factory,1,0,250.0,3.7
The Project Cafe,1,0,1466.0,2.0
The Porch Cafe,1,2604,2604.0,3.9
The Serial Griller,1,0,1149.0,1.6
The Second Crush,1,0,2757.0,3.9
The Samosa Factory,1,2874,2874.0,1.7
The Salt Grill - Hilton Bangalore Embassy Golflinks,1,0,2934.0,4.8
The Salt - Hotel Vijay Intercontinental,1,0,1431.0,2.6
The Salad Bar & Walnut Cafe,1,3544,1772.0,2.6
The Ruby Hilltop - Sunny's World,1,0,492.0,3.4
The Royal Dum Biryani,1,1550,1550.0,4.6
The Royal Crown,1,0,584.0,4.1
The Rooftree,1,0,2555.0,1.6
The Rolls Yard,1,0,767.0,3.5
The Rolls World,1,0,2892.0,4.9
The Rolling Stoves,1,0,484.0,4.0
The Rolling Stove,1,0,2405.0,2.5
The Rolling Cafe,1,2996,2996.0,3.7
The Rockyard,1,0,475.0,1.0
The Spice Room,1,2450,2450.0,1.5
The Spice Food Factory,1,0,717.0,2.9
The Spice Cottage,1,0,628.0,3.0
The Spice - Hablis Hotel,1,968,968.0,4.7
The Soda Fountain & Milk Bar,1,762,762.0,2.2
The Social Townhouse,1,0,1957.0,2.3
The Smoothie Bowl,1,0,2352.0,3.9
The Smoke,1,0,2254.0,2.6
The Slice - Radisson Blu GRT Hotel,1,0,2182.0,4.0
The Sizzling Salsa,1,0,2583.0,2.3
The Sheesha Arabian Night,1,2832,2832.0,3.2
The Shawarma King,1,0,985.0,2.5
The Shawarma Company,1,0,1589.0,3.4
The Shakes Factory,1,0,814.0,4.6
The Shake Art,1,0,1890.0,3.2
The Shack,1,0,1932.0,3.3
The Tea Lounge - Jaypee Palace Hotel,1,0,607.0,3.5
The Tea Crush,1,0,2828.0,4.9
The Taste Factory,1,0,2617.0,4.6
The Tandoori Junction,1,0,648.0,2.8
The Tandoor Restaurant,1,0,2032.0,3.4
The Table Cafe & Restro,1,1552,1552.0,3.0
The Table,1,0,687.0,2.5
The Sundae Shop,1,0,1465.0,3.2
The Sugar Fairy,1,2402,2402.0,3.8
The Street Bite,1,0,2153.0,1.5
The Street - The Park,1,495,495.0,3.4
The Steak Factory,1,2355,2355.0,4.8
The Square - Novotel Kochi Infopark,1,0,2567.0,4.0
The Spicy Junction,1,2426,2426.0,1.4
The Spice Wok,1,0,2178.0,4.8
The Spice Route - The Imperial,1,0,617.0,4.9
The Temple of Bacchus - The Renai Cochin,1,636,636.0,3.9
Abid's,1,0,764.0,4.0
Abhishek Thali Bhojnalya,1,2119,2119.0,4.9
Abhishek Pohaa Bhandaar,1,348,348.0,2.8
Abhishek Chinese Corner,1,0,1467.0,4.5
Abhiruchi Restaurant,1,0,1391.0,3.0
Abhay Cake House,1,0,803.0,2.8
Abar Khabo,1,0,1110.0,1.3
Abaking,1,2762,2762.0,1.8
Ab Chai Pe Charcha,1,1043,1043.0,1.4
Aashiq Khana,1,0,1151.0,3.1
Aashapura Tiffin Service,1,345,345.0,4.1
Aarya Chinese Centre,1,0,1217.0,2.9
Aarna Bhojnalaya,1,0,2965.0,1.3
Aar Kay Vaishno Dhaba,1,2446,1223.0,2.2
The Tea Story,1,0,1651.0,3.5
The Veg Express,1,0,2647.0,2.9
The Vault - Bar Stock Exchange,1,1445,1445.0,1.3
The Urban Tapri,1,562,562.0,2.0
The Urban Pendu Cafe,1,2052,2052.0,4.8
The Urban Masala,1,469,469.0,3.5
The Urban Mandrain,1,0,2778.0,4.8
The Urban Foundry,1,0,1258.0,1.5
The Urban Deck,1,2822,2822.0,2.3
The Urban Courtyard,1,1457,1457.0,4.1
The Urban Bhukkad,1,0,1186.0,4.3
The Twenty Fifth Hour - Clarion Hotel,1,2069,2069.0,3.1
The Tuff Chef,1,0,2332.0,2.5
The Trophy by Tomato's,1,547,547.0,3.6
The Thick Shake Factory,1,1636,1636.0,3.8
The Thekka,1,0,2387.0,2.8
The Terrace - Four Points by Sheraton Dehradun,1,0,2180.0,1.4
The Yellow Straw,1,0,2609.0,1.5
The Yahoo Foods & Cafe,1,0,2961.0,4.3
The Woking Mama,1,0,991.0,2.1
The Wingster - The Street,1,0,2076.0,4.0
The Wildfire,1,0,1787.0,2.7
The Wild West  Bar,1,0,2036.0,2.3
The Whitefield Arms Pub & Microbrewery,1,0,2319.0,2.9
The Waterfall Restaurant,1,2106,2106.0,1.5
The Waldorf,1,0,293.0,3.1
The Vintage Book Cafe,1,2360,2360.0,3.9
The Village Bakers,1,0,1956.0,1.7
The View Restaurant & Lounge,1,0,324.0,1.2
The Verandah - Taj Rambagh Palace,1,0,400.0,3.4
The Vellore Kitchen,1,0,1031.0,2.8
The Veggies Delight,1,0,1608.0,1.3
The Veg Factory,1,0,1874.0,4.3
Aai Chya Gavat,1,1534,1534.0,1.2
Aahar Restaurant,1,0,1340.0,2.7
Aaha Veg. Mess,1,0,1678.0,2.7
Aagrah,1,0,1631.0,2.3
Aagman Restaurant,1,0,559.0,4.8
Aadab- Dayal Paradise,1,0,2742.0,3.4
Aachi Chettinadu Hotel,1,0,931.0,2.5
Aabshaar - Ranbirs,1,0,1330.0,3.9
Aabacha Dhaba,1,704,704.0,3.9
Theka Chai Ka,1,2051,2051.0,2.7
Theka Cafe,1,629,629.0,2.6
Theka - The Piccadily,1,2327,2327.0,2.6
The pizza.com,1,1615,1615.0,3.0
The king's Bistro & Coffee House,1,0,951.0,2.1
The bread box,1,0,2741.0,4.7
The Zone - Mayflower,1,1103,1103.0,1.9
Tide - The Coffee Shop,1,1853,1853.0,2.3
Tibbs Frankie - Metro Hyper Market,1,0,2714.0,2.1
Tibbs Frankie,1,2820,2820.0,3.1
Thyme Pass Food,1,0,308.0,2.3
Thunder World,1,2956,2956.0,3.1
Thulasi Bakery,1,561,561.0,2.0
Thrillz,1,0,1123.0,4.1
Thoondil,1,2628,2628.0,2.8
Thom's Bakery,1,2741,2741.0,4.9
This & That Patisserie & Restaurant,1,5136,2568.0,4.7
Think Juice,1,0,1460.0,1.8
Theka Gym Da,1,0,616.0,2.1
Theka Coffee Da,1,2842,2842.0,2.1
Aaqa Dhaba,1,0,588.0,4.0
Aangan Restaurant & Bar,1,0,2405.0,4.5
Aaishri Sonal Krupa Kutchi Fastfood Zone,1,0,2611.0,4.5
Toccata,1,575,575.0,2.4
Toast & Tonic,1,1482,1482.0,1.5
Tmahroosh Bar - Ramada Plaza,1,0,744.0,2.0
Tirupati Dosa Center,1,1971,1971.0,3.3
Tirupati Balaji Madras Cafe,1,0,2972.0,2.4
Tirangi Rassa Misal,1,0,315.0,1.7
Tiqri - Taj Santacruz,1,0,2979.0,1.8
Tipsy Bull - The Bar Exchange,1,1992,1992.0,3.0
Times Cafe,1,1050,1050.0,2.8
Timeout Cafe,1,0,300.0,4.0
Time Out Popcorn,1,0,2376.0,3.8
Tikka Town,1,0,2019.0,3.9
Tiki Shack,1,0,1038.0,1.5
Tiger Trail - Royal Orchid Metropole,1,0,2953.0,4.5
Tiffin Hut,1,0,1238.0,1.4
Tien,1,2356,2356.0,1.8
Tott Kota,1,984,984.0,4.2
Toto's Garage,1,364,364.0,2.0
Tote On The Turf,1,0,2931.0,4.3
Total Refreshing Point,1,0,1263.0,5.0
Topaz,1,0,1106.0,3.0
Top Tea House,1,1295,1295.0,3.6
Top One Bakers,1,0,1274.0,3.8
Top Notch,1,1732,1732.0,2.0
Top N Town ( Camp ),1,0,698.0,2.1
Top In Town,1,606,606.0,1.5
Tonif,1,0,911.0,5.0
Tonico Cafe,1,762,381.0,3.4
Tonic,1,0,323.0,1.8
Toni Daa Dhaba,1,0,1859.0,2.5
Tolaram Sweets,1,545,545.0,1.7
Today Ice Cream,1,0,1476.0,1.9
Traditional Food Caterers - Zone By The Park,1,0,410.0,1.9
ATS Arun Dhaba,1,0,2214.0,1.6
ASHOK BAKERS AND CAKE SHOP,1,0,1529.0,4.8
AR Bombay Sandwich,1,0,250.0,3.2
AM PM,1,0,1699.0,3.5
AM Bakes,1,0,2283.0,3.7
AL-Baik Zone,1,0,2588.0,4.8
AL Hook Me Cafe,1,0,762.0,4.5
AK's Kitchen,1,1504,1504.0,1.9
AIR- An Ivory Region,1,0,1442.0,2.5
AFC Restaurant,1,2709,2709.0,1.6
AFC Non Veg Restaurant,1,1877,1877.0,2.5
ACS Chinese Flavour,1,0,1035.0,4.3
AB3 - Akkad Bakkad Bombay Boo,1,0,636.0,4.2
AB's Grill,1,0,2851.0,2.3
Town Hall,1,2243,2243.0,2.0
Truckshuk,1,0,1806.0,1.1
Trivedi Uphar Grah,1,0,261.0,4.2
Trivandrum Chicken Corner,1,0,2999.0,1.8
Tripti's,1,0,2322.0,4.9
Tripti Bhojnalaya,1,1771,1771.0,4.3
Tripti Bar & Nawab's Restaurant,1,708,708.0,2.4
Triple F,1,913,913.0,4.0
Trinath Sahoo Dahibara Aloodum,1,447,447.0,1.2
Trilogi By Crowne Plaza Kochi,1,2559,2559.0,3.4
Tribute,1,1767,1767.0,3.0
Tree House Cafe,1,0,2942.0,4.3
Treat Restaurant,1,0,2189.0,1.5
Treat Fast Food,1,0,1182.0,2.8
Treat Convenience Foods,1,0,1166.0,2.2
Traveller's Restaurant,1,0,1876.0,4.3
Traffic Gastropub,1,0,1520.0,4.6
Tummys Drive,1,0,1880.0,2.8
Tummy Fillers,1,0,2003.0,2.6
Tulsi Leaf,1,2624,2624.0,3.3
Tulsi Bhojnalaya,1,0,1523.0,3.8
Tulsi,1,425,425.0,3.1
Tuljai Bhojnalaya,1,0,179.0,4.9
Tuk Tuk,1,2380,2380.0,2.3
Ttamaasha Bistro Bar,1,0,588.0,2.3
Trèsind,1,0,1320.0,2.6
Trushashanti Ice Cream and Cold drinks,1,2696,2696.0,1.1
Trupti Food Avenue,1,786,786.0,1.0
Trupti Fast Food,1,0,250.0,2.5
Trupti Bhojnalaya,1,1148,1148.0,1.5
Truly Punjab,1,1224,1224.0,2.3
True Tramm Trunk,1,0,2151.0,2.2
Trucky Treat,1,0,1933.0,3.9
Two Trees,1,0,2644.0,1.2
Two Sticks,1,0,2033.0,3.7
Two Spoons,1,2283,2283.0,4.5
Two Fat Indian Multi Cuisine Restaurant,1,0,2976.0,3.9
Twistto,1,0,184.0,3.9
Twisting Scoops,1,0,1633.0,4.2
Twisties,1,2384,1192.0,3.2
Twisted,1,0,2861.0,2.6
Twist - Turyaa Chennai,1,0,1802.0,2.3
Twilight Take Out,1,0,241.0,4.5
Twenty Seven,1,0,670.0,4.1
Turnip,1,0,287.0,3.7
Turko Mughal - Ramada Plaza,1,0,2895.0,4.8
Turban Tales,1,1474,737.0,1.4
Turban Tadka,1,0,1629.0,2.5
Tumpa Kitchen,1,0,582.0,1.0
Udupi Shrikrishna Veg Restaurant,1,0,2269.0,4.8
Udta Punjab Cafe,1,0,548.0,4.8
Udipi's Upahar,1,0,865.0,4.5
Udipi Home,1,0,946.0,4.0
Udaipuri,1,0,1839.0,4.6
UV Specials,1,0,235.0,1.1
UV Cake House,1,0,2616.0,4.4
UP93 Restro And Lounge,1,0,2819.0,2.4
UP- 65,1,0,752.0,3.5
UNA - By Garde Manger,1,1725,1725.0,4.3
UBCR Cafe & Resto,1,4466,2233.0,4.7
U.S.Pizza,1,0,505.0,3.0
U.S. PIZZA,1,0,401.0,1.9
U Turn Kitchens,1,0,2794.0,3.9
U Tan Sea Resorts,1,366,366.0,3.7
U C Tea Centre,1,0,2931.0,2.9
Up and Above,1,2595,2595.0,2.8
Up & Above Cafe & Bar,1,0,2159.0,4.2
Unlimited Pizza,1,2021,2021.0,3.6
United Cakes of Vennington - Hotel Vennington Court,1,0,980.0,1.8
United Bakery,1,432,432.0,2.2
Unique Cafe,1,0,1600.0,4.3
Underdoggs Bar & Grill,1,2756,2756.0,1.3
Under 100 Food & Beverages,1,0,2865.0,2.3
Uncle Pizza,1,628,628.0,4.9
Umesha Sweets & Snacks,1,2091,2091.0,2.9
Umesha Sweets,1,0,1297.0,2.9
Umang Vaishno Bhojan Bhandar,1,208,208.0,4.3
Umami Patisserie and Boulangerie,1,799,799.0,4.2
Ujala Chaat Bhandar,1,2596,2596.0,4.1
Udupi Upahar,1,0,2566.0,2.7
Udupi Tiffin Center,1,2985,2985.0,2.7
Upom Sweets,1,0,1227.0,1.8
AARआ Cafe,1,0,2581.0,2.9
AADD (M) AADD (B),1,0,169.0,4.4
A2 To P2 Paratha,1,2698,2698.0,1.6
A1 Welfare Club,1,1133,1133.0,2.4
A1 Tandoori Restaurant,1,1791,1791.0,3.8
A1 Samosa,1,0,1533.0,2.7
A1 Relax Corner,1,0,1474.0,1.1
A1 Pulka Point,1,0,429.0,4.9
A1 Paratha,1,2754,2754.0,3.1
A1 Maggi Bhajiya @ Urban Chowk,1,2557,2557.0,4.5
A. R. President's Kitchen,1,0,1066.0,4.0
A-One Pavitra Bhojnalaya,1,0,317.0,1.2
A-One Fast Food,1,2034,2034.0,1.3
A-One Coco,1,1635,1635.0,3.9
A-One Bakery And Confectionery,1,0,1882.0,3.3
Urban Tadka Pure Veg,1,0,460.0,1.8
Urban Tadka,1,2775,2775.0,4.2
Urban Swad,1,2891,2891.0,2.7
Urban Street Café,1,1550,1550.0,2.1
Urban Spice Box - Zone By The Park,1,0,594.0,1.2
Urban Spatula,1,2230,1115.0,4.3
Urban Rasoi,1,0,1270.0,3.2
Urban Lokal Cafe,1,0,542.0,4.2
Urban Foodies,1,0,2397.0,4.5
Urban Flavours,1,2866,2866.0,3.2
Urban Flavors Restaurant,1,0,2592.0,3.6
Urban Dhaba,1,367,367.0,4.6
Ur Choice,1,807,807.0,1.8
Upvan,1,0,819.0,4.9
Upré by 1559 AD,1,0,2554.0,2.4
Upper Birth - Coral Isle Hotel,1,0,305.0,1.1
99 Dosai on Wheels,1,2221,2221.0,2.6
9834 The Fruit Window,1,0,2300.0,4.2
95 Pasta n Pizza Pure Veg,1,0,2374.0,1.9
80 Degrees East,1,3760,1880.0,2.6
8 Millet House,1,0,347.0,4.8
8 Ball Cafe,1,1872,1872.0,4.3
786 Restaurant,1,0,913.0,1.9
Uttam Food Court,1,0,205.0,3.3
Utsav Restaurant,1,2843,2843.0,3.4
Utsav - By Manbhavan,1,0,844.0,4.8
Utsav,1,0,901.0,2.9
Utopia Sky Lounge & Restaurant,1,1044,1044.0,4.5
Ustaad's Kitchen,1,1504,1504.0,3.2
Uss Da Dhaba,1,0,1625.0,3.6
Uruka,1,0,2251.0,2.3
Urbanbird Cafe & Restaurant,1,2471,2471.0,4.9
Vaishnava Pavitra Bhojnalaya,1,0,1936.0,2.6
Vaishnav Chaat Bhandar,1,2015,2015.0,2.8
Vaishali Bakery,1,0,2803.0,1.6
Vaidehi Rasoi,1,754,377.0,3.1
Vaibhavam Sweets & Restaurant,1,0,1629.0,2.9
Vadilal Ice Cream,1,0,845.0,3.9
Vaango!,1,2739,2739.0,4.5
Va Pho - Asian Canteen,1,0,1237.0,4.0
VISHAL FASTFOOD,1,2080,2080.0,1.0
VIP Pizza,1,0,1262.0,1.9
VADA FOOD PLAZA,1,0,2057.0,1.4
V Grill,1,2493,2493.0,1.4
A To Z Refreshments And Pan Parlour,1,0,2495.0,4.2
99 The Multicuisine Restaurant,1,0,1723.0,2.3
99 PanCakes,1,0,237.0,4.2
99 Only,1,0,342.0,3.0
Vatada Hotel & Guesthouse & Restaurant,1,0,1345.0,4.2
Vasudev Soda Shop,1,0,928.0,4.6
Vasco's - Hilton Chennai,1,0,179.0,3.0
Vapour Bar Exchange,1,5298,2649.0,2.5
Vantillu,1,2411,2411.0,1.5
Vans Pure Veg Restaurant,1,1852,1852.0,1.5
Vandey's,1,0,286.0,1.9
Vandana Sweets,1,0,2258.0,4.1
Van Lavino,1,0,2517.0,1.3
Vaishno The Cake Makers,1,0,2522.0,1.1
Vaishno Rasoi,1,0,716.0,3.4
Vaishno Food Point,1,0,1264.0,1.0
Vaishno Amrut Raskunj,1,0,1052.0,4.6
Vaishnavi Veg Point,1,0,968.0,3.4
Vaishnavi Bhojnalay,1,0,1720.0,1.9
Vaishnavi 39 Variety Dosa,1,0,1297.0,1.5
Velu Military Restaurant,1,0,2150.0,4.2
Vellore Cafe,1,0,507.0,4.4
Vellore Biryani,1,0,1289.0,1.7
"Vella Nation "" The Food Nation""",1,0,1307.0,2.6
Velchi,1,0,1708.0,1.4
Veggies,1,0,2548.0,2.4
Veggie Corner,1,0,1093.0,3.6
Vegas 21,1,2239,2239.0,2.3
Veg Treat,1,0,1609.0,3.1
Veg It,1,1701,1701.0,4.5
Veg Chinese Centre,1,1101,1101.0,3.5
Veg Bites,1,0,1025.0,3.0
Veer Ji,1,2565,2565.0,3.2
Veer Foods,1,0,215.0,2.2
Veenas Tiffin Centre,1,2547,2547.0,1.8
Veda Restaurant,1,2152,2152.0,3.9
Victoria,1,0,1393.0,2.3
Via-Kitchen,1,2502,1251.0,1.7
Via Indore,1,0,1327.0,2.6
Vetro Inn,1,0,1970.0,2.7
Vertigo - The High Life,1,0,2392.0,1.6
Verona Italica pizza,1,0,1328.0,3.1
Verma's,1,389,389.0,3.8
Verma Food House,1,0,1078.0,2.4
Verde,1,0,2432.0,1.7
Verbena Brewpub & Lounge,1,1451,1451.0,3.7
Veranda,1,0,2675.0,3.2999999999999994
Venkateswara Fast Food,1,0,2583.0,4.5
Venkatesh Bhavan,1,0,872.0,4.1
Velvety Food,1,0,692.0,1.4
Velvetiine,1,195,195.0,4.6
Velvet Bakers,1,0,946.0,3.8
Vikhroli Social,1,0,2180.0,3.4
Vijayshree Sandwich,1,0,1239.0,4.9
Vijayawadavari Sandya Andhra Mess,1,250,250.0,1.7
Vijayawada Bakery & Snacks,1,0,2151.0,4.9
Vijaya Durga Bojana Hotel,1,0,208.0,3.9
Vijaya Cool Drinks,1,0,1702.0,3.2
Vijay Sweets,1,0,1150.0,2.6
Vijay Snacks Corner,1,0,2817.0,3.7
Vijay Panjabi Khana,1,261,261.0,2.1
Vijay Dairy & Sweets,1,0,460.0,1.9
Vijay Bakers & Confectioners,1,0,1854.0,2.3
Vigour Bowl,1,239,239.0,3.9
Viet:Nom,1,0,1690.0,1.6
Vidhya Vaishno Dhaba,1,937,937.0,1.9
Vidarbha Vada Pav,1,0,1666.0,2.0
Victoria Club & Lounge,1,0,1604.0,2.3
Virasat The Heritage,1,2540,2540.0,1.3
Virasat Haveli,1,0,2989.0,2.5
Viraj Restaurant Parcel Point,1,357,357.0,1.1
Vir Da Dhaba,1,0,1838.0,1.6
Vipul Dudhiya Sweets,1,0,2246.0,3.2
Vintage Village,1,0,1414.0,2.7
Vinny's,1,0,1688.0,1.7
Vineela Yadlapalli Cakes,1,0,1373.0,3.6
Vinayak Marwari Bhojnalaya,1,543,543.0,4.2
Vinayak Faluda Gola,1,0,1543.0,4.1
Vinay Pavitra Bhojnalaya And Nasta Center,1,1110,1110.0,3.6
Vimpi's,1,0,1994.0,2.7
Viman Nagar Social,1,0,1552.0,3.7
Village Da Dhaba,1,0,2559.0,2.7
Village Aaharam - Organic Hotel,1,2120,2120.0,2.1
Vilej Test Ice Cream And Candy,1,0,984.0,1.6
Voodoo Sports Bar,1,2213,2213.0,3.7
Voltage,1,0,825.0,2.1
Volga Grand,1,3744,1872.0,1.8
Vithal Kamats Restaurant,1,0,2894.0,3.4
Vista,1,2279,2279.0,2.2
Vishvas Bhojanalaya,1,0,446.0,1.6
Vishranti Gruha,1,0,2684.0,4.6
Vishnu Paan Shop,1,0,987.0,2.6
Vishnu Chinese Fast Food,1,0,2193.0,1.5
Vishnees,1,0,2274.0,4.5
Vishalla,1,0,1850.0,1.8
Vishal Dhaba,1,604,604.0,1.2
Vishal Dairy Sweets & Ice Cream,1,0,2298.0,3.4
Vishal Bakers,1,0,875.0,4.3
Virk Fast Food,1,0,1952.0,3.0
Virendra Kumar Ramchandra Mishthan Bhand,1,1888,1888.0,1.9
73ML Music Lounge,1,0,1810.0,3.0
736 A.D.,1,1264,1264.0,4.8
70 Degrees East,1,0,2156.0,4.0
7-11 Bakers & Sweets,1,0,2436.0,1.5
7 Chaats,1,0,2780.0,1.4
6th Avenue,1,0,2801.0,3.2
64/6 -  Country Inn & Suites,1,552,552.0,4.9
601 - The Park,1,1240,620.0,3.6
50 Cents,1,0,2414.0,2.6
4M Biryani House,1,802,401.0,2.9
4700BC Gourmet Popcorn,1,0,735.0,4.7
46 Ounces Brewgarden,1,0,1411.0,4.4
3D Restro Lounge,1,0,258.0,1.0
Vrindavan Restaurant & Food Court,1,484,484.0,2.4
Vrandavan Garden Restaurant,1,0,2525.0,4.6
Vraj Gopal Dairy,1,0,2450.0,3.7
Waffle Stories,1,2131,2131.0,4.1
Waffle Magic,1,0,321.0,2.5
Waffle Island,1,0,337.0,2.8
Waffle Hut,1,788,788.0,2.7
Waffee House,1,0,1463.0,1.7
Wadekar Misal House,1,0,357.0,2.5
Wabi Sabi,1,0,2525.0,3.7
WXYZ - Hotel Aloft Coimbatore,1,0,2922.0,1.3
WTF! - Where's The Food,1,0,2588.0,1.3
WTF,1,0,1781.0,1.6
WOW! Momo On Wheels,1,717,717.0,4.2
WOSS - World of Sub's & Salad's,1,0,2149.0,1.6
W&M Lounge & Bar,1,0,2195.0,1.3
Vyankteshwara Hotel,1,0,606.0,3.1
Vrundavan Sweets & Restaurant,1,0,2330.0,2.0
Vrindavan Thali,1,2316,1158.0,1.6
Wat-A-Burger,1,0,2343.0,3.4
Wat-A-Biryani,1,2753,2753.0,3.0
Wangs Kitchen,1,0,1362.0,2.6
Wanchai By Kylin,1,0,2039.0,3.7
Waman Bhojnalaya,1,0,267.0,3.8
Walnut Bakers,1,0,547.0,1.9
Walker's Village,1,0,2143.0,3.9
Wake And Bake,1,0,202.0,2.1
Wake & Bake,1,1336,668.0,3.5
Wai Yu Mun Ching,1,0,1062.0,3.5
Waheguru Fast Food,1,1979,1979.0,4.4
Wah,1,0,2099.0,3.7
Wafflez,1,0,2986.0,2.7
Waffles Hut,1,2765,2765.0,4.3
Waffles & Crepes,1,0,2409.0,4.5
Waffle Walle,1,0,474.0,1.4
3D Dine and Lounge,1,1967,1967.0,4.4
"3B's - Buddies, Bar & Barbecues",1,0,1720.0,4.5
"3B's - Buddies, Bar & Barbecue",1,0,327.0,2.1
395 - The Chinese Place,1,0,2889.0,3.4
365 B.C.,1,0,2598.0,3.0
360° -  The Oberoi,1,0,1687.0,3.0
360°,1,0,640.0,4.7
360 Degrees,1,0,577.0,2.3
34 Chowringhee Lane Kathi Roll's,1,0,2840.0,2.1
32 Degree North East,1,0,1654.0,1.5
3 Wise Monkeys,1,0,2747.0,1.2
3 D's Restro Lounge,1,2543,2543.0,2.8
2nd Home,1,163,163.0,2.8
2Tree Coffee,1,0,2532.0,3.8
2R Kitchen,1,0,2387.0,3.6
Wat-a-Burger,1,660,660.0,2.0
White House Arabian & Malabar Cafe,1,0,1867.0,4.8
Whispering Winds,1,2425,2425.0,4.6
Whispering Bamboo - Blue Diamond,1,0,1159.0,1.6
Where Is The Food?,1,0,2015.0,1.9
Whatslife.in,1,0,2115.0,1.9
Whatsapp Khavsa & Alupuri Center,1,0,1977.0,3.1
What The Food,1,0,1269.0,3.3
What The Flavour,1,1500,1500.0,1.5
Wellington - Radisson Blu Kochi,1,2903,2903.0,3.0
Welcome Restaurant,1,0,1550.0,4.8
Welcome Omlette Center,1,2620,2620.0,4.5
Welcome Hotel,1,0,2324.0,4.6
Wee Go Cafe,1,0,1301.0,2.4
Wazwan,1,297,297.0,2.9
Wawa Fastorant,1,0,2137.0,4.4
Watz This Friday,1,0,394.0,2.0
Winter Palace,1,0,649.0,4.0
Winkingg Owl,1,0,955.0,3.4
Wings Bakers,1,0,2593.0,4.8
Windmills Craftworks,1,0,2486.0,2.7
Wilton Bakers,1,1498,1498.0,3.2
Willy's Momos,1,2515,2515.0,4.9
Willows,1,2501,2501.0,2.0
William Pereira Hotel,1,967,967.0,3.5
William John's Pizza,1,5660,2830.0,2.8
Wild Orchid restaurant - Central Courtyard Boutique Resort,1,1578,1578.0,2.1
WigglyWine,1,0,2842.0,3.6
Wife On Leave Restaurant,1,2716,2716.0,4.4
Wich Please,1,0,1616.0,1.6
White Rabbit,1,0,2592.0,3.1
White Potato,1,831,831.0,1.6
White Lantern,1,1464,1464.0,2.0
Woodstock Cafe - The Red Maple,1,0,710.0,2.1
Woodside Inn,1,0,1810.0,2.7
Woods Inn Restaurant,1,2321,2321.0,4.8
Woodman Pizza,1,0,754.0,2.3
Woodfried Pizza By Big Bite Cafe,1,0,446.0,3.9
Wooddy Jhone's Pizza,1,0,2718.0,1.1
Wood Smoked-Woodfired Pizza,1,5790,2895.0,4.6
Wood Restaurant,1,0,1646.0,2.1
Wongs Chinese,1,2638,2638.0,4.4
Wonder Cane,1,0,2668.0,2.3
WokTok - The Grand New Delhi,1,0,2731.0,2.2
Wok On Fire,1,0,1891.0,1.3
Wok Express,1,0,1634.0,2.5
Wok Chinese,1,0,321.0,4.1
Wise Owl,1,2292,2292.0,3.1
Winterfell,1,630,315.0,4.0
YORK St.,1,3426,1713.0,2.4
YOLO Cafe - #6 Hotels,1,0,1021.0,3.7
Y Cafe & Restaurant,1,0,2088.0,4.8
Xpress Biryani,1,0,1472.0,2.9
Xoomba - The Landmark Hotel,1,0,2945.0,4.3
XOzero,1,1860,1860.0,4.0
Writer's Cafe,1,2987,2987.0,3.3
Wrapstick 7.0,1,0,704.0,3.0
Wrapchik,1,0,957.0,3.0
Wrap It Up!,1,0,1952.0,3.9
Wow Food,1,0,567.0,1.5
Wow Champ And Momos,1,0,2023.0,1.7
World of Desserts,1,451,451.0,1.5
World Cuisine Cafe - Barnella,1,0,335.0,4.9
Woody's,1,0,2423.0,4.0
Woody Pizza,1,2872,2872.0,4.4
Yasmin Biryani,1,0,473.0,4.6
Yasin's Food Inn,1,656,328.0,2.1
Yashika Palace,1,0,302.0,3.8
Yarron da adda,1,0,1664.0,2.3
Yara Di Haveli,1,0,958.0,1.9
Yanchin - Asian Restaurant,1,0,846.0,4.0
Yamu's Panchayat,1,0,2057.0,4.9
Yakiniku - Hyatt Regency,1,0,1533.0,4.1
Yadav Dosa Bhandar,1,0,2506.0,3.7
Yadav Chole Bhature,1,800,400.0,3.5
Yaba Pan Shop,1,0,1509.0,3.8
Yaarana Pool Restaurant,1,0,1759.0,4.0
Yaal Veetusappadu,1,0,2223.0,2.3
Yaa Mohideen Biryani,1,0,602.0,1.1
Yaa Mohaideen Biryani,1,482,482.0,3.3
YOur's Chinese,1,2633,2633.0,3.7
Yollow Dessert,1,0,2052.0,4.1
Yogita's Kitchen Trails,1,0,1371.0,3.8
Yoghurt Studio,1,0,1596.0,2.2
Yo! Chow,1,5608,2804.0,4.2
Yo! China,1,1097,1097.0,1.5
Yo Yo Fast Food,1,2257,2257.0,4.1
Yo Yo Cafe,1,0,1439.0,3.0
Yo Pizza,1,0,793.0,4.4
Yo Momo,1,0,2890.0,3.8
Yo Meal,1,0,844.0,4.9
Yo China,1,0,626.0,4.5
Ymca Restaurant,1,0,1121.0,1.8
Yllo Food Cafe- G2C,1,0,1547.0,1.8
Yewale Amruttulya,1,427,427.0,1.7
Yellow Mirchi - Hotel City Park,1,286,286.0,4.9
Yauatcha,1,0,2648.0,2.1
Yummy Yoga,1,0,1161.0,4.7
Yummy Tummy (The Food Zone),1,0,2542.0,2.8
Yummy Rasoi,1,0,2139.0,1.4
Yummy Kabab Ghar,1,2677,2677.0,3.6
Yummy Frankie,1,2016,2016.0,4.7
Yummy Fast Food,1,292,292.0,2.6
Yummy Delight,1,0,2942.0,4.4
Yummy Cheese Burger,1,0,2434.0,4.3
Yummy Bitee,1,0,1783.0,2.6
Yummy Bakery,1,0,2352.0,2.1
Yummy And Tasty,1,1342,1342.0,1.7
Yummy 2 Pizza,1,0,1748.0,3.5
Yum Yum Cha,1,2168,2168.0,4.1
Yum Momo,1,0,2756.0,2.6
Yugo,1,0,1542.0,2.8
Yours Chinese Food,1,3400,1700.0,2.1
Zaitoon,1,1391,1391.0,3.5
Zaiqa Arabian Food Court,1,0,200.0,4.6
Zaikart,1,0,505.0,4.6
Zaika The Restro,1,0,2195.0,1.8
Zaika Restaurant & Fast Food,1,0,2839.0,4.7
Zaika Paratha & Fast Food,1,0,2356.0,4.6
Zaika Biryani Ka,1,0,242.0,4.3
Zaica Dine & Wine,1,2886,2886.0,3.1
Zafraan Family Restaurant,1,431,431.0,3.0
Zaffran,1,0,2047.0,1.1
Zaafran,1,1653,1653.0,3.6
Z27 By Cafe Lakecity,1,0,1470.0,1.9
Z Corner,1,0,608.0,4.2
Z Bar - Zone by The Park,1,0,1273.0,2.7
YummyWheels,1,2474,2474.0,1.4
Yummy Yummy Food Plaza,1,1125,1125.0,4.0
145 Kala Ghoda,1,0,1935.0,4.2
Zero Lounge,1,0,447.0,4.6
Zero Inn Restaurant,1,0,1073.0,2.8
Zero Degree,1,0,645.0,1.7
Zen Restaurant,1,0,2532.0,3.2
Zen - The Leela Palace,1,2293,2293.0,1.7
Zeeya Live Cake Studio,1,898,898.0,3.7
Zeeshan Restaurant - Apna Hyderabadi Food,1,0,1464.0,4.9
Zeenat Restaurant,1,1947,1947.0,1.9
Zayka New Singh's Tandoor,1,0,1906.0,4.5
Zayaka Restaurant,1,0,1979.0,1.9
Zamorin,1,0,1886.0,3.9
Zam Zam Restaurant,1,0,2645.0,4.3
Zam Zam Meats,1,0,658.0,4.6
Zam Zam,1,0,1065.0,4.7
Zaki's Bawarchi,1,0,1465.0,1.7
1000 Oaks,1,756,756.0,2.4
yo yo biryani,1,0,445.0,4.3
Zytun - The Restaurant,1,1298,1298.0,2.9
Zwarma,1,0,317.0,4.1
Zuki Malaysian Street Food,1,0,543.0,3.5
Zuka,1,0,2704.0,3.3
Zucca Pizzeria,1,2459,2459.0,3.4
Zouk,1,0,2043.0,2.7
Zoom Restaurant,1,0,1032.0,2.5
Zomsa,1,0,913.0,1.6
Ziya - The Oberoi Mumbai,1,2550,2550.0,3.3
Zinaldia,1,0,1608.0,3.0
Ziffy Cafe,1,0,461.0,1.2
Zeta - Hyatt Regency Pune,1,0,1331.0,1.9
Zesti Arabia,1,0,717.0,2.6
Zero Point Paan,1,0,1918.0,2.8
test IIT Kharagpur,1,0,2582.0,1.5
solitaire the food court,1,0,1043.0,2.2
my pizza and chaap junction,1,2965,2965.0,1.1
krishna chat bhandar,1,347,347.0,2.9
ganga sweet house,1,0,1611.0,4.9
fnpCakes ‘n’ More,1,0,2493.0,2.4
fnpCakes 'n' More,1,173,173.0,3.9
fantasy Bakery shop,1,0,2254.0,1.1
esco hill cafe,1,0,963.0,1.2
brijrass misthan bhandhar,1,0,2971.0,3.3
12 to 12 Downtown,1,0,2819.0,3.7
12 AM - Hotel Somdeep Palace,1,0,1453.0,4.1
11 Ten Cafe N Resto,1,0,2265.0,3.0
11 Plates Food Cafe,1,0,1030.0,1.9
10th Street Club & Lounge,1,0,875.0,3.1
101% Your's Vegetarian Kitchen,1,0,1363.0,2.0
